solid OpenSCAD_Model
  facet normal -0.843393 -0.537297 0
    outer loop
      vertex 61.2252 43.7503 76.5175
      vertex 61.2252 43.7503 88.9
      vertex 55.4251 52.8547 88.9
    endloop
  endfacet
  facet normal -0.843393 -0.537296 0
    outer loop
      vertex 61.2252 43.7503 12.3825
      vertex 61.2252 43.7503 22.225
      vertex 56.6333 50.9582 22.225
    endloop
  endfacet
  facet normal -0.843393 -0.537297 0
    outer loop
      vertex 55.4251 52.8547 0
      vertex 61.2252 43.7503 0
      vertex 61.2252 43.7503 3.33375
    endloop
  endfacet
  facet normal -0.843393 -0.537297 -0
    outer loop
      vertex 61.2252 43.7503 76.5175
      vertex 55.4251 52.8547 88.9
      vertex 61.2252 43.7503 66.675
    endloop
  endfacet
  facet normal -0.843393 -0.537297 0
    outer loop
      vertex 61.2252 43.7503 3.33375
      vertex 61.2252 43.7503 12.3825
      vertex 55.4251 52.8547 0
    endloop
  endfacet
  facet normal -0.843393 -0.537297 2.18933e-07
    outer loop
      vertex 55.4251 52.8547 0
      vertex 61.2252 43.7503 12.3825
      vertex 56.6333 50.9582 22.225
    endloop
  endfacet
  facet normal -0.843392 -0.537298 0
    outer loop
      vertex 55.4251 52.8547 0
      vertex 56.6333 50.9582 22.225
      vertex 55.4251 52.8547 88.9
    endloop
  endfacet
  facet normal -0.843392 -0.537298 0
    outer loop
      vertex 55.4251 52.8547 88.9
      vertex 56.6333 50.9582 22.225
      vertex 56.6333 50.9582 66.675
    endloop
  endfacet
  facet normal -0.843393 -0.537296 -2.44443e-07
    outer loop
      vertex 55.4251 52.8547 88.9
      vertex 56.6333 50.9582 66.675
      vertex 61.2252 43.7503 66.675
    endloop
  endfacet
  facet normal 0.84017 0.535233 -0.0874048
    outer loop
      vertex 66.8485 47.3327 52.705
      vertex 65.1426 50.0105 52.705
      vertex 66.8689 47.3457 52.9807
    endloop
  endfacet
  facet normal 0.84017 0.535233 -0.0874048
    outer loop
      vertex 66.8689 47.3457 52.9807
      vertex 65.1426 50.0105 52.705
      vertex 65.163 50.0235 52.9807
    endloop
  endfacet
  facet normal 0.814657 0.518979 -0.258833
    outer loop
      vertex 66.8689 47.3457 52.9807
      vertex 65.163 50.0235 52.9807
      vertex 66.9293 47.3842 53.248
    endloop
  endfacet
  facet normal 0.814689 0.519019 -0.258652
    outer loop
      vertex 66.9293 47.3842 53.248
      vertex 65.163 50.0235 52.9807
      vertex 65.2234 50.0619 53.248
    endloop
  endfacet
  facet normal 0.764373 0.486964 -0.422611
    outer loop
      vertex 66.9293 47.3842 53.248
      vertex 65.2234 50.0619 53.248
      vertex 67.0279 47.447 53.4987
    endloop
  endfacet
  facet normal 0.764318 0.486911 -0.42277
    outer loop
      vertex 67.0279 47.447 53.4987
      vertex 65.2234 50.0619 53.248
      vertex 65.322 50.1248 53.4987
    endloop
  endfacet
  facet normal 0.690836 0.440099 -0.573636
    outer loop
      vertex 67.0279 47.447 53.4987
      vertex 65.322 50.1248 53.4987
      vertex 67.1618 47.5323 53.7254
    endloop
  endfacet
  facet normal 0.690836 0.440099 -0.573636
    outer loop
      vertex 67.1618 47.5323 53.7254
      vertex 65.322 50.1248 53.4987
      vertex 65.4559 50.2101 53.7254
    endloop
  endfacet
  facet normal 0.59648 0.379989 -0.70698
    outer loop
      vertex 67.1618 47.5323 53.7254
      vertex 65.4559 50.2101 53.7254
      vertex 67.3268 47.6374 53.9211
    endloop
  endfacet
  facet normal 0.59648 0.379989 -0.70698
    outer loop
      vertex 67.3268 47.6374 53.9211
      vertex 65.4559 50.2101 53.7254
      vertex 65.6209 50.3152 53.9211
    endloop
  endfacet
  facet normal 0.483678 0.308129 -0.819214
    outer loop
      vertex 67.3268 47.6374 53.9211
      vertex 65.6209 50.3152 53.9211
      vertex 67.518 47.7592 54.0798
    endloop
  endfacet
  facet normal 0.483678 0.308129 -0.819214
    outer loop
      vertex 67.518 47.7592 54.0798
      vertex 65.6209 50.3152 53.9211
      vertex 65.8121 50.437 54.0798
    endloop
  endfacet
  facet normal 0.356555 0.227144 -0.906242
    outer loop
      vertex 67.518 47.7592 54.0798
      vertex 65.8121 50.437 54.0798
      vertex 67.7295 47.894 54.1968
    endloop
  endfacet
  facet normal 0.356613 0.22719 -0.906207
    outer loop
      vertex 67.7295 47.894 54.1968
      vertex 65.8121 50.437 54.0798
      vertex 66.0236 50.5717 54.1968
    endloop
  endfacet
  facet normal 0.218253 0.139044 -0.965936
    outer loop
      vertex 67.7295 47.894 54.1968
      vertex 66.0236 50.5717 54.1968
      vertex 67.9549 48.0376 54.2684
    endloop
  endfacet
  facet normal 0.218253 0.139044 -0.965936
    outer loop
      vertex 67.9549 48.0376 54.2684
      vertex 66.0236 50.5717 54.1968
      vertex 66.249 50.7153 54.2684
    endloop
  endfacet
  facet normal 0.0734537 0.0467956 -0.9962
    outer loop
      vertex 67.9549 48.0376 54.2684
      vertex 66.249 50.7153 54.2684
      vertex 68.1874 48.1857 54.2925
    endloop
  endfacet
  facet normal 0.0734403 0.0467853 -0.996202
    outer loop
      vertex 68.1874 48.1857 54.2925
      vertex 66.249 50.7153 54.2684
      vertex 66.4815 50.8635 54.2925
    endloop
  endfacet
  facet normal -0.0734545 -0.0467944 -0.9962
    outer loop
      vertex 68.1874 48.1857 54.2925
      vertex 66.4815 50.8635 54.2925
      vertex 68.4199 48.3338 54.2684
    endloop
  endfacet
  facet normal -0.0734545 -0.0467944 -0.9962
    outer loop
      vertex 68.4199 48.3338 54.2684
      vertex 66.4815 50.8635 54.2925
      vertex 66.714 51.0116 54.2684
    endloop
  endfacet
  facet normal -0.218191 -0.138999 -0.965956
    outer loop
      vertex 68.4199 48.3338 54.2684
      vertex 66.714 51.0116 54.2684
      vertex 68.6454 48.4774 54.1968
    endloop
  endfacet
  facet normal -0.218252 -0.139046 -0.965936
    outer loop
      vertex 68.6454 48.4774 54.1968
      vertex 66.714 51.0116 54.2684
      vertex 66.9394 51.1552 54.1968
    endloop
  endfacet
  facet normal -0.356549 -0.227154 -0.906242
    outer loop
      vertex 68.6454 48.4774 54.1968
      vertex 66.9394 51.1552 54.1968
      vertex 68.8569 48.6122 54.0798
    endloop
  endfacet
  facet normal -0.356515 -0.227127 -0.906262
    outer loop
      vertex 68.8569 48.6122 54.0798
      vertex 66.9394 51.1552 54.1968
      vertex 67.151 51.2899 54.0798
    endloop
  endfacet
  facet normal -0.483673 -0.308137 -0.819214
    outer loop
      vertex 68.8569 48.6122 54.0798
      vertex 67.151 51.2899 54.0798
      vertex 69.0481 48.734 53.9211
    endloop
  endfacet
  facet normal -0.483786 -0.308227 -0.819114
    outer loop
      vertex 69.0481 48.734 53.9211
      vertex 67.151 51.2899 54.0798
      vertex 67.3421 51.4117 53.9211
    endloop
  endfacet
  facet normal -0.596463 -0.380015 -0.70698
    outer loop
      vertex 69.0481 48.734 53.9211
      vertex 67.3421 51.4117 53.9211
      vertex 69.2131 48.8391 53.7254
    endloop
  endfacet
  facet normal -0.596269 -0.379855 -0.707229
    outer loop
      vertex 69.2131 48.8391 53.7254
      vertex 67.3421 51.4117 53.9211
      vertex 67.5072 51.5169 53.7254
    endloop
  endfacet
  facet normal -0.690957 -0.440176 -0.573432
    outer loop
      vertex 69.2131 48.8391 53.7254
      vertex 67.5072 51.5169 53.7254
      vertex 69.3469 48.9244 53.4987
    endloop
  endfacet
  facet normal -0.691026 -0.440237 -0.573302
    outer loop
      vertex 69.3469 48.9244 53.4987
      vertex 67.5072 51.5169 53.7254
      vertex 67.641 51.6021 53.4987
    endloop
  endfacet
  facet normal -0.764274 -0.486901 -0.422861
    outer loop
      vertex 69.3469 48.9244 53.4987
      vertex 67.641 51.6021 53.4987
      vertex 69.4456 48.9872 53.248
    endloop
  endfacet
  facet normal -0.764306 -0.486932 -0.42277
    outer loop
      vertex 69.4456 48.9872 53.248
      vertex 67.641 51.6021 53.4987
      vertex 67.7396 51.665 53.248
    endloop
  endfacet
  facet normal -0.814643 -0.519001 -0.258833
    outer loop
      vertex 69.4456 48.9872 53.248
      vertex 67.7396 51.665 53.248
      vertex 69.506 49.0257 52.9807
    endloop
  endfacet
  facet normal -0.814643 -0.519001 -0.258833
    outer loop
      vertex 69.506 49.0257 52.9807
      vertex 67.7396 51.665 53.248
      vertex 67.8 51.7035 52.9807
    endloop
  endfacet
  facet normal -0.840178 -0.535269 -0.0871024
    outer loop
      vertex 69.506 49.0257 52.9807
      vertex 67.8 51.7035 52.9807
      vertex 69.5263 49.0387 52.705
    endloop
  endfacet
  facet normal -0.840176 -0.535256 -0.0872121
    outer loop
      vertex 69.5263 49.0387 52.705
      vertex 67.8 51.7035 52.9807
      vertex 67.8204 51.7164 52.705
    endloop
  endfacet
  facet normal 0.84017 0.535233 -0.0874048
    outer loop
      vertex 66.8485 47.3327 80.645
      vertex 65.1426 50.0105 80.645
      vertex 66.8689 47.3457 80.9207
    endloop
  endfacet
  facet normal 0.84017 0.535233 -0.0874048
    outer loop
      vertex 66.8689 47.3457 80.9207
      vertex 65.1426 50.0105 80.645
      vertex 65.163 50.0235 80.9207
    endloop
  endfacet
  facet normal 0.814657 0.518979 -0.258833
    outer loop
      vertex 66.8689 47.3457 80.9207
      vertex 65.163 50.0235 80.9207
      vertex 66.9293 47.3842 81.188
    endloop
  endfacet
  facet normal 0.814689 0.519019 -0.258652
    outer loop
      vertex 66.9293 47.3842 81.188
      vertex 65.163 50.0235 80.9207
      vertex 65.2234 50.0619 81.188
    endloop
  endfacet
  facet normal 0.764427 0.486999 -0.422472
    outer loop
      vertex 66.9293 47.3842 81.188
      vertex 65.2234 50.0619 81.188
      vertex 67.0279 47.447 81.4388
    endloop
  endfacet
  facet normal 0.764373 0.486946 -0.422632
    outer loop
      vertex 67.0279 47.447 81.4388
      vertex 65.2234 50.0619 81.188
      vertex 65.322 50.1248 81.4388
    endloop
  endfacet
  facet normal 0.690736 0.440035 -0.573806
    outer loop
      vertex 67.0279 47.447 81.4388
      vertex 65.322 50.1248 81.4388
      vertex 67.1618 47.5323 81.6654
    endloop
  endfacet
  facet normal 0.690736 0.440035 -0.573806
    outer loop
      vertex 67.1618 47.5323 81.6654
      vertex 65.322 50.1248 81.4388
      vertex 65.4559 50.2101 81.6654
    endloop
  endfacet
  facet normal 0.59648 0.379989 -0.70698
    outer loop
      vertex 67.1618 47.5323 81.6654
      vertex 65.4559 50.2101 81.6654
      vertex 67.3268 47.6374 81.8611
    endloop
  endfacet
  facet normal 0.59648 0.379989 -0.70698
    outer loop
      vertex 67.3268 47.6374 81.8611
      vertex 65.4559 50.2101 81.6654
      vertex 65.6209 50.3152 81.8611
    endloop
  endfacet
  facet normal 0.483678 0.308129 -0.819214
    outer loop
      vertex 67.3268 47.6374 81.8611
      vertex 65.6209 50.3152 81.8611
      vertex 67.518 47.7592 82.0198
    endloop
  endfacet
  facet normal 0.483678 0.308129 -0.819214
    outer loop
      vertex 67.518 47.7592 82.0198
      vertex 65.6209 50.3152 81.8611
      vertex 65.8121 50.437 82.0198
    endloop
  endfacet
  facet normal 0.356555 0.227144 -0.906242
    outer loop
      vertex 67.518 47.7592 82.0198
      vertex 65.8121 50.437 82.0198
      vertex 67.7295 47.894 82.1368
    endloop
  endfacet
  facet normal 0.356613 0.22719 -0.906207
    outer loop
      vertex 67.7295 47.894 82.1368
      vertex 65.8121 50.437 82.0198
      vertex 66.0236 50.5717 82.1368
    endloop
  endfacet
  facet normal 0.218253 0.139044 -0.965936
    outer loop
      vertex 67.7295 47.894 82.1368
      vertex 66.0236 50.5717 82.1368
      vertex 67.9549 48.0376 82.2084
    endloop
  endfacet
  facet normal 0.218253 0.139044 -0.965936
    outer loop
      vertex 67.9549 48.0376 82.2084
      vertex 66.0236 50.5717 82.1368
      vertex 66.249 50.7153 82.2084
    endloop
  endfacet
  facet normal 0.0734537 0.0467956 -0.9962
    outer loop
      vertex 67.9549 48.0376 82.2084
      vertex 66.249 50.7153 82.2084
      vertex 68.1874 48.1857 82.2325
    endloop
  endfacet
  facet normal 0.0734403 0.0467853 -0.996202
    outer loop
      vertex 68.1874 48.1857 82.2325
      vertex 66.249 50.7153 82.2084
      vertex 66.4815 50.8635 82.2325
    endloop
  endfacet
  facet normal -0.0734545 -0.0467944 -0.9962
    outer loop
      vertex 68.1874 48.1857 82.2325
      vertex 66.4815 50.8635 82.2325
      vertex 68.4199 48.3338 82.2084
    endloop
  endfacet
  facet normal -0.0734545 -0.0467944 -0.9962
    outer loop
      vertex 68.4199 48.3338 82.2084
      vertex 66.4815 50.8635 82.2325
      vertex 66.714 51.0116 82.2084
    endloop
  endfacet
  facet normal -0.218191 -0.138999 -0.965956
    outer loop
      vertex 68.4199 48.3338 82.2084
      vertex 66.714 51.0116 82.2084
      vertex 68.6454 48.4774 82.1368
    endloop
  endfacet
  facet normal -0.218252 -0.139046 -0.965936
    outer loop
      vertex 68.6454 48.4774 82.1368
      vertex 66.714 51.0116 82.2084
      vertex 66.9394 51.1552 82.1368
    endloop
  endfacet
  facet normal -0.356549 -0.227154 -0.906242
    outer loop
      vertex 68.6454 48.4774 82.1368
      vertex 66.9394 51.1552 82.1368
      vertex 68.8569 48.6122 82.0198
    endloop
  endfacet
  facet normal -0.356515 -0.227127 -0.906262
    outer loop
      vertex 68.8569 48.6122 82.0198
      vertex 66.9394 51.1552 82.1368
      vertex 67.151 51.2899 82.0198
    endloop
  endfacet
  facet normal -0.483673 -0.308137 -0.819214
    outer loop
      vertex 68.8569 48.6122 82.0198
      vertex 67.151 51.2899 82.0198
      vertex 69.0481 48.734 81.8611
    endloop
  endfacet
  facet normal -0.483786 -0.308227 -0.819114
    outer loop
      vertex 69.0481 48.734 81.8611
      vertex 67.151 51.2899 82.0198
      vertex 67.3421 51.4117 81.8611
    endloop
  endfacet
  facet normal -0.596463 -0.380015 -0.70698
    outer loop
      vertex 69.0481 48.734 81.8611
      vertex 67.3421 51.4117 81.8611
      vertex 69.2131 48.8391 81.6654
    endloop
  endfacet
  facet normal -0.596269 -0.379855 -0.707229
    outer loop
      vertex 69.2131 48.8391 81.6654
      vertex 67.3421 51.4117 81.8611
      vertex 67.5072 51.5169 81.6654
    endloop
  endfacet
  facet normal -0.690856 -0.440112 -0.573602
    outer loop
      vertex 69.2131 48.8391 81.6654
      vertex 67.5072 51.5169 81.6654
      vertex 69.3469 48.9244 81.4388
    endloop
  endfacet
  facet normal -0.690926 -0.440173 -0.573471
    outer loop
      vertex 69.3469 48.9244 81.4388
      vertex 67.5072 51.5169 81.6654
      vertex 67.641 51.6021 81.4388
    endloop
  endfacet
  facet normal -0.764329 -0.486936 -0.422723
    outer loop
      vertex 69.3469 48.9244 81.4388
      vertex 67.641 51.6021 81.4388
      vertex 69.4456 48.9872 81.188
    endloop
  endfacet
  facet normal -0.76436 -0.486966 -0.422632
    outer loop
      vertex 69.4456 48.9872 81.188
      vertex 67.641 51.6021 81.4388
      vertex 67.7396 51.665 81.188
    endloop
  endfacet
  facet normal -0.814643 -0.519001 -0.258833
    outer loop
      vertex 69.4456 48.9872 81.188
      vertex 67.7396 51.665 81.188
      vertex 69.506 49.0257 80.9207
    endloop
  endfacet
  facet normal -0.814643 -0.519001 -0.258833
    outer loop
      vertex 69.506 49.0257 80.9207
      vertex 67.7396 51.665 81.188
      vertex 67.8 51.7035 80.9207
    endloop
  endfacet
  facet normal -0.840178 -0.535269 -0.0871024
    outer loop
      vertex 69.506 49.0257 80.9207
      vertex 67.8 51.7035 80.9207
      vertex 69.5263 49.0387 80.645
    endloop
  endfacet
  facet normal -0.840176 -0.535256 -0.0872121
    outer loop
      vertex 69.5263 49.0387 80.645
      vertex 67.8 51.7035 80.9207
      vertex 67.8204 51.7164 80.645
    endloop
  endfacet
  facet normal 0.840185 0.535242 -0.0872121
    outer loop
      vertex 90.4129 62.3449 80.645
      vertex 88.707 65.0227 80.645
      vertex 90.4333 62.3578 80.9207
    endloop
  endfacet
  facet normal 0.840193 0.535278 -0.0869097
    outer loop
      vertex 90.4333 62.3578 80.9207
      vertex 88.707 65.0227 80.645
      vertex 88.7273 65.0356 80.9207
    endloop
  endfacet
  facet normal 0.814643 0.519001 -0.258833
    outer loop
      vertex 90.4333 62.3578 80.9207
      vertex 88.7273 65.0356 80.9207
      vertex 90.4937 62.3963 81.188
    endloop
  endfacet
  facet normal 0.814643 0.519001 -0.258833
    outer loop
      vertex 90.4937 62.3963 81.188
      vertex 88.7273 65.0356 80.9207
      vertex 88.7877 65.0741 81.188
    endloop
  endfacet
  facet normal 0.76436 0.486966 -0.422632
    outer loop
      vertex 90.4937 62.3963 81.188
      vertex 88.7877 65.0741 81.188
      vertex 90.5923 62.4592 81.4388
    endloop
  endfacet
  facet normal 0.764329 0.486936 -0.422723
    outer loop
      vertex 90.5923 62.4592 81.4388
      vertex 88.7877 65.0741 81.188
      vertex 88.8864 65.1369 81.4388
    endloop
  endfacet
  facet normal 0.690805 0.440096 -0.573676
    outer loop
      vertex 90.5923 62.4592 81.4388
      vertex 88.8864 65.1369 81.4388
      vertex 90.7262 62.5444 81.6654
    endloop
  endfacet
  facet normal 0.690845 0.44013 -0.573602
    outer loop
      vertex 90.7262 62.5444 81.6654
      vertex 88.8864 65.1369 81.4388
      vertex 89.0202 65.2222 81.6654
    endloop
  endfacet
  facet normal 0.596388 0.379953 -0.707077
    outer loop
      vertex 90.7262 62.5444 81.6654
      vertex 89.0202 65.2222 81.6654
      vertex 90.8912 62.6496 81.8611
    endloop
  endfacet
  facet normal 0.596463 0.380015 -0.70698
    outer loop
      vertex 90.8912 62.6496 81.8611
      vertex 89.0202 65.2222 81.6654
      vertex 89.1852 65.3273 81.8611
    endloop
  endfacet
  facet normal 0.483665 0.30815 -0.819214
    outer loop
      vertex 90.8912 62.6496 81.8611
      vertex 89.1852 65.3273 81.8611
      vertex 91.0824 62.7714 82.0198
    endloop
  endfacet
  facet normal 0.483665 0.30815 -0.819214
    outer loop
      vertex 91.0824 62.7714 82.0198
      vertex 89.1852 65.3273 81.8611
      vertex 89.3764 65.4491 82.0198
    endloop
  endfacet
  facet normal 0.356607 0.2272 -0.906207
    outer loop
      vertex 91.0824 62.7714 82.0198
      vertex 89.3764 65.4491 82.0198
      vertex 91.2939 62.9061 82.1368
    endloop
  endfacet
  facet normal 0.356549 0.227154 -0.906242
    outer loop
      vertex 91.2939 62.9061 82.1368
      vertex 89.3764 65.4491 82.0198
      vertex 89.5879 65.5839 82.1368
    endloop
  endfacet
  facet normal 0.218252 0.139046 -0.965936
    outer loop
      vertex 91.2939 62.9061 82.1368
      vertex 89.5879 65.5839 82.1368
      vertex 91.5193 63.0497 82.2084
    endloop
  endfacet
  facet normal 0.218191 0.138999 -0.965956
    outer loop
      vertex 91.5193 63.0497 82.2084
      vertex 89.5879 65.5839 82.1368
      vertex 89.8134 65.7275 82.2084
    endloop
  endfacet
  facet normal 0.0734545 0.0467944 -0.9962
    outer loop
      vertex 91.5193 63.0497 82.2084
      vertex 89.8134 65.7275 82.2084
      vertex 91.7518 63.1978 82.2325
    endloop
  endfacet
  facet normal 0.0734545 0.0467944 -0.9962
    outer loop
      vertex 91.7518 63.1978 82.2325
      vertex 89.8134 65.7275 82.2084
      vertex 90.0459 65.8756 82.2325
    endloop
  endfacet
  facet normal -0.0734403 -0.0467853 -0.996202
    outer loop
      vertex 91.7518 63.1978 82.2325
      vertex 90.0459 65.8756 82.2325
      vertex 91.9843 63.346 82.2084
    endloop
  endfacet
  facet normal -0.0734537 -0.0467956 -0.9962
    outer loop
      vertex 91.9843 63.346 82.2084
      vertex 90.0459 65.8756 82.2325
      vertex 90.2784 66.0237 82.2084
    endloop
  endfacet
  facet normal -0.218253 -0.139044 -0.965936
    outer loop
      vertex 91.9843 63.346 82.2084
      vertex 90.2784 66.0237 82.2084
      vertex 92.2097 63.4896 82.1368
    endloop
  endfacet
  facet normal -0.218253 -0.139044 -0.965936
    outer loop
      vertex 92.2097 63.4896 82.1368
      vertex 90.2784 66.0237 82.2084
      vertex 90.5038 66.1673 82.1368
    endloop
  endfacet
  facet normal -0.356613 -0.22719 -0.906207
    outer loop
      vertex 92.2097 63.4896 82.1368
      vertex 90.5038 66.1673 82.1368
      vertex 92.4212 63.6243 82.0198
    endloop
  endfacet
  facet normal -0.356555 -0.227144 -0.906242
    outer loop
      vertex 92.4212 63.6243 82.0198
      vertex 90.5038 66.1673 82.1368
      vertex 90.7153 66.3021 82.0198
    endloop
  endfacet
  facet normal -0.483678 -0.308129 -0.819214
    outer loop
      vertex 92.4212 63.6243 82.0198
      vertex 90.7153 66.3021 82.0198
      vertex 92.6124 63.7461 81.8611
    endloop
  endfacet
  facet normal -0.483678 -0.308129 -0.819214
    outer loop
      vertex 92.6124 63.7461 81.8611
      vertex 90.7153 66.3021 82.0198
      vertex 90.9065 66.4239 81.8611
    endloop
  endfacet
  facet normal -0.596398 -0.379937 -0.707077
    outer loop
      vertex 92.6124 63.7461 81.8611
      vertex 90.9065 66.4239 81.8611
      vertex 92.7774 63.8513 81.6654
    endloop
  endfacet
  facet normal -0.596473 -0.379999 -0.70698
    outer loop
      vertex 92.7774 63.8513 81.6654
      vertex 90.9065 66.4239 81.8611
      vertex 91.0715 66.529 81.6654
    endloop
  endfacet
  facet normal -0.690805 -0.440096 -0.573676
    outer loop
      vertex 92.7774 63.8513 81.6654
      vertex 91.0715 66.529 81.6654
      vertex 92.9113 63.9365 81.4388
    endloop
  endfacet
  facet normal -0.690736 -0.440035 -0.573806
    outer loop
      vertex 92.9113 63.9365 81.4388
      vertex 91.0715 66.529 81.6654
      vertex 91.2054 66.6143 81.4388
    endloop
  endfacet
  facet normal -0.764373 -0.486946 -0.422632
    outer loop
      vertex 92.9113 63.9365 81.4388
      vertex 91.2054 66.6143 81.4388
      vertex 93.0099 63.9994 81.188
    endloop
  endfacet
  facet normal -0.764427 -0.486999 -0.422472
    outer loop
      vertex 93.0099 63.9994 81.188
      vertex 91.2054 66.6143 81.4388
      vertex 91.304 66.6771 81.188
    endloop
  endfacet
  facet normal -0.814689 -0.519019 -0.258652
    outer loop
      vertex 93.0099 63.9994 81.188
      vertex 91.304 66.6771 81.188
      vertex 93.0703 64.0378 80.9207
    endloop
  endfacet
  facet normal -0.814657 -0.518979 -0.258833
    outer loop
      vertex 93.0703 64.0378 80.9207
      vertex 91.304 66.6771 81.188
      vertex 91.3644 66.7156 80.9207
    endloop
  endfacet
  facet normal -0.84017 -0.535233 -0.0874048
    outer loop
      vertex 93.0703 64.0378 80.9207
      vertex 91.3644 66.7156 80.9207
      vertex 93.0907 64.0508 80.645
    endloop
  endfacet
  facet normal -0.84017 -0.535233 -0.0874048
    outer loop
      vertex 93.0907 64.0508 80.645
      vertex 91.3644 66.7156 80.9207
      vertex 91.3848 66.7286 80.645
    endloop
  endfacet
  facet normal 0.840185 0.535242 -0.0872121
    outer loop
      vertex 90.4129 62.3449 52.705
      vertex 88.707 65.0227 52.705
      vertex 90.4333 62.3578 52.9807
    endloop
  endfacet
  facet normal 0.840193 0.535278 -0.0869097
    outer loop
      vertex 90.4333 62.3578 52.9807
      vertex 88.707 65.0227 52.705
      vertex 88.7273 65.0356 52.9807
    endloop
  endfacet
  facet normal 0.814643 0.519001 -0.258833
    outer loop
      vertex 90.4333 62.3578 52.9807
      vertex 88.7273 65.0356 52.9807
      vertex 90.4937 62.3963 53.248
    endloop
  endfacet
  facet normal 0.814643 0.519001 -0.258833
    outer loop
      vertex 90.4937 62.3963 53.248
      vertex 88.7273 65.0356 52.9807
      vertex 88.7877 65.0741 53.248
    endloop
  endfacet
  facet normal 0.764306 0.486932 -0.42277
    outer loop
      vertex 90.4937 62.3963 53.248
      vertex 88.7877 65.0741 53.248
      vertex 90.5923 62.4592 53.4987
    endloop
  endfacet
  facet normal 0.764274 0.486901 -0.422861
    outer loop
      vertex 90.5923 62.4592 53.4987
      vertex 88.7877 65.0741 53.248
      vertex 88.8864 65.1369 53.4987
    endloop
  endfacet
  facet normal 0.690905 0.44016 -0.573506
    outer loop
      vertex 90.5923 62.4592 53.4987
      vertex 88.8864 65.1369 53.4987
      vertex 90.7262 62.5444 53.7254
    endloop
  endfacet
  facet normal 0.690945 0.440194 -0.573432
    outer loop
      vertex 90.7262 62.5444 53.7254
      vertex 88.8864 65.1369 53.4987
      vertex 89.0202 65.2222 53.7254
    endloop
  endfacet
  facet normal 0.596388 0.379953 -0.707077
    outer loop
      vertex 90.7262 62.5444 53.7254
      vertex 89.0202 65.2222 53.7254
      vertex 90.8912 62.6496 53.9211
    endloop
  endfacet
  facet normal 0.596463 0.380015 -0.70698
    outer loop
      vertex 90.8912 62.6496 53.9211
      vertex 89.0202 65.2222 53.7254
      vertex 89.1852 65.3273 53.9211
    endloop
  endfacet
  facet normal 0.483665 0.30815 -0.819214
    outer loop
      vertex 90.8912 62.6496 53.9211
      vertex 89.1852 65.3273 53.9211
      vertex 91.0824 62.7714 54.0798
    endloop
  endfacet
  facet normal 0.483665 0.30815 -0.819214
    outer loop
      vertex 91.0824 62.7714 54.0798
      vertex 89.1852 65.3273 53.9211
      vertex 89.3764 65.4491 54.0798
    endloop
  endfacet
  facet normal 0.356607 0.2272 -0.906207
    outer loop
      vertex 91.0824 62.7714 54.0798
      vertex 89.3764 65.4491 54.0798
      vertex 91.2939 62.9061 54.1968
    endloop
  endfacet
  facet normal 0.356549 0.227154 -0.906242
    outer loop
      vertex 91.2939 62.9061 54.1968
      vertex 89.3764 65.4491 54.0798
      vertex 89.5879 65.5839 54.1968
    endloop
  endfacet
  facet normal 0.218252 0.139046 -0.965936
    outer loop
      vertex 91.2939 62.9061 54.1968
      vertex 89.5879 65.5839 54.1968
      vertex 91.5193 63.0497 54.2684
    endloop
  endfacet
  facet normal 0.218191 0.138999 -0.965956
    outer loop
      vertex 91.5193 63.0497 54.2684
      vertex 89.5879 65.5839 54.1968
      vertex 89.8134 65.7275 54.2684
    endloop
  endfacet
  facet normal 0.0734545 0.0467944 -0.9962
    outer loop
      vertex 91.5193 63.0497 54.2684
      vertex 89.8134 65.7275 54.2684
      vertex 91.7518 63.1978 54.2925
    endloop
  endfacet
  facet normal 0.0734545 0.0467944 -0.9962
    outer loop
      vertex 91.7518 63.1978 54.2925
      vertex 89.8134 65.7275 54.2684
      vertex 90.0459 65.8756 54.2925
    endloop
  endfacet
  facet normal -0.0734403 -0.0467853 -0.996202
    outer loop
      vertex 91.7518 63.1978 54.2925
      vertex 90.0459 65.8756 54.2925
      vertex 91.9843 63.346 54.2684
    endloop
  endfacet
  facet normal -0.0734537 -0.0467956 -0.9962
    outer loop
      vertex 91.9843 63.346 54.2684
      vertex 90.0459 65.8756 54.2925
      vertex 90.2784 66.0237 54.2684
    endloop
  endfacet
  facet normal -0.218253 -0.139044 -0.965936
    outer loop
      vertex 91.9843 63.346 54.2684
      vertex 90.2784 66.0237 54.2684
      vertex 92.2097 63.4896 54.1968
    endloop
  endfacet
  facet normal -0.218253 -0.139044 -0.965936
    outer loop
      vertex 92.2097 63.4896 54.1968
      vertex 90.2784 66.0237 54.2684
      vertex 90.5038 66.1673 54.1968
    endloop
  endfacet
  facet normal -0.356613 -0.22719 -0.906207
    outer loop
      vertex 92.2097 63.4896 54.1968
      vertex 90.5038 66.1673 54.1968
      vertex 92.4212 63.6243 54.0798
    endloop
  endfacet
  facet normal -0.356555 -0.227144 -0.906242
    outer loop
      vertex 92.4212 63.6243 54.0798
      vertex 90.5038 66.1673 54.1968
      vertex 90.7153 66.3021 54.0798
    endloop
  endfacet
  facet normal -0.483678 -0.308129 -0.819214
    outer loop
      vertex 92.4212 63.6243 54.0798
      vertex 90.7153 66.3021 54.0798
      vertex 92.6124 63.7461 53.9211
    endloop
  endfacet
  facet normal -0.483678 -0.308129 -0.819214
    outer loop
      vertex 92.6124 63.7461 53.9211
      vertex 90.7153 66.3021 54.0798
      vertex 90.9065 66.4239 53.9211
    endloop
  endfacet
  facet normal -0.596398 -0.379937 -0.707077
    outer loop
      vertex 92.6124 63.7461 53.9211
      vertex 90.9065 66.4239 53.9211
      vertex 92.7774 63.8513 53.7254
    endloop
  endfacet
  facet normal -0.596473 -0.379999 -0.70698
    outer loop
      vertex 92.7774 63.8513 53.7254
      vertex 90.9065 66.4239 53.9211
      vertex 91.0715 66.529 53.7254
    endloop
  endfacet
  facet normal -0.690905 -0.44016 -0.573506
    outer loop
      vertex 92.7774 63.8513 53.7254
      vertex 91.0715 66.529 53.7254
      vertex 92.9113 63.9365 53.4987
    endloop
  endfacet
  facet normal -0.690836 -0.440099 -0.573636
    outer loop
      vertex 92.9113 63.9365 53.4987
      vertex 91.0715 66.529 53.7254
      vertex 91.2054 66.6143 53.4987
    endloop
  endfacet
  facet normal -0.764318 -0.486911 -0.42277
    outer loop
      vertex 92.9113 63.9365 53.4987
      vertex 91.2054 66.6143 53.4987
      vertex 93.0099 63.9994 53.248
    endloop
  endfacet
  facet normal -0.764373 -0.486964 -0.422611
    outer loop
      vertex 93.0099 63.9994 53.248
      vertex 91.2054 66.6143 53.4987
      vertex 91.304 66.6771 53.248
    endloop
  endfacet
  facet normal -0.814689 -0.519019 -0.258652
    outer loop
      vertex 93.0099 63.9994 53.248
      vertex 91.304 66.6771 53.248
      vertex 93.0703 64.0378 52.9807
    endloop
  endfacet
  facet normal -0.814657 -0.518979 -0.258833
    outer loop
      vertex 93.0703 64.0378 52.9807
      vertex 91.304 66.6771 53.248
      vertex 91.3644 66.7156 52.9807
    endloop
  endfacet
  facet normal -0.84017 -0.535233 -0.0874048
    outer loop
      vertex 93.0703 64.0378 52.9807
      vertex 91.3644 66.7156 52.9807
      vertex 93.0907 64.0508 52.705
    endloop
  endfacet
  facet normal -0.84017 -0.535233 -0.0874048
    outer loop
      vertex 93.0907 64.0508 52.705
      vertex 91.3644 66.7156 52.9807
      vertex 91.3848 66.7286 52.705
    endloop
  endfacet
  facet normal 0.840188 0.535244 -0.0871714
    outer loop
      vertex 73.8107 51.7681 66.675
      vertex 72.1048 54.4459 66.675
      vertex 73.9043 51.8277 67.9431
    endloop
  endfacet
  facet normal 0.840188 0.535244 -0.0871714
    outer loop
      vertex 73.9043 51.8277 67.9431
      vertex 72.1048 54.4459 66.675
      vertex 72.1984 54.5055 67.9431
    endloop
  endfacet
  facet normal 0.814645 0.518972 -0.258886
    outer loop
      vertex 73.9043 51.8277 67.9431
      vertex 72.1984 54.5055 67.9431
      vertex 74.1822 52.0048 69.1726
    endloop
  endfacet
  facet normal 0.814645 0.519022 -0.258784
    outer loop
      vertex 74.1822 52.0048 69.1726
      vertex 72.1984 54.5055 67.9431
      vertex 72.4762 54.6825 69.1726
    endloop
  endfacet
  facet normal 0.764359 0.486984 -0.422614
    outer loop
      vertex 74.1822 52.0048 69.1726
      vertex 72.4762 54.6825 69.1726
      vertex 74.6359 52.2938 70.3262
    endloop
  endfacet
  facet normal 0.764345 0.486928 -0.422703
    outer loop
      vertex 74.6359 52.2938 70.3262
      vertex 72.4762 54.6825 69.1726
      vertex 72.93 54.9716 70.3262
    endloop
  endfacet
  facet normal 0.690908 0.440145 -0.573514
    outer loop
      vertex 74.6359 52.2938 70.3262
      vertex 72.93 54.9716 70.3262
      vertex 75.2516 52.6861 71.369
    endloop
  endfacet
  facet normal 0.690908 0.440145 -0.573514
    outer loop
      vertex 75.2516 52.6861 71.369
      vertex 72.93 54.9716 70.3262
      vertex 73.5457 55.3639 71.369
    endloop
  endfacet
  facet normal 0.596326 0.379891 -0.707162
    outer loop
      vertex 75.2516 52.6861 71.369
      vertex 73.5457 55.3639 71.369
      vertex 76.0108 53.1697 72.269
    endloop
  endfacet
  facet normal 0.596344 0.379925 -0.707129
    outer loop
      vertex 76.0108 53.1697 72.269
      vertex 73.5457 55.3639 71.369
      vertex 74.3048 55.8475 72.269
    endloop
  endfacet
  facet normal 0.483778 0.30821 -0.819125
    outer loop
      vertex 76.0108 53.1697 72.269
      vertex 74.3048 55.8475 72.269
      vertex 76.8902 53.73 72.9992
    endloop
  endfacet
  facet normal 0.483772 0.3082 -0.819132
    outer loop
      vertex 76.8902 53.73 72.9992
      vertex 74.3048 55.8475 72.269
      vertex 75.1843 56.4077 72.9992
    endloop
  endfacet
  facet normal 0.356404 0.227057 -0.906323
    outer loop
      vertex 76.8902 53.73 72.9992
      vertex 75.1843 56.4077 72.9992
      vertex 77.8632 54.3498 73.5371
    endloop
  endfacet
  facet normal 0.35641 0.227065 -0.906319
    outer loop
      vertex 77.8632 54.3498 73.5371
      vertex 75.1843 56.4077 72.9992
      vertex 76.1572 57.0276 73.5371
    endloop
  endfacet
  facet normal 0.218327 0.139094 -0.965912
    outer loop
      vertex 77.8632 54.3498 73.5371
      vertex 76.1572 57.0276 73.5371
      vertex 78.9001 55.0104 73.8666
    endloop
  endfacet
  facet normal 0.218316 0.139079 -0.965917
    outer loop
      vertex 78.9001 55.0104 73.8666
      vertex 76.1572 57.0276 73.5371
      vertex 77.1942 57.6882 73.8666
    endloop
  endfacet
  facet normal 0.0734765 0.0468084 -0.996198
    outer loop
      vertex 78.9001 55.0104 73.8666
      vertex 77.1942 57.6882 73.8666
      vertex 79.9696 55.6918 73.9775
    endloop
  endfacet
  facet normal 0.0734788 0.0468116 -0.996198
    outer loop
      vertex 79.9696 55.6918 73.9775
      vertex 77.1942 57.6882 73.8666
      vertex 78.2637 58.3695 73.9775
    endloop
  endfacet
  facet normal -0.0734788 -0.0468116 -0.996198
    outer loop
      vertex 79.9696 55.6918 73.9775
      vertex 78.2637 58.3695 73.9775
      vertex 81.0391 56.3731 73.8666
    endloop
  endfacet
  facet normal -0.0734765 -0.0468084 -0.996198
    outer loop
      vertex 81.0391 56.3731 73.8666
      vertex 78.2637 58.3695 73.9775
      vertex 79.3332 59.0509 73.8666
    endloop
  endfacet
  facet normal -0.218316 -0.139079 -0.965917
    outer loop
      vertex 81.0391 56.3731 73.8666
      vertex 79.3332 59.0509 73.8666
      vertex 82.0761 57.0337 73.5371
    endloop
  endfacet
  facet normal -0.218327 -0.139094 -0.965912
    outer loop
      vertex 82.0761 57.0337 73.5371
      vertex 79.3332 59.0509 73.8666
      vertex 80.3701 59.7115 73.5371
    endloop
  endfacet
  facet normal -0.35641 -0.227065 -0.906319
    outer loop
      vertex 82.0761 57.0337 73.5371
      vertex 80.3701 59.7115 73.5371
      vertex 83.049 57.6536 72.9992
    endloop
  endfacet
  facet normal -0.356394 -0.227042 -0.90633
    outer loop
      vertex 83.049 57.6536 72.9992
      vertex 80.3701 59.7115 73.5371
      vertex 81.3431 60.3314 72.9992
    endloop
  endfacet
  facet normal -0.483777 -0.308191 -0.819132
    outer loop
      vertex 83.049 57.6536 72.9992
      vertex 81.3431 60.3314 72.9992
      vertex 83.9285 58.2138 72.269
    endloop
  endfacet
  facet normal -0.483795 -0.308221 -0.819111
    outer loop
      vertex 83.9285 58.2138 72.269
      vertex 81.3431 60.3314 72.9992
      vertex 82.2225 60.8916 72.269
    endloop
  endfacet
  facet normal -0.596344 -0.379925 -0.707129
    outer loop
      vertex 83.9285 58.2138 72.269
      vertex 82.2225 60.8916 72.269
      vertex 84.6876 58.6974 71.369
    endloop
  endfacet
  facet normal -0.596326 -0.379891 -0.707162
    outer loop
      vertex 84.6876 58.6974 71.369
      vertex 82.2225 60.8916 72.269
      vertex 82.9817 61.3752 71.369
    endloop
  endfacet
  facet normal -0.690908 -0.440145 -0.573514
    outer loop
      vertex 84.6876 58.6974 71.369
      vertex 82.9817 61.3752 71.369
      vertex 85.3033 59.0897 70.3262
    endloop
  endfacet
  facet normal -0.690908 -0.440145 -0.573514
    outer loop
      vertex 85.3033 59.0897 70.3262
      vertex 82.9817 61.3752 71.369
      vertex 83.5974 61.7675 70.3262
    endloop
  endfacet
  facet normal -0.764345 -0.486928 -0.422703
    outer loop
      vertex 85.3033 59.0897 70.3262
      vertex 83.5974 61.7675 70.3262
      vertex 85.7571 59.3788 69.1726
    endloop
  endfacet
  facet normal -0.764359 -0.486984 -0.422614
    outer loop
      vertex 85.7571 59.3788 69.1726
      vertex 83.5974 61.7675 70.3262
      vertex 84.0511 62.0565 69.1726
    endloop
  endfacet
  facet normal -0.814645 -0.519022 -0.258784
    outer loop
      vertex 85.7571 59.3788 69.1726
      vertex 84.0511 62.0565 69.1726
      vertex 86.0349 59.5558 67.9431
    endloop
  endfacet
  facet normal -0.814645 -0.518972 -0.258886
    outer loop
      vertex 86.0349 59.5558 67.9431
      vertex 84.0511 62.0565 69.1726
      vertex 84.329 62.2336 67.9431
    endloop
  endfacet
  facet normal -0.840188 -0.535244 -0.0871714
    outer loop
      vertex 86.0349 59.5558 67.9431
      vertex 84.329 62.2336 67.9431
      vertex 86.1285 59.6154 66.675
    endloop
  endfacet
  facet normal -0.840188 -0.535244 -0.0871714
    outer loop
      vertex 86.1285 59.6154 66.675
      vertex 84.329 62.2336 67.9431
      vertex 84.4226 62.2932 66.675
    endloop
  endfacet
  facet normal -0.53728 0.843404 9.74372e-05
    outer loop
      vertex 88.707 65.0227 80.645
      vertex 69.9626 53.0812 86.0425
      vertex 88.7273 65.0356 80.9207
    endloop
  endfacet
  facet normal -0.537311 0.843384 -6.25891e-05
    outer loop
      vertex 88.7273 65.0356 80.9207
      vertex 69.9626 53.0812 86.0425
      vertex 88.7877 65.0741 81.188
    endloop
  endfacet
  facet normal -0.537293 0.843395 3.10273e-05
    outer loop
      vertex 89.3764 65.4491 82.0198
      vertex 89.1852 65.3273 81.8611
      vertex 69.9626 53.0812 86.0425
    endloop
  endfacet
  facet normal -0.537187 0.843463 -0.000202785
    outer loop
      vertex 88.7877 65.0741 80.102
      vertex 88.8864 65.1369 79.8512
      vertex 80.3701 59.7115 73.5371
    endloop
  endfacet
  facet normal -0.537079 0.843532 -0.000110082
    outer loop
      vertex 84.329 62.2336 65.4069
      vertex 89.3764 65.4491 79.2702
      vertex 84.0511 62.0565 64.1774
    endloop
  endfacet
  facet normal -0.537441 0.843301 6.97463e-05
    outer loop
      vertex 84.0511 62.0565 64.1774
      vertex 89.3764 65.4491 79.2702
      vertex 89.5879 65.5839 79.1532
    endloop
  endfacet
  facet normal -0.537269 0.843411 -3.57339e-05
    outer loop
      vertex 90.9065 66.4239 81.8611
      vertex 94.5981 68.7757 86.0425
      vertex 91.0715 66.529 81.6654
    endloop
  endfacet
  facet normal -0.537293 0.843395 -8.61526e-06
    outer loop
      vertex 91.0715 66.529 81.6654
      vertex 94.5981 68.7757 86.0425
      vertex 91.2054 66.6143 81.4388
    endloop
  endfacet
  facet normal -0.537289 0.843398 5.89648e-05
    outer loop
      vertex 89.1852 65.3273 81.8611
      vertex 89.0202 65.2222 81.6654
      vertex 69.9626 53.0812 86.0425
    endloop
  endfacet
  facet normal -0.537331 0.843371 -0.000197335
    outer loop
      vertex 69.9626 53.0812 86.0425
      vertex 89.0202 65.2222 81.6654
      vertex 88.8864 65.1369 81.4388
    endloop
  endfacet
  facet normal -0.537255 0.84342 0.000240507
    outer loop
      vertex 69.9626 53.0812 86.0425
      vertex 88.8864 65.1369 81.4388
      vertex 88.7877 65.0741 81.188
    endloop
  endfacet
  facet normal -0.537275 0.843407 -3.05441e-05
    outer loop
      vertex 82.9817 61.3752 71.369
      vertex 82.2225 60.8916 72.269
      vertex 89.0202 65.2222 79.6246
    endloop
  endfacet
  facet normal -0.537312 0.843383 1.02119e-05
    outer loop
      vertex 91.3848 66.7286 80.645
      vertex 91.3644 66.7156 80.9207
      vertex 94.5981 68.7757 86.0425
    endloop
  endfacet
  facet normal -0.537355 0.843356 4.84361e-05
    outer loop
      vertex 94.5981 68.7757 86.0425
      vertex 91.3644 66.7156 80.9207
      vertex 91.304 66.6771 81.188
    endloop
  endfacet
  facet normal -0.537269 0.843411 -3.39222e-05
    outer loop
      vertex 94.5981 68.7757 86.0425
      vertex 91.304 66.6771 81.188
      vertex 91.2054 66.6143 81.4388
    endloop
  endfacet
  facet normal -0.537285 0.843401 -1.66082e-05
    outer loop
      vertex 90.9065 66.4239 81.8611
      vertex 90.7153 66.3021 82.0198
      vertex 94.5981 68.7757 86.0425
    endloop
  endfacet
  facet normal -0.537409 0.843322 0.000151878
    outer loop
      vertex 94.5981 68.7757 86.0425
      vertex 90.7153 66.3021 82.0198
      vertex 90.5038 66.1673 82.1368
    endloop
  endfacet
  facet normal -0.53731 0.843385 5.83579e-06
    outer loop
      vertex 94.5981 68.7757 86.0425
      vertex 90.5038 66.1673 82.1368
      vertex 90.2784 66.0237 82.2084
    endloop
  endfacet
  facet normal -0.537257 0.843419 -7.8307e-05
    outer loop
      vertex 90.2784 66.0237 82.2084
      vertex 90.0459 65.8756 82.2325
      vertex 94.5981 68.7757 86.0425
    endloop
  endfacet
  facet normal -0.537244 0.843427 -0.000100446
    outer loop
      vertex 94.5981 68.7757 86.0425
      vertex 90.0459 65.8756 82.2325
      vertex 89.8134 65.7275 82.2084
    endloop
  endfacet
  facet normal -0.537299 0.843392 -4.08012e-06
    outer loop
      vertex 94.5981 68.7757 86.0425
      vertex 89.8134 65.7275 82.2084
      vertex 69.9626 53.0812 86.0425
    endloop
  endfacet
  facet normal -0.537239 0.84343 0.000430134
    outer loop
      vertex 69.9626 53.0812 86.0425
      vertex 89.8134 65.7275 82.2084
      vertex 89.5879 65.5839 82.1368
    endloop
  endfacet
  facet normal -0.537344 0.843363 -0.000315872
    outer loop
      vertex 69.9626 53.0812 86.0425
      vertex 89.5879 65.5839 82.1368
      vertex 89.3764 65.4491 82.0198
    endloop
  endfacet
  facet normal -0.537404 0.843325 0.000136804
    outer loop
      vertex 89.0202 65.2222 79.6246
      vertex 82.2225 60.8916 72.269
      vertex 88.8864 65.1369 79.8512
    endloop
  endfacet
  facet normal -0.537281 0.843403 -1.46279e-05
    outer loop
      vertex 88.8864 65.1369 79.8512
      vertex 82.2225 60.8916 72.269
      vertex 81.3431 60.3314 72.9992
    endloop
  endfacet
  facet normal -0.537308 0.843386 2.67512e-05
    outer loop
      vertex 88.8864 65.1369 79.8512
      vertex 81.3431 60.3314 72.9992
      vertex 80.3701 59.7115 73.5371
    endloop
  endfacet
  facet normal -0.537341 0.843365 2.40895e-05
    outer loop
      vertex 84.329 62.2336 65.4069
      vertex 84.4226 62.2932 66.675
      vertex 89.3764 65.4491 79.2702
    endloop
  endfacet
  facet normal -0.537268 0.843412 -1.64775e-05
    outer loop
      vertex 89.3764 65.4491 79.2702
      vertex 84.4226 62.2932 66.675
      vertex 84.329 62.2336 67.9431
    endloop
  endfacet
  facet normal -0.537338 0.843367 2.76888e-05
    outer loop
      vertex 89.3764 65.4491 79.2702
      vertex 84.329 62.2336 67.9431
      vertex 84.0511 62.0565 69.1726
    endloop
  endfacet
  facet normal -0.537291 0.843397 0
    outer loop
      vertex 69.9626 53.0812 86.0425
      vertex 72.1048 54.4459 66.675
      vertex 69.9626 53.0812 56.8325
    endloop
  endfacet
  facet normal -0.537245 0.843426 -1.40966e-05
    outer loop
      vertex 69.9626 53.0812 56.8325
      vertex 72.1048 54.4459 66.675
      vertex 72.1984 54.5055 65.4069
    endloop
  endfacet
  facet normal -0.537454 0.843293 -3.81179e-05
    outer loop
      vertex 90.5038 66.1673 79.1532
      vertex 90.7153 66.3021 79.2702
      vertex 94.5981 68.7757 56.8325
    endloop
  endfacet
  facet normal -0.537278 0.843405 4.68951e-06
    outer loop
      vertex 94.5981 68.7757 56.8325
      vertex 90.7153 66.3021 79.2702
      vertex 90.9065 66.4239 79.4289
    endloop
  endfacet
  facet normal -0.537249 0.843424 1.13395e-05
    outer loop
      vertex 94.5981 68.7757 56.8325
      vertex 90.9065 66.4239 79.4289
      vertex 91.0715 66.529 79.6246
    endloop
  endfacet
  facet normal -0.537287 0.8434 3.09897e-06
    outer loop
      vertex 91.0715 66.529 79.6246
      vertex 91.2054 66.6143 79.8512
      vertex 94.5981 68.7757 56.8325
    endloop
  endfacet
  facet normal -0.537233 0.843434 1.41846e-05
    outer loop
      vertex 94.5981 68.7757 56.8325
      vertex 91.2054 66.6143 79.8512
      vertex 91.304 66.6771 80.102
    endloop
  endfacet
  facet normal -0.537304 0.843388 0
    outer loop
      vertex 94.5981 68.7757 56.8325
      vertex 91.304 66.6771 80.102
      vertex 94.5981 68.7757 86.0425
    endloop
  endfacet
  facet normal -0.537165 0.843477 -0.000108986
    outer loop
      vertex 94.5981 68.7757 86.0425
      vertex 91.304 66.6771 80.102
      vertex 91.3644 66.7156 80.3693
    endloop
  endfacet
  facet normal -0.537284 0.843401 -1.31109e-05
    outer loop
      vertex 94.5981 68.7757 86.0425
      vertex 91.3644 66.7156 80.3693
      vertex 91.3848 66.7286 80.645
    endloop
  endfacet
  facet normal -0.537275 0.843407 1.81456e-05
    outer loop
      vertex 78.2637 58.3695 73.9775
      vertex 77.1942 57.6882 73.8666
      vertex 69.9626 53.0812 86.0425
    endloop
  endfacet
  facet normal -0.537279 0.843405 1.48371e-05
    outer loop
      vertex 69.9626 53.0812 86.0425
      vertex 77.1942 57.6882 73.8666
      vertex 76.1572 57.0276 73.5371
    endloop
  endfacet
  facet normal -0.537345 0.843362 -3.15599e-05
    outer loop
      vertex 69.9626 53.0812 86.0425
      vertex 76.1572 57.0276 73.5371
      vertex 75.1843 56.4077 72.9992
    endloop
  endfacet
  facet normal -0.537244 0.843427 2.54063e-05
    outer loop
      vertex 75.1843 56.4077 72.9992
      vertex 74.3048 55.8475 72.269
      vertex 69.9626 53.0812 86.0425
    endloop
  endfacet
  facet normal -0.5373 0.843391 6.11253e-07
    outer loop
      vertex 69.9626 53.0812 86.0425
      vertex 74.3048 55.8475 72.269
      vertex 73.5457 55.3639 71.369
    endloop
  endfacet
  facet normal -0.537339 0.843367 -1.26621e-05
    outer loop
      vertex 69.9626 53.0812 86.0425
      vertex 73.5457 55.3639 71.369
      vertex 72.93 54.9716 70.3262
    endloop
  endfacet
  facet normal -0.537295 0.843395 -9.44452e-07
    outer loop
      vertex 72.93 54.9716 70.3262
      vertex 72.4762 54.6825 69.1726
      vertex 69.9626 53.0812 86.0425
    endloop
  endfacet
  facet normal -0.537324 0.843376 -7.16393e-06
    outer loop
      vertex 69.9626 53.0812 86.0425
      vertex 72.4762 54.6825 69.1726
      vertex 72.1984 54.5055 67.9431
    endloop
  endfacet
  facet normal -0.537218 0.843444 1.13221e-05
    outer loop
      vertex 69.9626 53.0812 86.0425
      vertex 72.1984 54.5055 67.9431
      vertex 72.1048 54.4459 66.675
    endloop
  endfacet
  facet normal -0.53727 0.843411 -3.6022e-05
    outer loop
      vertex 89.0202 65.2222 79.6246
      vertex 89.1852 65.3273 79.4289
      vertex 82.9817 61.3752 71.369
    endloop
  endfacet
  facet normal -0.537286 0.8434 -1.84406e-05
    outer loop
      vertex 82.9817 61.3752 71.369
      vertex 89.1852 65.3273 79.4289
      vertex 89.3764 65.4491 79.2702
    endloop
  endfacet
  facet normal -0.537324 0.843376 2.49053e-05
    outer loop
      vertex 82.9817 61.3752 71.369
      vertex 89.3764 65.4491 79.2702
      vertex 83.5974 61.7675 70.3262
    endloop
  endfacet
  facet normal -0.537278 0.843405 -1.65873e-05
    outer loop
      vertex 83.5974 61.7675 70.3262
      vertex 89.3764 65.4491 79.2702
      vertex 84.0511 62.0565 69.1726
    endloop
  endfacet
  facet normal -0.537332 0.843371 -3.74913e-05
    outer loop
      vertex 78.2637 58.3695 73.9775
      vertex 69.9626 53.0812 86.0425
      vertex 79.3332 59.0509 73.8666
    endloop
  endfacet
  facet normal -0.5373 0.843391 -2.73082e-06
    outer loop
      vertex 79.3332 59.0509 73.8666
      vertex 69.9626 53.0812 86.0425
      vertex 88.707 65.0227 80.645
    endloop
  endfacet
  facet normal -0.537309 0.843385 1.44099e-05
    outer loop
      vertex 79.3332 59.0509 73.8666
      vertex 88.707 65.0227 80.645
      vertex 80.3701 59.7115 73.5371
    endloop
  endfacet
  facet normal -0.537243 0.843427 -9.36902e-05
    outer loop
      vertex 80.3701 59.7115 73.5371
      vertex 88.707 65.0227 80.645
      vertex 88.7273 65.0356 80.3693
    endloop
  endfacet
  facet normal -0.537331 0.843372 5.62642e-05
    outer loop
      vertex 80.3701 59.7115 73.5371
      vertex 88.7273 65.0356 80.3693
      vertex 88.7877 65.0741 80.102
    endloop
  endfacet
  facet normal -0.537313 0.843383 1.08585e-05
    outer loop
      vertex 72.1984 54.5055 65.4069
      vertex 72.4762 54.6825 64.1774
      vertex 69.9626 53.0812 56.8325
    endloop
  endfacet
  facet normal -0.537293 0.843395 1.59943e-06
    outer loop
      vertex 69.9626 53.0812 56.8325
      vertex 72.4762 54.6825 64.1774
      vertex 72.93 54.9716 63.0238
    endloop
  endfacet
  facet normal -0.537326 0.843375 2.34144e-05
    outer loop
      vertex 69.9626 53.0812 56.8325
      vertex 72.93 54.9716 63.0238
      vertex 73.5457 55.3639 61.981
    endloop
  endfacet
  facet normal -0.537301 0.843391 -1.23085e-06
    outer loop
      vertex 73.5457 55.3639 61.981
      vertex 74.3048 55.8475 61.081
      vertex 69.9626 53.0812 56.8325
    endloop
  endfacet
  facet normal -0.537262 0.843415 -5.62189e-05
    outer loop
      vertex 69.9626 53.0812 56.8325
      vertex 74.3048 55.8475 61.081
      vertex 75.1843 56.4077 60.3508
    endloop
  endfacet
  facet normal -0.537327 0.843374 7.84922e-05
    outer loop
      vertex 69.9626 53.0812 56.8325
      vertex 75.1843 56.4077 60.3508
      vertex 76.1572 57.0276 59.8129
    endloop
  endfacet
  facet normal -0.537318 0.84338 -0.000154456
    outer loop
      vertex 79.3332 59.0509 59.4834
      vertex 94.5981 68.7757 56.8325
      vertex 78.2637 58.3695 59.3725
    endloop
  endfacet
  facet normal -0.537299 0.843392 2.29036e-05
    outer loop
      vertex 78.2637 58.3695 59.3725
      vertex 94.5981 68.7757 56.8325
      vertex 69.9626 53.0812 56.8325
    endloop
  endfacet
  facet normal -0.537279 0.843405 -6.89681e-05
    outer loop
      vertex 78.2637 58.3695 59.3725
      vertex 69.9626 53.0812 56.8325
      vertex 77.1942 57.6882 59.4834
    endloop
  endfacet
  facet normal -0.537285 0.843401 -4.33945e-05
    outer loop
      vertex 77.1942 57.6882 59.4834
      vertex 69.9626 53.0812 56.8325
      vertex 76.1572 57.0276 59.8129
    endloop
  endfacet
  facet normal -0.537304 0.843389 -3.77126e-05
    outer loop
      vertex 79.3332 59.0509 59.4834
      vertex 80.3701 59.7115 59.8129
      vertex 94.5981 68.7757 56.8325
    endloop
  endfacet
  facet normal -0.537304 0.843389 -3.76094e-05
    outer loop
      vertex 94.5981 68.7757 56.8325
      vertex 80.3701 59.7115 59.8129
      vertex 81.3431 60.3314 60.3508
    endloop
  endfacet
  facet normal -0.537291 0.843397 3.07981e-05
    outer loop
      vertex 94.5981 68.7757 56.8325
      vertex 81.3431 60.3314 60.3508
      vertex 82.2225 60.8916 61.081
    endloop
  endfacet
  facet normal -0.537287 0.843399 4.51285e-05
    outer loop
      vertex 82.2225 60.8916 61.081
      vertex 82.9817 61.3752 61.981
      vertex 94.5981 68.7757 56.8325
    endloop
  endfacet
  facet normal -0.537312 0.843383 -3.45371e-05
    outer loop
      vertex 94.5981 68.7757 56.8325
      vertex 82.9817 61.3752 61.981
      vertex 83.5974 61.7675 63.0238
    endloop
  endfacet
  facet normal -0.537289 0.843398 2.27476e-05
    outer loop
      vertex 94.5981 68.7757 56.8325
      vertex 83.5974 61.7675 63.0238
      vertex 84.0511 62.0565 64.1774
    endloop
  endfacet
  facet normal -0.537159 0.843481 -7.69431e-05
    outer loop
      vertex 89.5879 65.5839 79.1532
      vertex 89.8134 65.7275 79.0816
      vertex 84.0511 62.0565 64.1774
    endloop
  endfacet
  facet normal -0.537253 0.843421 -2.59455e-05
    outer loop
      vertex 84.0511 62.0565 64.1774
      vertex 89.8134 65.7275 79.0816
      vertex 90.0459 65.8756 79.0575
    endloop
  endfacet
  facet normal -0.5373 0.843391 8.91603e-07
    outer loop
      vertex 84.0511 62.0565 64.1774
      vertex 90.0459 65.8756 79.0575
      vertex 94.5981 68.7757 56.8325
    endloop
  endfacet
  facet normal -0.537252 0.843422 1.4773e-05
    outer loop
      vertex 94.5981 68.7757 56.8325
      vertex 90.0459 65.8756 79.0575
      vertex 90.2784 66.0237 79.0816
    endloop
  endfacet
  facet normal -0.537311 0.843384 -1.28625e-06
    outer loop
      vertex 94.5981 68.7757 56.8325
      vertex 90.2784 66.0237 79.0816
      vertex 90.5038 66.1673 79.1532
    endloop
  endfacet
  facet normal -0.537266 0.843413 0.000246536
    outer loop
      vertex 88.8864 65.1369 53.4987
      vertex 88.7877 65.0741 53.248
      vertex 69.9626 53.0812 56.8325
    endloop
  endfacet
  facet normal -0.537301 0.843391 0
    outer loop
      vertex 94.5981 68.7757 56.8325
      vertex 94.5981 68.7757 47.3075
      vertex 91.3644 66.7156 52.4293
    endloop
  endfacet
  facet normal -0.537257 0.843419 7.8307e-05
    outer loop
      vertex 90.0459 65.8756 51.1175
      vertex 90.2784 66.0237 51.1416
      vertex 94.5981 68.7757 47.3075
    endloop
  endfacet
  facet normal -0.53731 0.843385 -5.83579e-06
    outer loop
      vertex 94.5981 68.7757 47.3075
      vertex 90.2784 66.0237 51.1416
      vertex 90.5038 66.1673 51.2132
    endloop
  endfacet
  facet normal -0.537288 0.843399 -1.26872e-05
    outer loop
      vertex 91.3644 66.7156 52.4293
      vertex 91.3848 66.7286 52.705
      vertex 94.5981 68.7757 56.8325
    endloop
  endfacet
  facet normal -0.53731 0.843385 1.04846e-05
    outer loop
      vertex 94.5981 68.7757 56.8325
      vertex 91.3848 66.7286 52.705
      vertex 91.3644 66.7156 52.9807
    endloop
  endfacet
  facet normal -0.537345 0.843363 5.18234e-05
    outer loop
      vertex 94.5981 68.7757 56.8325
      vertex 91.3644 66.7156 52.9807
      vertex 91.304 66.6771 53.248
    endloop
  endfacet
  facet normal -0.537308 0.843386 -6.3504e-05
    outer loop
      vertex 88.7877 65.0741 53.248
      vertex 88.7273 65.0356 52.9807
      vertex 69.9626 53.0812 56.8325
    endloop
  endfacet
  facet normal -0.537284 0.843401 9.79152e-05
    outer loop
      vertex 69.9626 53.0812 56.8325
      vertex 88.7273 65.0356 52.9807
      vertex 88.707 65.0227 52.705
    endloop
  endfacet
  facet normal -0.5373 0.843391 0
    outer loop
      vertex 69.9626 53.0812 56.8325
      vertex 88.707 65.0227 52.705
      vertex 69.9626 53.0812 47.3075
    endloop
  endfacet
  facet normal -0.53728 0.843404 -9.74372e-05
    outer loop
      vertex 69.9626 53.0812 47.3075
      vertex 88.707 65.0227 52.705
      vertex 88.7273 65.0356 52.4293
    endloop
  endfacet
  facet normal -0.537311 0.843384 6.25891e-05
    outer loop
      vertex 69.9626 53.0812 47.3075
      vertex 88.7273 65.0356 52.4293
      vertex 88.7877 65.0741 52.162
    endloop
  endfacet
  facet normal -0.537255 0.84342 -0.000240594
    outer loop
      vertex 88.7877 65.0741 52.162
      vertex 88.8864 65.1369 51.9113
      vertex 69.9626 53.0812 47.3075
    endloop
  endfacet
  facet normal -0.537331 0.843372 0.000197258
    outer loop
      vertex 69.9626 53.0812 47.3075
      vertex 88.8864 65.1369 51.9113
      vertex 89.0202 65.2222 51.6846
    endloop
  endfacet
  facet normal -0.537289 0.843398 -5.89648e-05
    outer loop
      vertex 69.9626 53.0812 47.3075
      vertex 89.0202 65.2222 51.6846
      vertex 89.1852 65.3273 51.4889
    endloop
  endfacet
  facet normal -0.537409 0.843322 -0.000151878
    outer loop
      vertex 90.5038 66.1673 51.2132
      vertex 90.7153 66.3021 51.3302
      vertex 94.5981 68.7757 47.3075
    endloop
  endfacet
  facet normal -0.537285 0.843401 1.66082e-05
    outer loop
      vertex 94.5981 68.7757 47.3075
      vertex 90.7153 66.3021 51.3302
      vertex 90.9065 66.4239 51.4889
    endloop
  endfacet
  facet normal -0.537269 0.843411 3.57339e-05
    outer loop
      vertex 94.5981 68.7757 47.3075
      vertex 90.9065 66.4239 51.4889
      vertex 91.0715 66.529 51.6846
    endloop
  endfacet
  facet normal -0.537293 0.843395 8.61307e-06
    outer loop
      vertex 91.0715 66.529 51.6846
      vertex 91.2054 66.6143 51.9113
      vertex 94.5981 68.7757 47.3075
    endloop
  endfacet
  facet normal -0.537269 0.843411 3.39308e-05
    outer loop
      vertex 94.5981 68.7757 47.3075
      vertex 91.2054 66.6143 51.9113
      vertex 91.304 66.6771 52.162
    endloop
  endfacet
  facet normal -0.537355 0.843356 -4.84361e-05
    outer loop
      vertex 94.5981 68.7757 47.3075
      vertex 91.304 66.6771 52.162
      vertex 91.3644 66.7156 52.4293
    endloop
  endfacet
  facet normal -0.537275 0.843407 -3.75336e-05
    outer loop
      vertex 91.304 66.6771 53.248
      vertex 91.2054 66.6143 53.4987
      vertex 94.5981 68.7757 56.8325
    endloop
  endfacet
  facet normal -0.537295 0.843394 -9.81804e-06
    outer loop
      vertex 94.5981 68.7757 56.8325
      vertex 91.2054 66.6143 53.4987
      vertex 91.0715 66.529 53.7254
    endloop
  endfacet
  facet normal -0.537275 0.843407 -4.19591e-05
    outer loop
      vertex 94.5981 68.7757 56.8325
      vertex 91.0715 66.529 53.7254
      vertex 90.9065 66.4239 53.9211
    endloop
  endfacet
  facet normal -0.537287 0.8434 -2.01379e-05
    outer loop
      vertex 90.9065 66.4239 53.9211
      vertex 90.7153 66.3021 54.0798
      vertex 94.5981 68.7757 56.8325
    endloop
  endfacet
  facet normal -0.537393 0.843332 0.00019124
    outer loop
      vertex 94.5981 68.7757 56.8325
      vertex 90.7153 66.3021 54.0798
      vertex 90.5038 66.1673 54.1968
    endloop
  endfacet
  facet normal -0.537309 0.843385 7.71865e-06
    outer loop
      vertex 94.5981 68.7757 56.8325
      vertex 90.5038 66.1673 54.1968
      vertex 90.2784 66.0237 54.2684
    endloop
  endfacet
  facet normal -0.537293 0.843395 -3.10273e-05
    outer loop
      vertex 89.1852 65.3273 51.4889
      vertex 89.3764 65.4491 51.3302
      vertex 69.9626 53.0812 47.3075
    endloop
  endfacet
  facet normal -0.537344 0.843363 0.000315872
    outer loop
      vertex 69.9626 53.0812 47.3075
      vertex 89.3764 65.4491 51.3302
      vertex 89.5879 65.5839 51.2132
    endloop
  endfacet
  facet normal -0.537299 0.843392 -8.72152e-06
    outer loop
      vertex 69.9626 53.0812 47.3075
      vertex 89.5879 65.5839 51.2132
      vertex 94.5981 68.7757 47.3075
    endloop
  endfacet
  facet normal -0.537037 0.843558 0.000462466
    outer loop
      vertex 94.5981 68.7757 47.3075
      vertex 89.5879 65.5839 51.2132
      vertex 89.8134 65.7275 51.1416
    endloop
  endfacet
  facet normal -0.537244 0.843427 0.000100446
    outer loop
      vertex 94.5981 68.7757 47.3075
      vertex 89.8134 65.7275 51.1416
      vertex 90.0459 65.8756 51.1175
    endloop
  endfacet
  facet normal -0.537259 0.843417 -0.000111326
    outer loop
      vertex 90.2784 66.0237 54.2684
      vertex 90.0459 65.8756 54.2925
      vertex 94.5981 68.7757 56.8325
    endloop
  endfacet
  facet normal -0.537239 0.84343 -0.000162129
    outer loop
      vertex 94.5981 68.7757 56.8325
      vertex 90.0459 65.8756 54.2925
      vertex 89.8134 65.7275 54.2684
    endloop
  endfacet
  facet normal -0.537299 0.843392 -6.10101e-06
    outer loop
      vertex 94.5981 68.7757 56.8325
      vertex 89.8134 65.7275 54.2684
      vertex 69.9626 53.0812 56.8325
    endloop
  endfacet
  facet normal -0.537253 0.843421 0.000491735
    outer loop
      vertex 69.9626 53.0812 56.8325
      vertex 89.8134 65.7275 54.2684
      vertex 89.5879 65.5839 54.1968
    endloop
  endfacet
  facet normal -0.537333 0.84337 -0.000345607
    outer loop
      vertex 69.9626 53.0812 56.8325
      vertex 89.5879 65.5839 54.1968
      vertex 89.3764 65.4491 54.0798
    endloop
  endfacet
  facet normal -0.537295 0.843395 3.31159e-05
    outer loop
      vertex 89.3764 65.4491 54.0798
      vertex 89.1852 65.3273 53.9211
      vertex 69.9626 53.0812 56.8325
    endloop
  endfacet
  facet normal -0.537291 0.843397 6.18773e-05
    outer loop
      vertex 69.9626 53.0812 56.8325
      vertex 89.1852 65.3273 53.9211
      vertex 89.0202 65.2222 53.7254
    endloop
  endfacet
  facet normal -0.537322 0.843377 -0.000204337
    outer loop
      vertex 69.9626 53.0812 56.8325
      vertex 89.0202 65.2222 53.7254
      vertex 88.8864 65.1369 53.4987
    endloop
  endfacet
  facet normal -0.537025 0.843566 5.26002e-05
    outer loop
      vertex 66.9394 51.1552 79.1532
      vertex 67.151 51.2899 79.2702
      vertex 69.9626 53.0812 56.8325
    endloop
  endfacet
  facet normal -0.53731 0.843385 4.85669e-06
    outer loop
      vertex 66.0236 50.5717 79.1532
      vertex 66.249 50.7153 79.0816
      vertex 61.9293 47.9634 56.8325
    endloop
  endfacet
  facet normal -0.537311 0.843384 -1.7872e-06
    outer loop
      vertex 66.9394 51.1552 79.1532
      vertex 69.9626 53.0812 56.8325
      vertex 66.714 51.0116 79.0816
    endloop
  endfacet
  facet normal -0.537461 0.843289 -2.41281e-05
    outer loop
      vertex 67.151 51.2899 79.2702
      vertex 67.3421 51.4117 79.4289
      vertex 69.9626 53.0812 56.8325
    endloop
  endfacet
  facet normal -0.537364 0.84335 -8.37687e-06
    outer loop
      vertex 69.9626 53.0812 56.8325
      vertex 67.3421 51.4117 79.4289
      vertex 67.5072 51.5169 79.6246
    endloop
  endfacet
  facet normal -0.537149 0.843487 2.41539e-05
    outer loop
      vertex 69.9626 53.0812 56.8325
      vertex 67.5072 51.5169 79.6246
      vertex 67.641 51.6021 79.8512
    endloop
  endfacet
  facet normal -0.537367 0.843348 4.46849e-05
    outer loop
      vertex 67.8 51.7035 80.9207
      vertex 67.7396 51.665 81.188
      vertex 69.9626 53.0812 86.0425
    endloop
  endfacet
  facet normal -0.537537 0.84324 0.000154117
    outer loop
      vertex 69.9626 53.0812 86.0425
      vertex 67.7396 51.665 81.188
      vertex 67.641 51.6021 81.4388
    endloop
  endfacet
  facet normal -0.537212 0.843447 -7.62614e-05
    outer loop
      vertex 69.9626 53.0812 86.0425
      vertex 67.641 51.6021 81.4388
      vertex 67.5072 51.5169 81.6654
    endloop
  endfacet
  facet normal -0.537346 0.843362 2.95448e-05
    outer loop
      vertex 67.5072 51.5169 81.6654
      vertex 67.3421 51.4117 81.8611
      vertex 69.9626 53.0812 86.0425
    endloop
  endfacet
  facet normal -0.537419 0.843315 9.40187e-05
    outer loop
      vertex 69.9626 53.0812 86.0425
      vertex 67.3421 51.4117 81.8611
      vertex 67.151 51.2899 82.0198
    endloop
  endfacet
  facet normal -0.537093 0.843523 -0.000226262
    outer loop
      vertex 69.9626 53.0812 86.0425
      vertex 67.151 51.2899 82.0198
      vertex 66.9394 51.1552 82.1368
    endloop
  endfacet
  facet normal -0.537224 0.84344 9.90344e-05
    outer loop
      vertex 66.0236 50.5717 82.1368
      vertex 65.8121 50.437 82.0198
      vertex 61.9293 47.9634 86.0425
    endloop
  endfacet
  facet normal -0.537285 0.843401 1.66082e-05
    outer loop
      vertex 61.9293 47.9634 86.0425
      vertex 65.8121 50.437 82.0198
      vertex 65.6209 50.3152 81.8611
    endloop
  endfacet
  facet normal -0.537269 0.843411 3.57339e-05
    outer loop
      vertex 61.9293 47.9634 86.0425
      vertex 65.6209 50.3152 81.8611
      vertex 65.4559 50.2101 81.6654
    endloop
  endfacet
  facet normal -0.537287 0.8434 -3.09897e-06
    outer loop
      vertex 65.322 50.1248 79.8512
      vertex 65.4559 50.2101 79.6246
      vertex 61.9293 47.9634 56.8325
    endloop
  endfacet
  facet normal -0.537301 0.84339 2.465e-06
    outer loop
      vertex 61.9293 47.9634 56.8325
      vertex 66.249 50.7153 79.0816
      vertex 69.9626 53.0812 56.8325
    endloop
  endfacet
  facet normal -0.537512 0.843256 -4.70728e-05
    outer loop
      vertex 69.9626 53.0812 56.8325
      vertex 66.249 50.7153 79.0816
      vertex 66.4815 50.8635 79.0575
    endloop
  endfacet
  facet normal -0.537252 0.843422 1.0334e-05
    outer loop
      vertex 69.9626 53.0812 56.8325
      vertex 66.4815 50.8635 79.0575
      vertex 66.714 51.0116 79.0816
    endloop
  endfacet
  facet normal -0.537714 0.843127 -5.59877e-05
    outer loop
      vertex 67.641 51.6021 79.8512
      vertex 67.7396 51.665 80.102
      vertex 69.9626 53.0812 56.8325
    endloop
  endfacet
  facet normal -0.537445 0.843299 -1.98291e-05
    outer loop
      vertex 69.9626 53.0812 56.8325
      vertex 67.7396 51.665 80.102
      vertex 67.8 51.7035 80.3693
    endloop
  endfacet
  facet normal -0.537292 0.843396 0
    outer loop
      vertex 69.9626 53.0812 56.8325
      vertex 67.8 51.7035 80.3693
      vertex 69.9626 53.0812 86.0425
    endloop
  endfacet
  facet normal -0.537971 0.842963 0.0003641
    outer loop
      vertex 69.9626 53.0812 86.0425
      vertex 67.8 51.7035 80.3693
      vertex 67.8204 51.7164 80.645
    endloop
  endfacet
  facet normal -0.536871 0.843664 -0.00024988
    outer loop
      vertex 69.9626 53.0812 86.0425
      vertex 67.8204 51.7164 80.645
      vertex 67.8 51.7035 80.9207
    endloop
  endfacet
  facet normal -0.537293 0.843395 8.61526e-06
    outer loop
      vertex 65.4559 50.2101 81.6654
      vertex 65.322 50.1248 81.4388
      vertex 61.9293 47.9634 86.0425
    endloop
  endfacet
  facet normal -0.537481 0.843276 -0.000185347
    outer loop
      vertex 61.9293 47.9634 86.0425
      vertex 65.322 50.1248 81.4388
      vertex 65.2234 50.0619 81.188
    endloop
  endfacet
  facet normal -0.537093 0.843523 0.000183951
    outer loop
      vertex 61.9293 47.9634 86.0425
      vertex 65.2234 50.0619 81.188
      vertex 65.163 50.0235 80.9207
    endloop
  endfacet
  facet normal -0.537312 0.843383 -1.02119e-05
    outer loop
      vertex 65.163 50.0235 80.9207
      vertex 65.1426 50.0105 80.645
      vertex 61.9293 47.9634 86.0425
    endloop
  endfacet
  facet normal -0.537284 0.843401 1.31109e-05
    outer loop
      vertex 61.9293 47.9634 86.0425
      vertex 65.1426 50.0105 80.645
      vertex 65.163 50.0235 80.3693
    endloop
  endfacet
  facet normal -0.537301 0.843391 0
    outer loop
      vertex 61.9293 47.9634 86.0425
      vertex 65.163 50.0235 80.3693
      vertex 61.9293 47.9634 56.8325
    endloop
  endfacet
  facet normal -0.536812 0.843702 -9.44685e-05
    outer loop
      vertex 61.9293 47.9634 56.8325
      vertex 65.163 50.0235 80.3693
      vertex 65.2234 50.0619 80.102
    endloop
  endfacet
  facet normal -0.537676 0.843152 7.74892e-05
    outer loop
      vertex 61.9293 47.9634 56.8325
      vertex 65.2234 50.0619 80.102
      vertex 65.322 50.1248 79.8512
    endloop
  endfacet
  facet normal -0.537249 0.843424 -1.13395e-05
    outer loop
      vertex 65.4559 50.2101 79.6246
      vertex 65.6209 50.3152 79.4289
      vertex 61.9293 47.9634 56.8325
    endloop
  endfacet
  facet normal -0.537278 0.843405 -4.68951e-06
    outer loop
      vertex 61.9293 47.9634 56.8325
      vertex 65.6209 50.3152 79.4289
      vertex 65.8121 50.437 79.2702
    endloop
  endfacet
  facet normal -0.537195 0.843458 -2.48567e-05
    outer loop
      vertex 61.9293 47.9634 56.8325
      vertex 65.8121 50.437 79.2702
      vertex 66.0236 50.5717 79.1532
    endloop
  endfacet
  facet normal -0.537309 0.843385 8.55069e-06
    outer loop
      vertex 66.9394 51.1552 82.1368
      vertex 66.714 51.0116 82.2084
      vertex 69.9626 53.0812 86.0425
    endloop
  endfacet
  facet normal -0.537255 0.84342 -5.59601e-05
    outer loop
      vertex 69.9626 53.0812 86.0425
      vertex 66.714 51.0116 82.2084
      vertex 66.4815 50.8635 82.2325
    endloop
  endfacet
  facet normal -0.537301 0.84339 3.42158e-06
    outer loop
      vertex 69.9626 53.0812 86.0425
      vertex 66.4815 50.8635 82.2325
      vertex 61.9293 47.9634 86.0425
    endloop
  endfacet
  facet normal -0.537486 0.843272 -0.000307304
    outer loop
      vertex 61.9293 47.9634 86.0425
      vertex 66.4815 50.8635 82.2325
      vertex 66.249 50.7153 82.2084
    endloop
  endfacet
  facet normal -0.537306 0.843387 -2.20352e-05
    outer loop
      vertex 61.9293 47.9634 86.0425
      vertex 66.249 50.7153 82.2084
      vertex 66.0236 50.5717 82.1368
    endloop
  endfacet
  facet normal -0.5373 0.843391 0
    outer loop
      vertex 61.9293 47.9634 47.3075
      vertex 61.9293 47.9634 56.8325
      vertex 65.1426 50.0105 52.705
    endloop
  endfacet
  facet normal -0.537537 0.84324 -0.00015415
    outer loop
      vertex 67.641 51.6021 51.9113
      vertex 67.7396 51.665 52.162
      vertex 69.9626 53.0812 47.3075
    endloop
  endfacet
  facet normal -0.537367 0.843348 -4.46849e-05
    outer loop
      vertex 69.9626 53.0812 47.3075
      vertex 67.7396 51.665 52.162
      vertex 67.8 51.7035 52.4293
    endloop
  endfacet
  facet normal -0.537292 0.843396 0
    outer loop
      vertex 69.9626 53.0812 47.3075
      vertex 67.8 51.7035 52.4293
      vertex 69.9626 53.0812 56.8325
    endloop
  endfacet
  facet normal -0.537792 0.843077 0.000345519
    outer loop
      vertex 69.9626 53.0812 56.8325
      vertex 67.8 51.7035 52.4293
      vertex 67.8204 51.7164 52.705
    endloop
  endfacet
  facet normal -0.536963 0.843606 -0.000259455
    outer loop
      vertex 69.9626 53.0812 56.8325
      vertex 67.8204 51.7164 52.705
      vertex 67.8 51.7035 52.9807
    endloop
  endfacet
  facet normal -0.537354 0.843357 4.89134e-05
    outer loop
      vertex 67.8 51.7035 52.9807
      vertex 67.7396 51.665 53.248
      vertex 69.9626 53.0812 56.8325
    endloop
  endfacet
  facet normal -0.537499 0.843265 0.00017535
    outer loop
      vertex 69.9626 53.0812 56.8325
      vertex 67.7396 51.665 53.248
      vertex 67.641 51.6021 53.4987
    endloop
  endfacet
  facet normal -0.537228 0.843437 -8.95681e-05
    outer loop
      vertex 69.9626 53.0812 56.8325
      vertex 67.641 51.6021 53.4987
      vertex 67.5072 51.5169 53.7254
    endloop
  endfacet
  facet normal -0.537312 0.843383 1.02119e-05
    outer loop
      vertex 65.1426 50.0105 52.705
      vertex 65.163 50.0235 52.4293
      vertex 61.9293 47.9634 47.3075
    endloop
  endfacet
  facet normal -0.537093 0.843523 -0.000183951
    outer loop
      vertex 61.9293 47.9634 47.3075
      vertex 65.163 50.0235 52.4293
      vertex 65.2234 50.0619 52.162
    endloop
  endfacet
  facet normal -0.537481 0.843276 0.000185394
    outer loop
      vertex 61.9293 47.9634 47.3075
      vertex 65.2234 50.0619 52.162
      vertex 65.322 50.1248 51.9113
    endloop
  endfacet
  facet normal -0.537293 0.843395 -8.61307e-06
    outer loop
      vertex 65.322 50.1248 51.9113
      vertex 65.4559 50.2101 51.6846
      vertex 61.9293 47.9634 47.3075
    endloop
  endfacet
  facet normal -0.537269 0.843411 -3.57339e-05
    outer loop
      vertex 61.9293 47.9634 47.3075
      vertex 65.4559 50.2101 51.6846
      vertex 65.6209 50.3152 51.4889
    endloop
  endfacet
  facet normal -0.537285 0.843401 -1.66082e-05
    outer loop
      vertex 61.9293 47.9634 47.3075
      vertex 65.6209 50.3152 51.4889
      vertex 65.8121 50.437 51.3302
    endloop
  endfacet
  facet normal -0.537309 0.843385 -8.55069e-06
    outer loop
      vertex 66.714 51.0116 51.1416
      vertex 66.9394 51.1552 51.2132
      vertex 69.9626 53.0812 47.3075
    endloop
  endfacet
  facet normal -0.537093 0.843523 0.000226262
    outer loop
      vertex 69.9626 53.0812 47.3075
      vertex 66.9394 51.1552 51.2132
      vertex 67.151 51.2899 51.3302
    endloop
  endfacet
  facet normal -0.537341 0.843365 3.57803e-05
    outer loop
      vertex 67.5072 51.5169 53.7254
      vertex 67.3421 51.4117 53.9211
      vertex 69.9626 53.0812 56.8325
    endloop
  endfacet
  facet normal -0.537406 0.843324 0.00011749
    outer loop
      vertex 69.9626 53.0812 56.8325
      vertex 67.3421 51.4117 53.9211
      vertex 67.151 51.2899 54.0798
    endloop
  endfacet
  facet normal -0.53712 0.843506 -0.000292969
    outer loop
      vertex 69.9626 53.0812 56.8325
      vertex 67.151 51.2899 54.0798
      vertex 66.9394 51.1552 54.1968
    endloop
  endfacet
  facet normal -0.537234 0.843433 0.000124698
    outer loop
      vertex 61.9293 47.9634 56.8325
      vertex 66.0236 50.5717 54.1968
      vertex 65.8121 50.437 54.0798
    endloop
  endfacet
  facet normal -0.537287 0.8434 2.01379e-05
    outer loop
      vertex 65.8121 50.437 54.0798
      vertex 65.6209 50.3152 53.9211
      vertex 61.9293 47.9634 56.8325
    endloop
  endfacet
  facet normal -0.537275 0.843407 4.19591e-05
    outer loop
      vertex 61.9293 47.9634 56.8325
      vertex 65.6209 50.3152 53.9211
      vertex 65.4559 50.2101 53.7254
    endloop
  endfacet
  facet normal -0.537295 0.843394 9.81804e-06
    outer loop
      vertex 61.9293 47.9634 56.8325
      vertex 65.4559 50.2101 53.7254
      vertex 65.322 50.1248 53.4987
    endloop
  endfacet
  facet normal -0.537445 0.843299 -0.000205086
    outer loop
      vertex 65.322 50.1248 53.4987
      vertex 65.2234 50.0619 53.248
      vertex 61.9293 47.9634 56.8325
    endloop
  endfacet
  facet normal -0.537134 0.843497 0.000196808
    outer loop
      vertex 61.9293 47.9634 56.8325
      vertex 65.2234 50.0619 53.248
      vertex 65.163 50.0235 52.9807
    endloop
  endfacet
  facet normal -0.53731 0.843385 -1.04846e-05
    outer loop
      vertex 61.9293 47.9634 56.8325
      vertex 65.163 50.0235 52.9807
      vertex 65.1426 50.0105 52.705
    endloop
  endfacet
  facet normal -0.537224 0.84344 -9.90344e-05
    outer loop
      vertex 65.8121 50.437 51.3302
      vertex 66.0236 50.5717 51.2132
      vertex 61.9293 47.9634 47.3075
    endloop
  endfacet
  facet normal -0.537306 0.843387 2.20352e-05
    outer loop
      vertex 61.9293 47.9634 47.3075
      vertex 66.0236 50.5717 51.2132
      vertex 66.249 50.7153 51.1416
    endloop
  endfacet
  facet normal -0.537301 0.84339 1.43043e-05
    outer loop
      vertex 61.9293 47.9634 47.3075
      vertex 66.249 50.7153 51.1416
      vertex 69.9626 53.0812 47.3075
    endloop
  endfacet
  facet normal -0.537531 0.843244 -0.000298389
    outer loop
      vertex 69.9626 53.0812 47.3075
      vertex 66.249 50.7153 51.1416
      vertex 66.4815 50.8635 51.1175
    endloop
  endfacet
  facet normal -0.537255 0.84342 5.59601e-05
    outer loop
      vertex 69.9626 53.0812 47.3075
      vertex 66.4815 50.8635 51.1175
      vertex 66.714 51.0116 51.1416
    endloop
  endfacet
  facet normal -0.537419 0.843315 -9.40187e-05
    outer loop
      vertex 67.151 51.2899 51.3302
      vertex 67.3421 51.4117 51.4889
      vertex 69.9626 53.0812 47.3075
    endloop
  endfacet
  facet normal -0.537346 0.843362 -2.95448e-05
    outer loop
      vertex 69.9626 53.0812 47.3075
      vertex 67.3421 51.4117 51.4889
      vertex 67.5072 51.5169 51.6846
    endloop
  endfacet
  facet normal -0.537212 0.843447 7.62451e-05
    outer loop
      vertex 69.9626 53.0812 47.3075
      vertex 67.5072 51.5169 51.6846
      vertex 67.641 51.6021 51.9113
    endloop
  endfacet
  facet normal -0.537309 0.843386 1.15705e-05
    outer loop
      vertex 66.9394 51.1552 54.1968
      vertex 66.714 51.0116 54.2684
      vertex 69.9626 53.0812 56.8325
    endloop
  endfacet
  facet normal -0.537257 0.843419 -8.04596e-05
    outer loop
      vertex 69.9626 53.0812 56.8325
      vertex 66.714 51.0116 54.2684
      vertex 66.4815 50.8635 54.2925
    endloop
  endfacet
  facet normal -0.537301 0.84339 5.13237e-06
    outer loop
      vertex 69.9626 53.0812 56.8325
      vertex 66.4815 50.8635 54.2925
      vertex 61.9293 47.9634 56.8325
    endloop
  endfacet
  facet normal -0.537477 0.843278 -0.000436886
    outer loop
      vertex 61.9293 47.9634 56.8325
      vertex 66.4815 50.8635 54.2925
      vertex 66.249 50.7153 54.2684
    endloop
  endfacet
  facet normal -0.537305 0.843388 -2.91447e-05
    outer loop
      vertex 61.9293 47.9634 56.8325
      vertex 66.249 50.7153 54.2684
      vertex 66.0236 50.5717 54.1968
    endloop
  endfacet
  facet normal 0 0 1
    outer loop
      vertex 94.5981 68.7757 47.3075
      vertex 90.5039 75.2023 47.3075
      vertex 69.9626 53.0812 47.3075
    endloop
  endfacet
  facet normal 0 -0 1
    outer loop
      vertex 69.9626 53.0812 47.3075
      vertex 90.5039 75.2023 47.3075
      vertex 57.8351 54.39 47.3075
    endloop
  endfacet
  facet normal 0 0 1
    outer loop
      vertex 69.9626 53.0812 47.3075
      vertex 57.8351 54.39 47.3075
      vertex 61.9293 47.9634 47.3075
    endloop
  endfacet
  facet normal 0.843391 0.5373 0
    outer loop
      vertex 57.8351 54.39 86.0425
      vertex 61.9293 47.9634 86.0425
      vertex 57.8351 54.39 47.3075
    endloop
  endfacet
  facet normal 0.843391 0.5373 0
    outer loop
      vertex 57.8351 54.39 47.3075
      vertex 61.9293 47.9634 86.0425
      vertex 61.9293 47.9634 56.8325
    endloop
  endfacet
  facet normal 0.843391 0.5373 0
    outer loop
      vertex 57.8351 54.39 47.3075
      vertex 61.9293 47.9634 56.8325
      vertex 61.9293 47.9634 47.3075
    endloop
  endfacet
  facet normal 0 -0 -1
    outer loop
      vertex 90.5039 75.2023 86.0425
      vertex 94.5981 68.7757 86.0425
      vertex 57.8351 54.39 86.0425
    endloop
  endfacet
  facet normal 0 0 -1
    outer loop
      vertex 57.8351 54.39 86.0425
      vertex 94.5981 68.7757 86.0425
      vertex 69.9626 53.0812 86.0425
    endloop
  endfacet
  facet normal 0 0 -1
    outer loop
      vertex 57.8351 54.39 86.0425
      vertex 69.9626 53.0812 86.0425
      vertex 61.9293 47.9634 86.0425
    endloop
  endfacet
  facet normal -0.843391 -0.5373 -0
    outer loop
      vertex 94.5981 68.7757 86.0425
      vertex 90.5039 75.2023 86.0425
      vertex 94.5981 68.7757 56.8325
    endloop
  endfacet
  facet normal -0.843391 -0.5373 0
    outer loop
      vertex 94.5981 68.7757 56.8325
      vertex 90.5039 75.2023 86.0425
      vertex 90.5039 75.2023 47.3075
    endloop
  endfacet
  facet normal -0.843391 -0.5373 -0
    outer loop
      vertex 94.5981 68.7757 56.8325
      vertex 90.5039 75.2023 47.3075
      vertex 94.5981 68.7757 47.3075
    endloop
  endfacet
  facet normal 0 -0 1
    outer loop
      vertex 61.2252 43.7503 88.9
      vertex 64.0369 45.5415 88.9
      vertex 55.4251 52.8547 88.9
    endloop
  endfacet
  facet normal 0 0 1
    outer loop
      vertex 55.4251 52.8547 88.9
      vertex 64.0369 45.5415 88.9
      vertex 71.6685 50.4034 88.9
    endloop
  endfacet
  facet normal -0 0 1
    outer loop
      vertex 55.4251 52.8547 88.9
      vertex 71.6685 50.4034 88.9
      vertex 92.9138 76.7377 88.9
    endloop
  endfacet
  facet normal 0 0 1
    outer loop
      vertex 92.9138 76.7377 88.9
      vertex 71.6685 50.4034 88.9
      vertex 88.2707 60.9801 88.9
    endloop
  endfacet
  facet normal 0 0 1
    outer loop
      vertex 92.9138 76.7377 88.9
      vertex 88.2707 60.9801 88.9
      vertex 98.714 67.6333 88.9
    endloop
  endfacet
  facet normal -0.537331 0.843372 0
    outer loop
      vertex 90.5039 75.2023 47.3075
      vertex 90.5039 75.2023 86.0425
      vertex 92.9138 76.7377 88.9
    endloop
  endfacet
  facet normal -0.53729 0.843398 0
    outer loop
      vertex 57.8351 54.39 41.5925
      vertex 57.8351 54.39 2.8575
      vertex 55.4251 52.8547 0
    endloop
  endfacet
  facet normal -0.537301 0.843391 -3.54939e-05
    outer loop
      vertex 92.9138 76.7377 88.9
      vertex 90.5039 75.2023 86.0425
      vertex 55.4251 52.8547 88.9
    endloop
  endfacet
  facet normal -0.537299 0.843392 -1.1152e-05
    outer loop
      vertex 55.4251 52.8547 88.9
      vertex 90.5039 75.2023 86.0425
      vertex 57.8351 54.39 86.0425
    endloop
  endfacet
  facet normal -0.53729 0.843398 0
    outer loop
      vertex 55.4251 52.8547 88.9
      vertex 57.8351 54.39 86.0425
      vertex 57.8351 54.39 47.3075
    endloop
  endfacet
  facet normal -0.537301 0.843391 1.28243e-05
    outer loop
      vertex 55.4251 52.8547 0
      vertex 57.8351 54.39 2.8575
      vertex 92.9138 76.7377 0
    endloop
  endfacet
  facet normal -0.537299 0.843392 3.71662e-05
    outer loop
      vertex 92.9138 76.7377 0
      vertex 57.8351 54.39 2.8575
      vertex 90.5039 75.2023 2.8575
    endloop
  endfacet
  facet normal -0.537331 0.843372 0
    outer loop
      vertex 92.9138 76.7377 0
      vertex 90.5039 75.2023 2.8575
      vertex 90.5039 75.2023 41.5925
    endloop
  endfacet
  facet normal -0.53729 0.843398 0
    outer loop
      vertex 55.4251 52.8547 0
      vertex 55.4251 52.8547 88.9
      vertex 57.8351 54.39 41.5925
    endloop
  endfacet
  facet normal -0.53729 0.843398 0
    outer loop
      vertex 57.8351 54.39 41.5925
      vertex 55.4251 52.8547 88.9
      vertex 57.8351 54.39 47.3075
    endloop
  endfacet
  facet normal -0.537299 0.843392 0
    outer loop
      vertex 57.8351 54.39 41.5925
      vertex 57.8351 54.39 47.3075
      vertex 90.5039 75.2023 41.5925
    endloop
  endfacet
  facet normal -0.537299 0.843392 0
    outer loop
      vertex 90.5039 75.2023 41.5925
      vertex 57.8351 54.39 47.3075
      vertex 90.5039 75.2023 47.3075
    endloop
  endfacet
  facet normal -0.537331 0.843372 0
    outer loop
      vertex 90.5039 75.2023 41.5925
      vertex 90.5039 75.2023 47.3075
      vertex 92.9138 76.7377 0
    endloop
  endfacet
  facet normal -0.537331 0.843372 0
    outer loop
      vertex 92.9138 76.7377 0
      vertex 90.5039 75.2023 47.3075
      vertex 92.9138 76.7377 88.9
    endloop
  endfacet
  facet normal 0.843389 0.537303 0
    outer loop
      vertex 92.9138 76.7377 88.9
      vertex 98.714 67.6333 88.9
      vertex 98.714 67.6333 76.5175
    endloop
  endfacet
  facet normal 0.843389 0.537303 0
    outer loop
      vertex 98.714 67.6333 76.5175
      vertex 98.714 67.6333 56.8325
      vertex 92.9138 76.7377 88.9
    endloop
  endfacet
  facet normal 0.843389 0.537303 0
    outer loop
      vertex 92.9138 76.7377 88.9
      vertex 98.714 67.6333 56.8325
      vertex 98.714 67.6333 44.45
    endloop
  endfacet
  facet normal 0.843389 0.537303 0
    outer loop
      vertex 92.9138 76.7377 88.9
      vertex 98.714 67.6333 44.45
      vertex 92.9138 76.7377 0
    endloop
  endfacet
  facet normal 0.843389 0.537303 0
    outer loop
      vertex 92.9138 76.7377 0
      vertex 98.714 67.6333 44.45
      vertex 98.714 67.6333 32.0675
    endloop
  endfacet
  facet normal 0.843389 0.537303 0
    outer loop
      vertex 98.714 67.6333 32.0675
      vertex 98.714 67.6333 12.3825
      vertex 92.9138 76.7377 0
    endloop
  endfacet
  facet normal 0.843389 0.537303 0
    outer loop
      vertex 92.9138 76.7377 0
      vertex 98.714 67.6333 12.3825
      vertex 98.714 67.6333 3.33375
    endloop
  endfacet
  facet normal 0.843389 0.537303 0
    outer loop
      vertex 92.9138 76.7377 0
      vertex 98.714 67.6333 3.33375
      vertex 98.714 67.6333 0
    endloop
  endfacet
  facet normal 0.537539 -0.843239 -0.000181558
    outer loop
      vertex 69.506 49.0257 8.53067
      vertex 69.5263 49.0387 8.255
      vertex 71.6685 50.4034 12.3825
    endloop
  endfacet
  facet normal 0.537289 -0.843398 0
    outer loop
      vertex 61.2252 43.7503 3.33375
      vertex 61.2252 43.7503 0
      vertex 64.0369 45.5415 0
    endloop
  endfacet
  facet normal 0.537289 -0.843398 0
    outer loop
      vertex 61.2252 43.7503 12.3825
      vertex 61.2252 43.7503 3.33375
      vertex 64.0369 45.5415 3.33375
    endloop
  endfacet
  facet normal 0.537289 -0.843398 0
    outer loop
      vertex 61.2252 43.7503 22.225
      vertex 61.2252 43.7503 12.3825
      vertex 64.0369 45.5415 12.3825
    endloop
  endfacet
  facet normal 0.537289 -0.843398 0
    outer loop
      vertex 61.2252 43.7503 56.8325
      vertex 61.2252 43.7503 44.45
      vertex 64.0369 45.5415 44.45
    endloop
  endfacet
  facet normal 0.537289 -0.843398 0
    outer loop
      vertex 61.2252 43.7503 66.675
      vertex 61.2252 43.7503 56.8325
      vertex 64.0369 45.5415 56.8325
    endloop
  endfacet
  facet normal 0.537289 -0.843398 0
    outer loop
      vertex 64.0369 45.5415 88.9
      vertex 61.2252 43.7503 88.9
      vertex 64.0369 45.5415 76.5175
    endloop
  endfacet
  facet normal 0.537289 -0.843398 0
    outer loop
      vertex 64.0369 45.5415 76.5175
      vertex 61.2252 43.7503 88.9
      vertex 61.2252 43.7503 76.5175
    endloop
  endfacet
  facet normal 0.537289 -0.843398 0
    outer loop
      vertex 64.0369 45.5415 76.5175
      vertex 61.2252 43.7503 76.5175
      vertex 61.2252 43.7503 66.675
    endloop
  endfacet
  facet normal 0.537289 -0.843398 0
    outer loop
      vertex 64.0369 45.5415 44.45
      vertex 61.2252 43.7503 44.45
      vertex 64.0369 45.5415 32.0675
    endloop
  endfacet
  facet normal 0.537289 -0.843398 0
    outer loop
      vertex 64.0369 45.5415 32.0675
      vertex 61.2252 43.7503 44.45
      vertex 61.2252 43.7503 32.0675
    endloop
  endfacet
  facet normal 0.537289 -0.843398 0
    outer loop
      vertex 64.0369 45.5415 32.0675
      vertex 61.2252 43.7503 32.0675
      vertex 61.2252 43.7503 22.225
    endloop
  endfacet
  facet normal 0.537539 -0.843239 0.000181541
    outer loop
      vertex 71.6685 50.4034 76.5175
      vertex 69.5263 49.0387 80.645
      vertex 69.506 49.0257 80.3693
    endloop
  endfacet
  facet normal 0.537163 -0.843478 9.48501e-05
    outer loop
      vertex 71.6685 50.4034 88.9
      vertex 68.4199 48.3338 82.2084
      vertex 68.6454 48.4774 82.1368
    endloop
  endfacet
  facet normal 0.537438 -0.843303 -7.79341e-05
    outer loop
      vertex 68.6454 48.4774 82.1368
      vertex 68.8569 48.6122 82.0198
      vertex 71.6685 50.4034 88.9
    endloop
  endfacet
  facet normal 0.537282 -0.843403 1.1758e-05
    outer loop
      vertex 71.6685 50.4034 88.9
      vertex 68.8569 48.6122 82.0198
      vertex 69.0481 48.734 81.8611
    endloop
  endfacet
  facet normal 0.537259 -0.843417 2.36568e-05
    outer loop
      vertex 71.6685 50.4034 88.9
      vertex 69.0481 48.734 81.8611
      vertex 69.2131 48.8391 81.6654
    endloop
  endfacet
  facet normal 0.537366 -0.843349 4.49094e-05
    outer loop
      vertex 69.506 49.0257 80.3693
      vertex 69.4456 48.9872 80.102
      vertex 71.6685 50.4034 76.5175
    endloop
  endfacet
  facet normal 0.537123 -0.843504 -0.000167369
    outer loop
      vertex 71.6685 50.4034 76.5175
      vertex 69.4456 48.9872 80.102
      vertex 69.3469 48.9244 79.8512
    endloop
  endfacet
  facet normal 0.53742 -0.843315 0.000123428
    outer loop
      vertex 71.6685 50.4034 76.5175
      vertex 69.3469 48.9244 79.8512
      vertex 69.2131 48.8391 79.6246
    endloop
  endfacet
  facet normal 0.537273 -0.843408 -3.98779e-05
    outer loop
      vertex 69.2131 48.8391 79.6246
      vertex 69.0481 48.734 79.4289
      vertex 71.6685 50.4034 76.5175
    endloop
  endfacet
  facet normal 0.537288 -0.843399 -2.12992e-05
    outer loop
      vertex 71.6685 50.4034 76.5175
      vertex 69.0481 48.734 79.4289
      vertex 68.8569 48.6122 79.2702
    endloop
  endfacet
  facet normal 0.537409 -0.843322 0.000152605
    outer loop
      vertex 71.6685 50.4034 76.5175
      vertex 68.8569 48.6122 79.2702
      vertex 68.6454 48.4774 79.1532
    endloop
  endfacet
  facet normal 0.537474 -0.84328 -7.87085e-05
    outer loop
      vertex 69.2131 48.8391 81.6654
      vertex 69.3469 48.9244 81.4388
      vertex 71.6685 50.4034 88.9
    endloop
  endfacet
  facet normal 0.537029 -0.843564 0.000115671
    outer loop
      vertex 71.6685 50.4034 88.9
      vertex 69.3469 48.9244 81.4388
      vertex 69.4456 48.9872 81.188
    endloop
  endfacet
  facet normal 0.5374 -0.843328 -3.43462e-05
    outer loop
      vertex 71.6685 50.4034 88.9
      vertex 69.4456 48.9872 81.188
      vertex 69.506 49.0257 80.9207
    endloop
  endfacet
  facet normal 0.537259 -0.843417 0.000106805
    outer loop
      vertex 67.9549 48.0376 79.0816
      vertex 64.0369 45.5415 76.5175
      vertex 68.1874 48.1857 79.0575
    endloop
  endfacet
  facet normal 0.537302 -0.84339 6.99494e-06
    outer loop
      vertex 68.1874 48.1857 79.0575
      vertex 64.0369 45.5415 76.5175
      vertex 71.6685 50.4034 76.5175
    endloop
  endfacet
  facet normal 0.537257 -0.843419 -8.04596e-05
    outer loop
      vertex 68.1874 48.1857 79.0575
      vertex 71.6685 50.4034 76.5175
      vertex 68.4199 48.3338 79.0816
    endloop
  endfacet
  facet normal 0.537188 -0.843463 -0.000203728
    outer loop
      vertex 68.4199 48.3338 79.0816
      vertex 71.6685 50.4034 76.5175
      vertex 68.6454 48.4774 79.1532
    endloop
  endfacet
  facet normal 0.53731 -0.843385 -3.79214e-06
    outer loop
      vertex 67.9549 48.0376 79.0816
      vertex 67.7295 47.894 79.1532
      vertex 64.0369 45.5415 76.5175
    endloop
  endfacet
  facet normal 0.537399 -0.843328 -0.000177899
    outer loop
      vertex 64.0369 45.5415 76.5175
      vertex 67.7295 47.894 79.1532
      vertex 67.518 47.7592 79.2702
    endloop
  endfacet
  facet normal 0.537287 -0.843399 2.05305e-05
    outer loop
      vertex 64.0369 45.5415 76.5175
      vertex 67.518 47.7592 79.2702
      vertex 67.3268 47.6374 79.4289
    endloop
  endfacet
  facet normal 0.537274 -0.843408 4.12696e-05
    outer loop
      vertex 67.3268 47.6374 79.4289
      vertex 67.1618 47.5323 79.6246
      vertex 64.0369 45.5415 76.5175
    endloop
  endfacet
  facet normal 0.537296 -0.843394 1.06161e-05
    outer loop
      vertex 64.0369 45.5415 76.5175
      vertex 67.1618 47.5323 79.6246
      vertex 67.0279 47.447 79.8512
    endloop
  endfacet
  facet normal 0.537275 -0.843407 3.7134e-05
    outer loop
      vertex 64.0369 45.5415 76.5175
      vertex 67.0279 47.447 79.8512
      vertex 66.9293 47.3842 80.102
    endloop
  endfacet
  facet normal 0.537282 -0.843403 -1.18567e-05
    outer loop
      vertex 64.0369 45.5415 88.9
      vertex 67.3268 47.6374 81.8611
      vertex 67.518 47.7592 82.0198
    endloop
  endfacet
  facet normal 0.537256 -0.843419 -2.69632e-05
    outer loop
      vertex 66.9293 47.3842 81.188
      vertex 67.0279 47.447 81.4388
      vertex 64.0369 45.5415 88.9
    endloop
  endfacet
  facet normal 0.537292 -0.843397 -7.1171e-06
    outer loop
      vertex 64.0369 45.5415 88.9
      vertex 67.0279 47.447 81.4388
      vertex 67.1618 47.5323 81.6654
    endloop
  endfacet
  facet normal 0.537261 -0.843416 -2.57007e-05
    outer loop
      vertex 64.0369 45.5415 88.9
      vertex 67.1618 47.5323 81.6654
      vertex 67.3268 47.6374 81.8611
    endloop
  endfacet
  facet normal 0.537432 -0.843307 9.45118e-05
    outer loop
      vertex 67.518 47.7592 82.0198
      vertex 67.7295 47.894 82.1368
      vertex 64.0369 45.5415 88.9
    endloop
  endfacet
  facet normal 0.537311 -0.843384 1.8199e-06
    outer loop
      vertex 64.0369 45.5415 88.9
      vertex 67.7295 47.894 82.1368
      vertex 67.9549 48.0376 82.2084
    endloop
  endfacet
  facet normal 0.537302 -0.84339 -5.16198e-06
    outer loop
      vertex 64.0369 45.5415 88.9
      vertex 67.9549 48.0376 82.2084
      vertex 71.6685 50.4034 88.9
    endloop
  endfacet
  facet normal 0.537248 -0.843424 3.70088e-05
    outer loop
      vertex 71.6685 50.4034 88.9
      vertex 67.9549 48.0376 82.2084
      vertex 68.1874 48.1857 82.2325
    endloop
  endfacet
  facet normal 0.537253 -0.843421 3.32085e-05
    outer loop
      vertex 71.6685 50.4034 88.9
      vertex 68.1874 48.1857 82.2325
      vertex 68.4199 48.3338 82.2084
    endloop
  endfacet
  facet normal 0.537351 -0.843359 -4.96994e-05
    outer loop
      vertex 66.9293 47.3842 80.102
      vertex 66.8689 47.3457 80.3693
      vertex 64.0369 45.5415 76.5175
    endloop
  endfacet
  facet normal 0.537313 -0.843383 -1.01281e-05
    outer loop
      vertex 64.0369 45.5415 76.5175
      vertex 66.8689 47.3457 80.3693
      vertex 66.8485 47.3327 80.645
    endloop
  endfacet
  facet normal 0.537302 -0.84339 0
    outer loop
      vertex 64.0369 45.5415 76.5175
      vertex 66.8485 47.3327 80.645
      vertex 64.0369 45.5415 88.9
    endloop
  endfacet
  facet normal 0.537322 -0.843377 9.22427e-06
    outer loop
      vertex 64.0369 45.5415 88.9
      vertex 66.8485 47.3327 80.645
      vertex 66.8689 47.3457 80.9207
    endloop
  endfacet
  facet normal 0.537383 -0.843338 3.96979e-05
    outer loop
      vertex 64.0369 45.5415 88.9
      vertex 66.8689 47.3457 80.9207
      vertex 66.9293 47.3842 81.188
    endloop
  endfacet
  facet normal 0.537733 -0.843115 0.000161455
    outer loop
      vertex 69.5263 49.0387 52.705
      vertex 69.506 49.0257 52.4293
      vertex 71.6685 50.4034 44.45
    endloop
  endfacet
  facet normal 0.5374 -0.843328 3.43462e-05
    outer loop
      vertex 69.506 49.0257 52.4293
      vertex 69.4456 48.9872 52.162
      vertex 71.6685 50.4034 44.45
    endloop
  endfacet
  facet normal 0.537029 -0.843564 -0.000115691
    outer loop
      vertex 71.6685 50.4034 44.45
      vertex 69.4456 48.9872 52.162
      vertex 69.3469 48.9244 51.9113
    endloop
  endfacet
  facet normal 0.537474 -0.84328 7.86958e-05
    outer loop
      vertex 71.6685 50.4034 44.45
      vertex 69.3469 48.9244 51.9113
      vertex 69.2131 48.8391 51.6846
    endloop
  endfacet
  facet normal 0.537273 -0.843408 3.98779e-05
    outer loop
      vertex 69.0481 48.734 53.9211
      vertex 69.2131 48.8391 53.7254
      vertex 71.6685 50.4034 56.8325
    endloop
  endfacet
  facet normal 0.53742 -0.843315 -0.000123396
    outer loop
      vertex 71.6685 50.4034 56.8325
      vertex 69.2131 48.8391 53.7254
      vertex 69.3469 48.9244 53.4987
    endloop
  endfacet
  facet normal 0.537123 -0.843504 0.00016741
    outer loop
      vertex 69.3469 48.9244 53.4987
      vertex 69.4456 48.9872 53.248
      vertex 71.6685 50.4034 56.8325
    endloop
  endfacet
  facet normal 0.537366 -0.843349 -4.49094e-05
    outer loop
      vertex 71.6685 50.4034 56.8325
      vertex 69.4456 48.9872 53.248
      vertex 69.506 49.0257 52.9807
    endloop
  endfacet
  facet normal 0.537539 -0.843239 -0.000181541
    outer loop
      vertex 71.6685 50.4034 56.8325
      vertex 69.506 49.0257 52.9807
      vertex 69.5263 49.0387 52.705
    endloop
  endfacet
  facet normal 0.537259 -0.843417 -2.36568e-05
    outer loop
      vertex 69.2131 48.8391 51.6846
      vertex 69.0481 48.734 51.4889
      vertex 71.6685 50.4034 44.45
    endloop
  endfacet
  facet normal 0.537282 -0.843403 -1.1758e-05
    outer loop
      vertex 71.6685 50.4034 44.45
      vertex 69.0481 48.734 51.4889
      vertex 68.8569 48.6122 51.3302
    endloop
  endfacet
  facet normal 0.537438 -0.843303 7.79341e-05
    outer loop
      vertex 71.6685 50.4034 44.45
      vertex 68.8569 48.6122 51.3302
      vertex 68.6454 48.4774 51.2132
    endloop
  endfacet
  facet normal 0.537163 -0.843478 -9.48501e-05
    outer loop
      vertex 68.6454 48.4774 51.2132
      vertex 68.4199 48.3338 51.1416
      vertex 71.6685 50.4034 44.45
    endloop
  endfacet
  facet normal 0.537253 -0.843421 -3.32085e-05
    outer loop
      vertex 71.6685 50.4034 44.45
      vertex 68.4199 48.3338 51.1416
      vertex 68.1874 48.1857 51.1175
    endloop
  endfacet
  facet normal 0.537302 -0.84339 2.66474e-06
    outer loop
      vertex 71.6685 50.4034 44.45
      vertex 68.1874 48.1857 51.1175
      vertex 64.0369 45.5415 44.45
    endloop
  endfacet
  facet normal 0.537254 -0.84342 4.46953e-05
    outer loop
      vertex 64.0369 45.5415 44.45
      vertex 68.1874 48.1857 51.1175
      vertex 67.9549 48.0376 51.1416
    endloop
  endfacet
  facet normal 0.537311 -0.843384 -1.8199e-06
    outer loop
      vertex 64.0369 45.5415 44.45
      vertex 67.9549 48.0376 51.1416
      vertex 67.7295 47.894 51.2132
    endloop
  endfacet
  facet normal 0.537188 -0.843463 0.000203728
    outer loop
      vertex 68.4199 48.3338 54.2684
      vertex 68.6454 48.4774 54.1968
      vertex 71.6685 50.4034 56.8325
    endloop
  endfacet
  facet normal 0.537409 -0.843322 -0.000152605
    outer loop
      vertex 71.6685 50.4034 56.8325
      vertex 68.6454 48.4774 54.1968
      vertex 68.8569 48.6122 54.0798
    endloop
  endfacet
  facet normal 0.537288 -0.843399 2.12992e-05
    outer loop
      vertex 71.6685 50.4034 56.8325
      vertex 68.8569 48.6122 54.0798
      vertex 69.0481 48.734 53.9211
    endloop
  endfacet
  facet normal 0.537289 -0.843398 0
    outer loop
      vertex 61.2252 43.7503 56.8325
      vertex 64.0369 45.5415 44.45
      vertex 64.0369 45.5415 56.8325
    endloop
  endfacet
  facet normal 0.537303 -0.843389 0
    outer loop
      vertex 64.0369 45.5415 56.8325
      vertex 64.0369 45.5415 44.45
      vertex 66.8689 47.3457 52.4293
    endloop
  endfacet
  facet normal 0.537289 -0.843398 -1.25968e-05
    outer loop
      vertex 64.0369 45.5415 56.8325
      vertex 66.8689 47.3457 52.4293
      vertex 66.8485 47.3327 52.705
    endloop
  endfacet
  facet normal 0.537313 -0.843383 1.01281e-05
    outer loop
      vertex 66.8485 47.3327 52.705
      vertex 66.8689 47.3457 52.9807
      vertex 64.0369 45.5415 56.8325
    endloop
  endfacet
  facet normal 0.537351 -0.843359 4.96994e-05
    outer loop
      vertex 64.0369 45.5415 56.8325
      vertex 66.8689 47.3457 52.9807
      vertex 66.9293 47.3842 53.248
    endloop
  endfacet
  facet normal 0.537275 -0.843407 -3.7144e-05
    outer loop
      vertex 64.0369 45.5415 56.8325
      vertex 66.9293 47.3842 53.248
      vertex 67.0279 47.447 53.4987
    endloop
  endfacet
  facet normal 0.537432 -0.843307 -9.45118e-05
    outer loop
      vertex 67.7295 47.894 51.2132
      vertex 67.518 47.7592 51.3302
      vertex 64.0369 45.5415 44.45
    endloop
  endfacet
  facet normal 0.537282 -0.843403 1.18567e-05
    outer loop
      vertex 64.0369 45.5415 44.45
      vertex 67.518 47.7592 51.3302
      vertex 67.3268 47.6374 51.4889
    endloop
  endfacet
  facet normal 0.537261 -0.843416 2.57007e-05
    outer loop
      vertex 64.0369 45.5415 44.45
      vertex 67.3268 47.6374 51.4889
      vertex 67.1618 47.5323 51.6846
    endloop
  endfacet
  facet normal 0.537292 -0.843397 7.11577e-06
    outer loop
      vertex 67.1618 47.5323 51.6846
      vertex 67.0279 47.447 51.9113
      vertex 64.0369 45.5415 44.45
    endloop
  endfacet
  facet normal 0.537256 -0.843419 2.69685e-05
    outer loop
      vertex 64.0369 45.5415 44.45
      vertex 67.0279 47.447 51.9113
      vertex 66.9293 47.3842 52.162
    endloop
  endfacet
  facet normal 0.537383 -0.843338 -3.96979e-05
    outer loop
      vertex 64.0369 45.5415 44.45
      vertex 66.9293 47.3842 52.162
      vertex 66.8689 47.3457 52.4293
    endloop
  endfacet
  facet normal 0.537296 -0.843394 -1.06132e-05
    outer loop
      vertex 67.0279 47.447 53.4987
      vertex 67.1618 47.5323 53.7254
      vertex 64.0369 45.5415 56.8325
    endloop
  endfacet
  facet normal 0.537274 -0.843408 -4.12696e-05
    outer loop
      vertex 64.0369 45.5415 56.8325
      vertex 67.1618 47.5323 53.7254
      vertex 67.3268 47.6374 53.9211
    endloop
  endfacet
  facet normal 0.537287 -0.843399 -2.05305e-05
    outer loop
      vertex 64.0369 45.5415 56.8325
      vertex 67.3268 47.6374 53.9211
      vertex 67.518 47.7592 54.0798
    endloop
  endfacet
  facet normal 0.537399 -0.843328 0.000177899
    outer loop
      vertex 67.518 47.7592 54.0798
      vertex 67.7295 47.894 54.1968
      vertex 64.0369 45.5415 56.8325
    endloop
  endfacet
  facet normal 0.53731 -0.843385 3.79214e-06
    outer loop
      vertex 64.0369 45.5415 56.8325
      vertex 67.7295 47.894 54.1968
      vertex 67.9549 48.0376 54.2684
    endloop
  endfacet
  facet normal 0.537302 -0.84339 -1.34714e-05
    outer loop
      vertex 64.0369 45.5415 56.8325
      vertex 67.9549 48.0376 54.2684
      vertex 71.6685 50.4034 56.8325
    endloop
  endfacet
  facet normal 0.537243 -0.843427 0.000107107
    outer loop
      vertex 71.6685 50.4034 56.8325
      vertex 67.9549 48.0376 54.2684
      vertex 68.1874 48.1857 54.2925
    endloop
  endfacet
  facet normal 0.537257 -0.843419 8.04596e-05
    outer loop
      vertex 71.6685 50.4034 56.8325
      vertex 68.1874 48.1857 54.2925
      vertex 68.4199 48.3338 54.2684
    endloop
  endfacet
  facet normal 0.536959 -0.843608 -0.000241672
    outer loop
      vertex 69.506 49.0257 36.4707
      vertex 69.5263 49.0387 36.195
      vertex 71.6685 50.4034 32.0675
    endloop
  endfacet
  facet normal 0.537539 -0.843239 0.000181541
    outer loop
      vertex 71.6685 50.4034 32.0675
      vertex 69.5263 49.0387 36.195
      vertex 69.506 49.0257 35.9193
    endloop
  endfacet
  facet normal 0.537438 -0.843303 -7.79341e-05
    outer loop
      vertex 68.6454 48.4774 37.6868
      vertex 68.8569 48.6122 37.5698
      vertex 71.6685 50.4034 44.45
    endloop
  endfacet
  facet normal 0.537029 -0.843564 0.000115671
    outer loop
      vertex 69.3469 48.9244 36.9888
      vertex 69.4456 48.9872 36.738
      vertex 71.6685 50.4034 44.45
    endloop
  endfacet
  facet normal 0.5374 -0.843328 -3.43462e-05
    outer loop
      vertex 71.6685 50.4034 44.45
      vertex 69.4456 48.9872 36.738
      vertex 69.506 49.0257 36.4707
    endloop
  endfacet
  facet normal 0.537188 -0.843463 -0.000203728
    outer loop
      vertex 68.6454 48.4774 34.7032
      vertex 68.4199 48.3338 34.6316
      vertex 71.6685 50.4034 32.0675
    endloop
  endfacet
  facet normal 0.537257 -0.843419 -8.04596e-05
    outer loop
      vertex 71.6685 50.4034 32.0675
      vertex 68.4199 48.3338 34.6316
      vertex 68.1874 48.1857 34.6075
    endloop
  endfacet
  facet normal 0.537302 -0.84339 6.99494e-06
    outer loop
      vertex 71.6685 50.4034 32.0675
      vertex 68.1874 48.1857 34.6075
      vertex 64.0369 45.5415 32.0675
    endloop
  endfacet
  facet normal 0.537259 -0.843417 0.000106805
    outer loop
      vertex 64.0369 45.5415 32.0675
      vertex 68.1874 48.1857 34.6075
      vertex 67.9549 48.0376 34.6316
    endloop
  endfacet
  facet normal 0.537163 -0.843478 9.48501e-05
    outer loop
      vertex 68.6454 48.4774 37.6868
      vertex 71.6685 50.4034 44.45
      vertex 68.4199 48.3338 37.7584
    endloop
  endfacet
  facet normal 0.537282 -0.843403 1.1758e-05
    outer loop
      vertex 68.8569 48.6122 37.5698
      vertex 69.0481 48.734 37.4111
      vertex 71.6685 50.4034 44.45
    endloop
  endfacet
  facet normal 0.537259 -0.843417 2.36568e-05
    outer loop
      vertex 71.6685 50.4034 44.45
      vertex 69.0481 48.734 37.4111
      vertex 69.2131 48.8391 37.2154
    endloop
  endfacet
  facet normal 0.537474 -0.84328 -7.87085e-05
    outer loop
      vertex 71.6685 50.4034 44.45
      vertex 69.2131 48.8391 37.2154
      vertex 69.3469 48.9244 36.9888
    endloop
  endfacet
  facet normal 0.537366 -0.843349 4.49094e-05
    outer loop
      vertex 69.506 49.0257 35.9193
      vertex 69.4456 48.9872 35.652
      vertex 71.6685 50.4034 32.0675
    endloop
  endfacet
  facet normal 0.537123 -0.843504 -0.000167369
    outer loop
      vertex 71.6685 50.4034 32.0675
      vertex 69.4456 48.9872 35.652
      vertex 69.3469 48.9244 35.4012
    endloop
  endfacet
  facet normal 0.53742 -0.843315 0.000123428
    outer loop
      vertex 71.6685 50.4034 32.0675
      vertex 69.3469 48.9244 35.4012
      vertex 69.2131 48.8391 35.1746
    endloop
  endfacet
  facet normal 0.53731 -0.843385 -3.79214e-06
    outer loop
      vertex 67.9549 48.0376 34.6316
      vertex 67.7295 47.894 34.7032
      vertex 64.0369 45.5415 32.0675
    endloop
  endfacet
  facet normal 0.537399 -0.843328 -0.000177899
    outer loop
      vertex 64.0369 45.5415 32.0675
      vertex 67.7295 47.894 34.7032
      vertex 67.518 47.7592 34.8202
    endloop
  endfacet
  facet normal 0.537287 -0.843399 2.05305e-05
    outer loop
      vertex 64.0369 45.5415 32.0675
      vertex 67.518 47.7592 34.8202
      vertex 67.3268 47.6374 34.9789
    endloop
  endfacet
  facet normal 0.537256 -0.843419 -2.69632e-05
    outer loop
      vertex 66.9293 47.3842 36.738
      vertex 67.0279 47.447 36.9888
      vertex 64.0369 45.5415 44.45
    endloop
  endfacet
  facet normal 0.537273 -0.843408 -3.98779e-05
    outer loop
      vertex 69.2131 48.8391 35.1746
      vertex 69.0481 48.734 34.9789
      vertex 71.6685 50.4034 32.0675
    endloop
  endfacet
  facet normal 0.537288 -0.843399 -2.12992e-05
    outer loop
      vertex 71.6685 50.4034 32.0675
      vertex 69.0481 48.734 34.9789
      vertex 68.8569 48.6122 34.8202
    endloop
  endfacet
  facet normal 0.537409 -0.843322 0.000152605
    outer loop
      vertex 71.6685 50.4034 32.0675
      vertex 68.8569 48.6122 34.8202
      vertex 68.6454 48.4774 34.7032
    endloop
  endfacet
  facet normal 0.537274 -0.843408 4.12696e-05
    outer loop
      vertex 67.3268 47.6374 34.9789
      vertex 67.1618 47.5323 35.1746
      vertex 64.0369 45.5415 32.0675
    endloop
  endfacet
  facet normal 0.537296 -0.843394 1.06161e-05
    outer loop
      vertex 64.0369 45.5415 32.0675
      vertex 67.1618 47.5323 35.1746
      vertex 67.0279 47.447 35.4012
    endloop
  endfacet
  facet normal 0.537275 -0.843407 3.7134e-05
    outer loop
      vertex 64.0369 45.5415 32.0675
      vertex 67.0279 47.447 35.4012
      vertex 66.9293 47.3842 35.652
    endloop
  endfacet
  facet normal 0.537292 -0.843397 -7.1171e-06
    outer loop
      vertex 67.0279 47.447 36.9888
      vertex 67.1618 47.5323 37.2154
      vertex 64.0369 45.5415 44.45
    endloop
  endfacet
  facet normal 0.537261 -0.843416 -2.57007e-05
    outer loop
      vertex 64.0369 45.5415 44.45
      vertex 67.1618 47.5323 37.2154
      vertex 67.3268 47.6374 37.4111
    endloop
  endfacet
  facet normal 0.537282 -0.843403 -1.18567e-05
    outer loop
      vertex 64.0369 45.5415 44.45
      vertex 67.3268 47.6374 37.4111
      vertex 67.518 47.7592 37.5698
    endloop
  endfacet
  facet normal 0.537432 -0.843307 9.45118e-05
    outer loop
      vertex 67.518 47.7592 37.5698
      vertex 67.7295 47.894 37.6868
      vertex 64.0369 45.5415 44.45
    endloop
  endfacet
  facet normal 0.537311 -0.843384 1.8199e-06
    outer loop
      vertex 64.0369 45.5415 44.45
      vertex 67.7295 47.894 37.6868
      vertex 67.9549 48.0376 37.7584
    endloop
  endfacet
  facet normal 0.537302 -0.84339 -5.16198e-06
    outer loop
      vertex 64.0369 45.5415 44.45
      vertex 67.9549 48.0376 37.7584
      vertex 71.6685 50.4034 44.45
    endloop
  endfacet
  facet normal 0.537248 -0.843424 3.70088e-05
    outer loop
      vertex 71.6685 50.4034 44.45
      vertex 67.9549 48.0376 37.7584
      vertex 68.1874 48.1857 37.7825
    endloop
  endfacet
  facet normal 0.537253 -0.843421 3.32085e-05
    outer loop
      vertex 71.6685 50.4034 44.45
      vertex 68.1874 48.1857 37.7825
      vertex 68.4199 48.3338 37.7584
    endloop
  endfacet
  facet normal 0.537351 -0.843359 -4.96994e-05
    outer loop
      vertex 66.9293 47.3842 35.652
      vertex 66.8689 47.3457 35.9193
      vertex 64.0369 45.5415 32.0675
    endloop
  endfacet
  facet normal 0.537313 -0.843383 -1.01281e-05
    outer loop
      vertex 64.0369 45.5415 32.0675
      vertex 66.8689 47.3457 35.9193
      vertex 66.8485 47.3327 36.195
    endloop
  endfacet
  facet normal 0.537302 -0.84339 0
    outer loop
      vertex 64.0369 45.5415 32.0675
      vertex 66.8485 47.3327 36.195
      vertex 64.0369 45.5415 44.45
    endloop
  endfacet
  facet normal 0.537322 -0.843377 9.22427e-06
    outer loop
      vertex 64.0369 45.5415 44.45
      vertex 66.8485 47.3327 36.195
      vertex 66.8689 47.3457 36.4707
    endloop
  endfacet
  facet normal 0.537383 -0.843338 3.96979e-05
    outer loop
      vertex 64.0369 45.5415 44.45
      vertex 66.8689 47.3457 36.4707
      vertex 66.9293 47.3842 36.738
    endloop
  endfacet
  facet normal 0.537256 -0.843419 -6.31685e-05
    outer loop
      vertex 68.4199 48.3338 6.69162
      vertex 68.1874 48.1857 6.6675
      vertex 71.6685 50.4034 3.33375
    endloop
  endfacet
  facet normal 0.53742 -0.843315 -0.000123406
    outer loop
      vertex 69.2131 48.8391 9.27542
      vertex 69.3469 48.9244 9.04875
      vertex 71.6685 50.4034 12.3825
    endloop
  endfacet
  facet normal 0.537123 -0.843504 0.000167372
    outer loop
      vertex 71.6685 50.4034 12.3825
      vertex 69.3469 48.9244 9.04875
      vertex 69.4456 48.9872 8.79796
    endloop
  endfacet
  facet normal 0.537366 -0.843349 -4.49105e-05
    outer loop
      vertex 71.6685 50.4034 12.3825
      vertex 69.4456 48.9872 8.79796
      vertex 69.506 49.0257 8.53067
    endloop
  endfacet
  facet normal 0.53758 -0.843212 0.000177316
    outer loop
      vertex 69.5263 49.0387 8.255
      vertex 69.506 49.0257 7.97933
      vertex 71.6685 50.4034 3.33375
    endloop
  endfacet
  facet normal 0.537374 -0.843344 4.24026e-05
    outer loop
      vertex 71.6685 50.4034 3.33375
      vertex 69.506 49.0257 7.97933
      vertex 69.4456 48.9872 7.71204
    endloop
  endfacet
  facet normal 0.537302 -0.84339 5.32948e-06
    outer loop
      vertex 71.6685 50.4034 3.33375
      vertex 68.1874 48.1857 6.6675
      vertex 64.0369 45.5415 3.33375
    endloop
  endfacet
  facet normal 0.537257 -0.843418 8.42737e-05
    outer loop
      vertex 64.0369 45.5415 3.33375
      vertex 68.1874 48.1857 6.6675
      vertex 67.9549 48.0376 6.69162
    endloop
  endfacet
  facet normal 0.537311 -0.843384 -3.13788e-06
    outer loop
      vertex 64.0369 45.5415 3.33375
      vertex 67.9549 48.0376 6.69162
      vertex 67.7295 47.894 6.76324
    endloop
  endfacet
  facet normal 0.537351 -0.843359 4.97008e-05
    outer loop
      vertex 66.9293 47.3842 8.79796
      vertex 64.0369 45.5415 12.3825
      vertex 66.8689 47.3457 8.53067
    endloop
  endfacet
  facet normal 0.537313 -0.843383 1.01291e-05
    outer loop
      vertex 66.8689 47.3457 8.53067
      vertex 64.0369 45.5415 12.3825
      vertex 66.8485 47.3327 8.255
    endloop
  endfacet
  facet normal 0.537275 -0.843407 -3.71349e-05
    outer loop
      vertex 66.9293 47.3842 8.79796
      vertex 67.0279 47.447 9.04875
      vertex 64.0369 45.5415 12.3825
    endloop
  endfacet
  facet normal 0.537296 -0.843394 -1.06141e-05
    outer loop
      vertex 64.0369 45.5415 12.3825
      vertex 67.0279 47.447 9.04875
      vertex 67.1618 47.5323 9.27542
    endloop
  endfacet
  facet normal 0.537274 -0.843408 -4.1272e-05
    outer loop
      vertex 64.0369 45.5415 12.3825
      vertex 67.1618 47.5323 9.27542
      vertex 67.3268 47.6374 9.4711
    endloop
  endfacet
  facet normal 0.537302 -0.84339 -1.34712e-05
    outer loop
      vertex 71.6685 50.4034 12.3825
      vertex 64.0369 45.5415 12.3825
      vertex 67.9549 48.0376 9.81838
    endloop
  endfacet
  facet normal 0.537243 -0.843427 0.000107121
    outer loop
      vertex 67.9549 48.0376 9.81838
      vertex 68.1874 48.1857 9.8425
      vertex 71.6685 50.4034 12.3825
    endloop
  endfacet
  facet normal 0.537257 -0.843419 8.04513e-05
    outer loop
      vertex 71.6685 50.4034 12.3825
      vertex 68.1874 48.1857 9.8425
      vertex 68.4199 48.3338 9.81838
    endloop
  endfacet
  facet normal 0.537188 -0.843463 0.000203711
    outer loop
      vertex 71.6685 50.4034 12.3825
      vertex 68.4199 48.3338 9.81838
      vertex 68.6454 48.4774 9.74676
    endloop
  endfacet
  facet normal 0.537099 -0.843519 -0.000154125
    outer loop
      vertex 69.4456 48.9872 7.71204
      vertex 69.3469 48.9244 7.46125
      vertex 71.6685 50.4034 3.33375
    endloop
  endfacet
  facet normal 0.537435 -0.843305 0.00011125
    outer loop
      vertex 71.6685 50.4034 3.33375
      vertex 69.3469 48.9244 7.46125
      vertex 69.2131 48.8391 7.23457
    endloop
  endfacet
  facet normal 0.537269 -0.843411 -3.52353e-05
    outer loop
      vertex 71.6685 50.4034 3.33375
      vertex 69.2131 48.8391 7.23457
      vertex 69.0481 48.734 7.03891
    endloop
  endfacet
  facet normal 0.537286 -0.8434 -1.84228e-05
    outer loop
      vertex 69.0481 48.734 7.03891
      vertex 68.8569 48.6122 6.88018
      vertex 71.6685 50.4034 3.33375
    endloop
  endfacet
  facet normal 0.537418 -0.843316 0.000128882
    outer loop
      vertex 71.6685 50.4034 3.33375
      vertex 68.8569 48.6122 6.88018
      vertex 68.6454 48.4774 6.76324
    endloop
  endfacet
  facet normal 0.537179 -0.843468 -0.000166876
    outer loop
      vertex 71.6685 50.4034 3.33375
      vertex 68.6454 48.4774 6.76324
      vertex 68.4199 48.3338 6.69162
    endloop
  endfacet
  facet normal 0.537289 -0.843398 0
    outer loop
      vertex 61.2252 43.7503 12.3825
      vertex 64.0369 45.5415 3.33375
      vertex 64.0369 45.5415 12.3825
    endloop
  endfacet
  facet normal 0.537303 -0.843389 0
    outer loop
      vertex 64.0369 45.5415 12.3825
      vertex 64.0369 45.5415 3.33375
      vertex 66.8689 47.3457 7.97933
    endloop
  endfacet
  facet normal 0.537289 -0.843398 -1.25984e-05
    outer loop
      vertex 64.0369 45.5415 12.3825
      vertex 66.8689 47.3457 7.97933
      vertex 66.8485 47.3327 8.255
    endloop
  endfacet
  facet normal 0.537287 -0.843399 -2.05293e-05
    outer loop
      vertex 67.3268 47.6374 9.4711
      vertex 67.518 47.7592 9.62982
      vertex 64.0369 45.5415 12.3825
    endloop
  endfacet
  facet normal 0.537399 -0.843328 0.000177937
    outer loop
      vertex 64.0369 45.5415 12.3825
      vertex 67.518 47.7592 9.62982
      vertex 67.7295 47.894 9.74676
    endloop
  endfacet
  facet normal 0.53731 -0.843385 3.79177e-06
    outer loop
      vertex 64.0369 45.5415 12.3825
      vertex 67.7295 47.894 9.74676
      vertex 67.9549 48.0376 9.81838
    endloop
  endfacet
  facet normal 0.537409 -0.843322 -0.000152634
    outer loop
      vertex 68.6454 48.4774 9.74676
      vertex 68.8569 48.6122 9.62982
      vertex 71.6685 50.4034 12.3825
    endloop
  endfacet
  facet normal 0.537288 -0.843399 2.12981e-05
    outer loop
      vertex 71.6685 50.4034 12.3825
      vertex 68.8569 48.6122 9.62982
      vertex 69.0481 48.734 9.4711
    endloop
  endfacet
  facet normal 0.537273 -0.843408 3.988e-05
    outer loop
      vertex 71.6685 50.4034 12.3825
      vertex 69.0481 48.734 9.4711
      vertex 69.2131 48.8391 9.27542
    endloop
  endfacet
  facet normal 0.537409 -0.843322 -0.000152121
    outer loop
      vertex 67.7295 47.894 6.76324
      vertex 67.518 47.7592 6.88018
      vertex 64.0369 45.5415 3.33375
    endloop
  endfacet
  facet normal 0.537286 -0.8434 1.7997e-05
    outer loop
      vertex 64.0369 45.5415 3.33375
      vertex 67.518 47.7592 6.88018
      vertex 67.3268 47.6374 7.03891
    endloop
  endfacet
  facet normal 0.53727 -0.84341 3.69673e-05
    outer loop
      vertex 64.0369 45.5415 3.33375
      vertex 67.3268 47.6374 7.03891
      vertex 67.1618 47.5323 7.23457
    endloop
  endfacet
  facet normal 0.537295 -0.843395 9.69717e-06
    outer loop
      vertex 67.1618 47.5323 7.23457
      vertex 67.0279 47.447 7.46125
      vertex 64.0369 45.5415 3.33375
    endloop
  endfacet
  facet normal 0.53727 -0.84341 3.46232e-05
    outer loop
      vertex 64.0369 45.5415 3.33375
      vertex 67.0279 47.447 7.46125
      vertex 66.9293 47.3842 7.71204
    endloop
  endfacet
  facet normal 0.537359 -0.843354 -4.7404e-05
    outer loop
      vertex 64.0369 45.5415 3.33375
      vertex 66.9293 47.3842 7.71204
      vertex 66.8689 47.3457 7.97933
    endloop
  endfacet
  facet normal 0.537245 -0.843426 -1.40966e-05
    outer loop
      vertex 86.0349 59.5558 65.4069
      vertex 88.2707 60.9801 56.8325
      vertex 86.1285 59.6154 66.675
    endloop
  endfacet
  facet normal 0.537291 -0.843397 0
    outer loop
      vertex 86.1285 59.6154 66.675
      vertex 88.2707 60.9801 56.8325
      vertex 88.2707 60.9801 76.5175
    endloop
  endfacet
  facet normal 0.537245 -0.843426 1.40966e-05
    outer loop
      vertex 86.1285 59.6154 66.675
      vertex 88.2707 60.9801 76.5175
      vertex 86.0349 59.5558 67.9431
    endloop
  endfacet
  facet normal 0.537326 -0.843375 -2.34144e-05
    outer loop
      vertex 84.6876 58.6974 71.369
      vertex 85.3033 59.0897 70.3262
      vertex 88.2707 60.9801 76.5175
    endloop
  endfacet
  facet normal 0.537293 -0.843395 -1.59943e-06
    outer loop
      vertex 88.2707 60.9801 76.5175
      vertex 85.3033 59.0897 70.3262
      vertex 85.7571 59.3788 69.1726
    endloop
  endfacet
  facet normal 0.537313 -0.843383 -1.08585e-05
    outer loop
      vertex 88.2707 60.9801 76.5175
      vertex 85.7571 59.3788 69.1726
      vertex 86.0349 59.5558 67.9431
    endloop
  endfacet
  facet normal 0.537313 -0.843383 1.08585e-05
    outer loop
      vertex 86.0349 59.5558 65.4069
      vertex 85.7571 59.3788 64.1774
      vertex 88.2707 60.9801 56.8325
    endloop
  endfacet
  facet normal 0.537293 -0.843395 1.59943e-06
    outer loop
      vertex 88.2707 60.9801 56.8325
      vertex 85.7571 59.3788 64.1774
      vertex 85.3033 59.0897 63.0238
    endloop
  endfacet
  facet normal 0.537326 -0.843375 2.34144e-05
    outer loop
      vertex 88.2707 60.9801 56.8325
      vertex 85.3033 59.0897 63.0238
      vertex 84.6876 58.6974 61.981
    endloop
  endfacet
  facet normal 0.537301 -0.843391 -1.23085e-06
    outer loop
      vertex 84.6876 58.6974 61.981
      vertex 83.9285 58.2138 61.081
      vertex 88.2707 60.9801 56.8325
    endloop
  endfacet
  facet normal 0.537262 -0.843415 -5.62189e-05
    outer loop
      vertex 88.2707 60.9801 56.8325
      vertex 83.9285 58.2138 61.081
      vertex 83.049 57.6536 60.3508
    endloop
  endfacet
  facet normal 0.537327 -0.843374 7.84922e-05
    outer loop
      vertex 88.2707 60.9801 56.8325
      vertex 83.049 57.6536 60.3508
      vertex 82.0761 57.0337 59.8129
    endloop
  endfacet
  facet normal 0.537273 -0.843408 -2.82195e-05
    outer loop
      vertex 75.2516 52.6861 71.369
      vertex 76.0108 53.1697 72.269
      vertex 71.6685 50.4034 76.5175
    endloop
  endfacet
  facet normal 0.537319 -0.843379 3.74222e-05
    outer loop
      vertex 71.6685 50.4034 76.5175
      vertex 76.0108 53.1697 72.269
      vertex 76.8902 53.73 72.9992
    endloop
  endfacet
  facet normal 0.537277 -0.843406 -5.0363e-05
    outer loop
      vertex 71.6685 50.4034 76.5175
      vertex 76.8902 53.73 72.9992
      vertex 77.8632 54.3498 73.5371
    endloop
  endfacet
  facet normal 0.537327 -0.843374 -7.84922e-05
    outer loop
      vertex 82.0761 57.0337 73.5371
      vertex 83.049 57.6536 72.9992
      vertex 88.2707 60.9801 76.5175
    endloop
  endfacet
  facet normal 0.537262 -0.843415 5.62189e-05
    outer loop
      vertex 88.2707 60.9801 76.5175
      vertex 83.049 57.6536 72.9992
      vertex 83.9285 58.2138 72.269
    endloop
  endfacet
  facet normal 0.537301 -0.843391 1.23085e-06
    outer loop
      vertex 88.2707 60.9801 76.5175
      vertex 83.9285 58.2138 72.269
      vertex 84.6876 58.6974 71.369
    endloop
  endfacet
  facet normal 0.537305 -0.843388 3.23219e-05
    outer loop
      vertex 77.8632 54.3498 73.5371
      vertex 78.9001 55.0104 73.8666
      vertex 71.6685 50.4034 76.5175
    endloop
  endfacet
  facet normal 0.537322 -0.843377 9.87207e-05
    outer loop
      vertex 71.6685 50.4034 76.5175
      vertex 78.9001 55.0104 73.8666
      vertex 79.9696 55.6918 73.9775
    endloop
  endfacet
  facet normal 0.537297 -0.843393 -1.66022e-05
    outer loop
      vertex 71.6685 50.4034 76.5175
      vertex 79.9696 55.6918 73.9775
      vertex 88.2707 60.9801 76.5175
    endloop
  endfacet
  facet normal 0.537279 -0.843405 6.89681e-05
    outer loop
      vertex 88.2707 60.9801 76.5175
      vertex 79.9696 55.6918 73.9775
      vertex 81.0391 56.3731 73.8666
    endloop
  endfacet
  facet normal 0.537285 -0.843401 4.33945e-05
    outer loop
      vertex 88.2707 60.9801 76.5175
      vertex 81.0391 56.3731 73.8666
      vertex 82.0761 57.0337 73.5371
    endloop
  endfacet
  facet normal 0.537277 -0.843406 5.0363e-05
    outer loop
      vertex 77.8632 54.3498 59.8129
      vertex 76.8902 53.73 60.3508
      vertex 71.6685 50.4034 56.8325
    endloop
  endfacet
  facet normal 0.537285 -0.843401 -4.33945e-05
    outer loop
      vertex 82.0761 57.0337 59.8129
      vertex 81.0391 56.3731 59.4834
      vertex 88.2707 60.9801 56.8325
    endloop
  endfacet
  facet normal 0.537279 -0.843405 -6.89681e-05
    outer loop
      vertex 88.2707 60.9801 56.8325
      vertex 81.0391 56.3731 59.4834
      vertex 79.9696 55.6918 59.3725
    endloop
  endfacet
  facet normal 0.537297 -0.843393 1.66022e-05
    outer loop
      vertex 88.2707 60.9801 56.8325
      vertex 79.9696 55.6918 59.3725
      vertex 71.6685 50.4034 56.8325
    endloop
  endfacet
  facet normal 0.537322 -0.843377 -9.87207e-05
    outer loop
      vertex 71.6685 50.4034 56.8325
      vertex 79.9696 55.6918 59.3725
      vertex 78.9001 55.0104 59.4834
    endloop
  endfacet
  facet normal 0.537305 -0.843388 -3.23219e-05
    outer loop
      vertex 71.6685 50.4034 56.8325
      vertex 78.9001 55.0104 59.4834
      vertex 77.8632 54.3498 59.8129
    endloop
  endfacet
  facet normal 0.537319 -0.843379 -3.74222e-05
    outer loop
      vertex 76.8902 53.73 60.3508
      vertex 76.0108 53.1697 61.081
      vertex 71.6685 50.4034 56.8325
    endloop
  endfacet
  facet normal 0.537273 -0.843408 2.82195e-05
    outer loop
      vertex 71.6685 50.4034 56.8325
      vertex 76.0108 53.1697 61.081
      vertex 75.2516 52.6861 61.981
    endloop
  endfacet
  facet normal 0.537326 -0.843375 -2.34144e-05
    outer loop
      vertex 71.6685 50.4034 56.8325
      vertex 75.2516 52.6861 61.981
      vertex 74.6359 52.2938 63.0238
    endloop
  endfacet
  facet normal 0.537272 -0.843409 1.29756e-05
    outer loop
      vertex 74.6359 52.2938 63.0238
      vertex 74.1822 52.0048 64.1774
      vertex 71.6685 50.4034 56.8325
    endloop
  endfacet
  facet normal 0.537349 -0.84336 -2.41928e-05
    outer loop
      vertex 71.6685 50.4034 56.8325
      vertex 74.1822 52.0048 64.1774
      vertex 73.9043 51.8277 65.4069
    endloop
  endfacet
  facet normal 0.537245 -0.843426 1.40966e-05
    outer loop
      vertex 71.6685 50.4034 56.8325
      vertex 73.9043 51.8277 65.4069
      vertex 73.8107 51.7681 66.675
    endloop
  endfacet
  facet normal 0.537349 -0.84336 2.41928e-05
    outer loop
      vertex 73.9043 51.8277 67.9431
      vertex 74.1822 52.0048 69.1726
      vertex 71.6685 50.4034 76.5175
    endloop
  endfacet
  facet normal 0.537272 -0.843409 -1.29756e-05
    outer loop
      vertex 71.6685 50.4034 76.5175
      vertex 74.1822 52.0048 69.1726
      vertex 74.6359 52.2938 70.3262
    endloop
  endfacet
  facet normal 0.537326 -0.843375 2.34144e-05
    outer loop
      vertex 71.6685 50.4034 76.5175
      vertex 74.6359 52.2938 70.3262
      vertex 75.2516 52.6861 71.369
    endloop
  endfacet
  facet normal 0.537289 -0.843398 0
    outer loop
      vertex 61.2252 43.7503 66.675
      vertex 64.0369 45.5415 56.8325
      vertex 64.0369 45.5415 76.5175
    endloop
  endfacet
  facet normal 0.537302 -0.84339 0
    outer loop
      vertex 64.0369 45.5415 76.5175
      vertex 64.0369 45.5415 56.8325
      vertex 71.6685 50.4034 56.8325
    endloop
  endfacet
  facet normal 0.537302 -0.84339 0
    outer loop
      vertex 64.0369 45.5415 76.5175
      vertex 71.6685 50.4034 56.8325
      vertex 71.6685 50.4034 76.5175
    endloop
  endfacet
  facet normal 0.537291 -0.843397 0
    outer loop
      vertex 71.6685 50.4034 76.5175
      vertex 71.6685 50.4034 56.8325
      vertex 73.8107 51.7681 66.675
    endloop
  endfacet
  facet normal 0.537245 -0.843426 -1.40966e-05
    outer loop
      vertex 71.6685 50.4034 76.5175
      vertex 73.8107 51.7681 66.675
      vertex 73.9043 51.8277 67.9431
    endloop
  endfacet
  facet normal 0.537309 -0.843385 0
    outer loop
      vertex 69.506 49.0257 36.4707
      vertex 71.6685 50.4034 32.0675
      vertex 71.6685 50.4034 44.45
    endloop
  endfacet
  facet normal 0.537297 -0.843393 0
    outer loop
      vertex 71.6685 50.4034 44.45
      vertex 71.6685 50.4034 32.0675
      vertex 88.2707 60.9801 32.0675
    endloop
  endfacet
  facet normal 0.537297 -0.843393 0
    outer loop
      vertex 71.6685 50.4034 44.45
      vertex 88.2707 60.9801 32.0675
      vertex 88.2707 60.9801 44.45
    endloop
  endfacet
  facet normal 0.537349 -0.84336 2.41928e-05
    outer loop
      vertex 73.9043 51.8277 23.4931
      vertex 74.1822 52.0048 24.7226
      vertex 71.6685 50.4034 32.0675
    endloop
  endfacet
  facet normal 0.537272 -0.843409 -1.29756e-05
    outer loop
      vertex 71.6685 50.4034 32.0675
      vertex 74.1822 52.0048 24.7226
      vertex 74.6359 52.2938 25.8762
    endloop
  endfacet
  facet normal 0.537326 -0.843375 2.34144e-05
    outer loop
      vertex 71.6685 50.4034 32.0675
      vertex 74.6359 52.2938 25.8762
      vertex 75.2516 52.6861 26.919
    endloop
  endfacet
  facet normal 0.537245 -0.843426 1.40966e-05
    outer loop
      vertex 88.2707 60.9801 32.0675
      vertex 86.0349 59.5558 23.4931
      vertex 86.1285 59.6154 22.225
    endloop
  endfacet
  facet normal 0.537277 -0.843406 5.0358e-05
    outer loop
      vertex 77.8632 54.3498 15.3629
      vertex 76.8902 53.73 15.9009
      vertex 71.6685 50.4034 12.3825
    endloop
  endfacet
  facet normal 0.537272 -0.843409 1.2975e-05
    outer loop
      vertex 74.6359 52.2938 18.5737
      vertex 74.1822 52.0048 19.7274
      vertex 71.6685 50.4034 12.3825
    endloop
  endfacet
  facet normal 0.537349 -0.84336 -2.41928e-05
    outer loop
      vertex 71.6685 50.4034 12.3825
      vertex 74.1822 52.0048 19.7274
      vertex 73.9043 51.8277 20.9569
    endloop
  endfacet
  facet normal 0.537245 -0.843426 1.40966e-05
    outer loop
      vertex 71.6685 50.4034 12.3825
      vertex 73.9043 51.8277 20.9569
      vertex 73.8107 51.7681 22.225
    endloop
  endfacet
  facet normal 0.537289 -0.843398 0
    outer loop
      vertex 61.2252 43.7503 22.225
      vertex 64.0369 45.5415 12.3825
      vertex 64.0369 45.5415 32.0675
    endloop
  endfacet
  facet normal 0.537302 -0.84339 0
    outer loop
      vertex 64.0369 45.5415 32.0675
      vertex 64.0369 45.5415 12.3825
      vertex 71.6685 50.4034 12.3825
    endloop
  endfacet
  facet normal 0.537302 -0.84339 0
    outer loop
      vertex 64.0369 45.5415 32.0675
      vertex 71.6685 50.4034 12.3825
      vertex 71.6685 50.4034 32.0675
    endloop
  endfacet
  facet normal 0.537291 -0.843397 0
    outer loop
      vertex 71.6685 50.4034 32.0675
      vertex 71.6685 50.4034 12.3825
      vertex 73.8107 51.7681 22.225
    endloop
  endfacet
  facet normal 0.537245 -0.843426 -1.40966e-05
    outer loop
      vertex 71.6685 50.4034 32.0675
      vertex 73.8107 51.7681 22.225
      vertex 73.9043 51.8277 23.4931
    endloop
  endfacet
  facet normal 0.537291 -0.843397 0
    outer loop
      vertex 88.2707 60.9801 32.0675
      vertex 86.1285 59.6154 22.225
      vertex 88.2707 60.9801 12.3825
    endloop
  endfacet
  facet normal 0.537245 -0.843426 -1.40966e-05
    outer loop
      vertex 88.2707 60.9801 12.3825
      vertex 86.1285 59.6154 22.225
      vertex 86.0349 59.5558 20.9569
    endloop
  endfacet
  facet normal 0.537313 -0.843383 1.08585e-05
    outer loop
      vertex 88.2707 60.9801 12.3825
      vertex 86.0349 59.5558 20.9569
      vertex 85.7571 59.3788 19.7274
    endloop
  endfacet
  facet normal 0.537327 -0.843374 7.84844e-05
    outer loop
      vertex 82.0761 57.0337 15.3629
      vertex 88.2707 60.9801 12.3825
      vertex 83.049 57.6536 15.9009
    endloop
  endfacet
  facet normal 0.537262 -0.843415 -5.62224e-05
    outer loop
      vertex 83.049 57.6536 15.9009
      vertex 88.2707 60.9801 12.3825
      vertex 83.9285 58.2138 16.631
    endloop
  endfacet
  facet normal 0.537285 -0.843401 -4.33945e-05
    outer loop
      vertex 82.0761 57.0337 15.3629
      vertex 81.0391 56.3731 15.0334
      vertex 88.2707 60.9801 12.3825
    endloop
  endfacet
  facet normal 0.537279 -0.843405 -6.89681e-05
    outer loop
      vertex 88.2707 60.9801 12.3825
      vertex 81.0391 56.3731 15.0334
      vertex 79.9696 55.6918 14.9225
    endloop
  endfacet
  facet normal 0.537297 -0.843393 1.66022e-05
    outer loop
      vertex 88.2707 60.9801 12.3825
      vertex 79.9696 55.6918 14.9225
      vertex 71.6685 50.4034 12.3825
    endloop
  endfacet
  facet normal 0.537322 -0.843377 -9.87207e-05
    outer loop
      vertex 71.6685 50.4034 12.3825
      vertex 79.9696 55.6918 14.9225
      vertex 78.9001 55.0104 15.0334
    endloop
  endfacet
  facet normal 0.537305 -0.843388 -3.23219e-05
    outer loop
      vertex 71.6685 50.4034 12.3825
      vertex 78.9001 55.0104 15.0334
      vertex 77.8632 54.3498 15.3629
    endloop
  endfacet
  facet normal 0.537326 -0.843375 -2.34144e-05
    outer loop
      vertex 84.6876 58.6974 26.919
      vertex 85.3033 59.0897 25.8762
      vertex 88.2707 60.9801 32.0675
    endloop
  endfacet
  facet normal 0.537293 -0.843395 -1.59943e-06
    outer loop
      vertex 88.2707 60.9801 32.0675
      vertex 85.3033 59.0897 25.8762
      vertex 85.7571 59.3788 24.7226
    endloop
  endfacet
  facet normal 0.537313 -0.843383 -1.08585e-05
    outer loop
      vertex 88.2707 60.9801 32.0675
      vertex 85.7571 59.3788 24.7226
      vertex 86.0349 59.5558 23.4931
    endloop
  endfacet
  facet normal 0.537293 -0.843395 1.59937e-06
    outer loop
      vertex 85.7571 59.3788 19.7274
      vertex 85.3033 59.0897 18.5737
      vertex 88.2707 60.9801 12.3825
    endloop
  endfacet
  facet normal 0.537326 -0.843375 2.34156e-05
    outer loop
      vertex 88.2707 60.9801 12.3825
      vertex 85.3033 59.0897 18.5737
      vertex 84.6876 58.6974 17.531
    endloop
  endfacet
  facet normal 0.537301 -0.843391 -1.23085e-06
    outer loop
      vertex 88.2707 60.9801 12.3825
      vertex 84.6876 58.6974 17.531
      vertex 83.9285 58.2138 16.631
    endloop
  endfacet
  facet normal 0.537319 -0.843379 -3.74245e-05
    outer loop
      vertex 76.8902 53.73 15.9009
      vertex 76.0108 53.1697 16.631
      vertex 71.6685 50.4034 12.3825
    endloop
  endfacet
  facet normal 0.537273 -0.843408 2.82195e-05
    outer loop
      vertex 71.6685 50.4034 12.3825
      vertex 76.0108 53.1697 16.631
      vertex 75.2516 52.6861 17.531
    endloop
  endfacet
  facet normal 0.537326 -0.843375 -2.34156e-05
    outer loop
      vertex 71.6685 50.4034 12.3825
      vertex 75.2516 52.6861 17.531
      vertex 74.6359 52.2938 18.5737
    endloop
  endfacet
  facet normal 0.537273 -0.843408 -2.82195e-05
    outer loop
      vertex 75.2516 52.6861 26.919
      vertex 76.0108 53.1697 27.819
      vertex 71.6685 50.4034 32.0675
    endloop
  endfacet
  facet normal 0.537319 -0.843379 3.74222e-05
    outer loop
      vertex 71.6685 50.4034 32.0675
      vertex 76.0108 53.1697 27.819
      vertex 76.8902 53.73 28.5492
    endloop
  endfacet
  facet normal 0.537277 -0.843406 -5.0363e-05
    outer loop
      vertex 71.6685 50.4034 32.0675
      vertex 76.8902 53.73 28.5492
      vertex 77.8632 54.3498 29.0871
    endloop
  endfacet
  facet normal 0.537305 -0.843388 3.23219e-05
    outer loop
      vertex 77.8632 54.3498 29.0871
      vertex 78.9001 55.0104 29.4166
      vertex 71.6685 50.4034 32.0675
    endloop
  endfacet
  facet normal 0.537322 -0.843377 9.87207e-05
    outer loop
      vertex 71.6685 50.4034 32.0675
      vertex 78.9001 55.0104 29.4166
      vertex 79.9696 55.6918 29.5275
    endloop
  endfacet
  facet normal 0.537297 -0.843393 -1.66022e-05
    outer loop
      vertex 71.6685 50.4034 32.0675
      vertex 79.9696 55.6918 29.5275
      vertex 88.2707 60.9801 32.0675
    endloop
  endfacet
  facet normal 0.537279 -0.843405 6.89681e-05
    outer loop
      vertex 88.2707 60.9801 32.0675
      vertex 79.9696 55.6918 29.5275
      vertex 81.0391 56.3731 29.4166
    endloop
  endfacet
  facet normal 0.537285 -0.843401 4.33945e-05
    outer loop
      vertex 88.2707 60.9801 32.0675
      vertex 81.0391 56.3731 29.4166
      vertex 82.0761 57.0337 29.0871
    endloop
  endfacet
  facet normal 0.537327 -0.843374 -7.84922e-05
    outer loop
      vertex 82.0761 57.0337 29.0871
      vertex 83.049 57.6536 28.5492
      vertex 88.2707 60.9801 32.0675
    endloop
  endfacet
  facet normal 0.537262 -0.843415 5.62189e-05
    outer loop
      vertex 88.2707 60.9801 32.0675
      vertex 83.049 57.6536 28.5492
      vertex 83.9285 58.2138 27.819
    endloop
  endfacet
  facet normal 0.537301 -0.843391 1.23085e-06
    outer loop
      vertex 88.2707 60.9801 32.0675
      vertex 83.9285 58.2138 27.819
      vertex 84.6876 58.6974 26.919
    endloop
  endfacet
  facet normal 0.537319 -0.843379 0
    outer loop
      vertex 90.4129 62.3449 80.645
      vertex 88.2707 60.9801 88.9
      vertex 88.2707 60.9801 76.5175
    endloop
  endfacet
  facet normal 0.537297 -0.843393 0
    outer loop
      vertex 88.2707 60.9801 76.5175
      vertex 88.2707 60.9801 88.9
      vertex 71.6685 50.4034 88.9
    endloop
  endfacet
  facet normal 0.537297 -0.843393 0
    outer loop
      vertex 88.2707 60.9801 76.5175
      vertex 71.6685 50.4034 88.9
      vertex 71.6685 50.4034 76.5175
    endloop
  endfacet
  facet normal 0.537309 -0.843385 0
    outer loop
      vertex 71.6685 50.4034 76.5175
      vertex 71.6685 50.4034 88.9
      vertex 69.506 49.0257 80.9207
    endloop
  endfacet
  facet normal 0.536959 -0.843608 -0.000241672
    outer loop
      vertex 71.6685 50.4034 76.5175
      vertex 69.506 49.0257 80.9207
      vertex 69.5263 49.0387 80.645
    endloop
  endfacet
  facet normal 0.537225 -0.843439 0.000101355
    outer loop
      vertex 92.2097 63.4896 82.1368
      vertex 92.4212 63.6243 82.0198
      vertex 98.714 67.6333 88.9
    endloop
  endfacet
  facet normal 0.537287 -0.843399 2.10507e-05
    outer loop
      vertex 92.4212 63.6243 82.0198
      vertex 92.6124 63.7461 81.8611
      vertex 98.714 67.6333 88.9
    endloop
  endfacet
  facet normal 0.537452 -0.843295 -0.00017912
    outer loop
      vertex 98.714 67.6333 88.9
      vertex 92.6124 63.7461 81.8611
      vertex 92.7774 63.8513 81.6654
    endloop
  endfacet
  facet normal 0.537103 -0.843517 0.000222906
    outer loop
      vertex 98.714 67.6333 88.9
      vertex 92.7774 63.8513 81.6654
      vertex 92.9113 63.9365 81.4388
    endloop
  endfacet
  facet normal 0.537097 -0.84352 0.000217868
    outer loop
      vertex 88.2707 60.9801 76.5175
      vertex 90.7262 62.5444 79.6246
      vertex 90.5923 62.4592 79.8512
    endloop
  endfacet
  facet normal 0.536686 -0.843782 -0.000230721
    outer loop
      vertex 90.4129 62.3449 80.645
      vertex 90.4333 62.3578 80.9207
      vertex 88.2707 60.9801 88.9
    endloop
  endfacet
  facet normal 0.53739 -0.843334 3.74086e-05
    outer loop
      vertex 88.2707 60.9801 88.9
      vertex 90.4333 62.3578 80.9207
      vertex 90.4937 62.3963 81.188
    endloop
  endfacet
  facet normal 0.537597 -0.843202 0.000121164
    outer loop
      vertex 88.2707 60.9801 88.9
      vertex 90.4937 62.3963 81.188
      vertex 90.5923 62.4592 81.4388
    endloop
  endfacet
  facet normal 0.537201 -0.843454 -0.000218041
    outer loop
      vertex 93.0703 64.0378 80.3693
      vertex 93.0099 63.9994 80.102
      vertex 98.714 67.6333 76.5175
    endloop
  endfacet
  facet normal 0.537401 -0.843327 0.000229431
    outer loop
      vertex 98.714 67.6333 76.5175
      vertex 93.0099 63.9994 80.102
      vertex 92.9113 63.9365 79.8512
    endloop
  endfacet
  facet normal 0.537187 -0.843463 -0.000292834
    outer loop
      vertex 98.714 67.6333 76.5175
      vertex 92.9113 63.9365 79.8512
      vertex 92.7774 63.8513 79.6246
    endloop
  endfacet
  facet normal 0.53739 -0.843334 0.000251983
    outer loop
      vertex 92.7774 63.8513 79.6246
      vertex 92.6124 63.7461 79.4289
      vertex 98.714 67.6333 76.5175
    endloop
  endfacet
  facet normal 0.537294 -0.843395 -3.19443e-05
    outer loop
      vertex 98.714 67.6333 76.5175
      vertex 92.6124 63.7461 79.4289
      vertex 92.4212 63.6243 79.2702
    endloop
  endfacet
  facet normal 0.537251 -0.843422 -0.00016846
    outer loop
      vertex 98.714 67.6333 76.5175
      vertex 92.4212 63.6243 79.2702
      vertex 92.2097 63.4896 79.1532
    endloop
  endfacet
  facet normal 0.53723 -0.843436 0.000114746
    outer loop
      vertex 91.2939 62.9061 79.1532
      vertex 91.0824 62.7714 79.2702
      vertex 88.2707 60.9801 76.5175
    endloop
  endfacet
  facet normal 0.537291 -0.843397 2.73173e-05
    outer loop
      vertex 88.2707 60.9801 76.5175
      vertex 91.0824 62.7714 79.2702
      vertex 90.8912 62.6496 79.4289
    endloop
  endfacet
  facet normal 0.537453 -0.843294 -0.000177538
    outer loop
      vertex 88.2707 60.9801 76.5175
      vertex 90.8912 62.6496 79.4289
      vertex 90.7262 62.5444 79.6246
    endloop
  endfacet
  facet normal 0.537499 -0.843265 -0.000175307
    outer loop
      vertex 90.5923 62.4592 79.8512
      vertex 90.4937 62.3963 80.102
      vertex 88.2707 60.9801 76.5175
    endloop
  endfacet
  facet normal 0.537354 -0.843357 -4.89134e-05
    outer loop
      vertex 88.2707 60.9801 76.5175
      vertex 90.4937 62.3963 80.102
      vertex 90.4333 62.3578 80.3693
    endloop
  endfacet
  facet normal 0.536963 -0.843606 0.000259455
    outer loop
      vertex 88.2707 60.9801 76.5175
      vertex 90.4333 62.3578 80.3693
      vertex 90.4129 62.3449 80.645
    endloop
  endfacet
  facet normal 0.537002 -0.843581 -0.000138927
    outer loop
      vertex 90.5923 62.4592 81.4388
      vertex 90.7262 62.5444 81.6654
      vertex 88.2707 60.9801 88.9
    endloop
  endfacet
  facet normal 0.537514 -0.843255 0.000105316
    outer loop
      vertex 88.2707 60.9801 88.9
      vertex 90.7262 62.5444 81.6654
      vertex 90.8912 62.6496 81.8611
    endloop
  endfacet
  facet normal 0.537284 -0.843401 -1.50803e-05
    outer loop
      vertex 88.2707 60.9801 88.9
      vertex 90.8912 62.6496 81.8611
      vertex 91.0824 62.7714 82.0198
    endloop
  endfacet
  facet normal 0.537304 -0.843388 4.21641e-06
    outer loop
      vertex 88.2707 60.9801 88.9
      vertex 91.7518 63.1978 82.2325
      vertex 98.714 67.6333 88.9
    endloop
  endfacet
  facet normal 0.537489 -0.843271 -0.000267164
    outer loop
      vertex 98.714 67.6333 88.9
      vertex 91.7518 63.1978 82.2325
      vertex 91.9843 63.346 82.2084
    endloop
  endfacet
  facet normal 0.537309 -0.843386 -1.1654e-05
    outer loop
      vertex 98.714 67.6333 88.9
      vertex 91.9843 63.346 82.2084
      vertex 92.2097 63.4896 82.1368
    endloop
  endfacet
  facet normal 0.537478 -0.843278 -0.000186804
    outer loop
      vertex 92.9113 63.9365 81.4388
      vertex 93.0099 63.9994 81.188
      vertex 98.714 67.6333 88.9
    endloop
  endfacet
  facet normal 0.537115 -0.843509 0.000190745
    outer loop
      vertex 98.714 67.6333 88.9
      vertex 93.0099 63.9994 81.188
      vertex 93.0703 64.0378 80.9207
    endloop
  endfacet
  facet normal 0.537307 -0.843387 0
    outer loop
      vertex 98.714 67.6333 88.9
      vertex 93.0703 64.0378 80.9207
      vertex 98.714 67.6333 76.5175
    endloop
  endfacet
  facet normal 0.5373 -0.843391 -1.14474e-05
    outer loop
      vertex 98.714 67.6333 76.5175
      vertex 93.0703 64.0378 80.9207
      vertex 93.0907 64.0508 80.645
    endloop
  endfacet
  facet normal 0.537312 -0.843384 1.02679e-05
    outer loop
      vertex 98.714 67.6333 76.5175
      vertex 93.0907 64.0508 80.645
      vertex 93.0703 64.0378 80.3693
    endloop
  endfacet
  facet normal 0.537208 -0.84345 -5.86022e-05
    outer loop
      vertex 91.0824 62.7714 82.0198
      vertex 91.2939 62.9061 82.1368
      vertex 88.2707 60.9801 88.9
    endloop
  endfacet
  facet normal 0.53731 -0.843385 5.38716e-06
    outer loop
      vertex 88.2707 60.9801 88.9
      vertex 91.2939 62.9061 82.1368
      vertex 91.5193 63.0497 82.2084
    endloop
  endfacet
  facet normal 0.537253 -0.843421 -3.32085e-05
    outer loop
      vertex 88.2707 60.9801 88.9
      vertex 91.5193 63.0497 82.2084
      vertex 91.7518 63.1978 82.2325
    endloop
  endfacet
  facet normal 0.537544 -0.843236 -0.000472283
    outer loop
      vertex 91.9843 63.346 79.0816
      vertex 91.7518 63.1978 79.0575
      vertex 88.2707 60.9801 76.5175
    endloop
  endfacet
  facet normal 0.537257 -0.843419 8.04596e-05
    outer loop
      vertex 88.2707 60.9801 76.5175
      vertex 91.7518 63.1978 79.0575
      vertex 91.5193 63.0497 79.0816
    endloop
  endfacet
  facet normal 0.537309 -0.843386 -1.15705e-05
    outer loop
      vertex 88.2707 60.9801 76.5175
      vertex 91.5193 63.0497 79.0816
      vertex 91.2939 62.9061 79.1532
    endloop
  endfacet
  facet normal 0.537304 -0.843388 0
    outer loop
      vertex 88.2707 60.9801 56.8325
      vertex 98.714 67.6333 56.8325
      vertex 88.2707 60.9801 76.5175
    endloop
  endfacet
  facet normal 0.537304 -0.843388 0
    outer loop
      vertex 88.2707 60.9801 76.5175
      vertex 98.714 67.6333 56.8325
      vertex 98.714 67.6333 76.5175
    endloop
  endfacet
  facet normal 0.537304 -0.843388 1.51165e-05
    outer loop
      vertex 88.2707 60.9801 76.5175
      vertex 98.714 67.6333 76.5175
      vertex 91.9843 63.346 79.0816
    endloop
  endfacet
  facet normal 0.537306 -0.843387 2.18846e-05
    outer loop
      vertex 91.9843 63.346 79.0816
      vertex 98.714 67.6333 76.5175
      vertex 92.2097 63.4896 79.1532
    endloop
  endfacet
  facet normal 0.536963 -0.843606 -0.000259455
    outer loop
      vertex 90.4129 62.3449 52.705
      vertex 90.4333 62.3578 52.9807
      vertex 88.2707 60.9801 56.8325
    endloop
  endfacet
  facet normal 0.537354 -0.843357 4.89134e-05
    outer loop
      vertex 88.2707 60.9801 56.8325
      vertex 90.4333 62.3578 52.9807
      vertex 90.4937 62.3963 53.248
    endloop
  endfacet
  facet normal 0.537499 -0.843265 0.00017535
    outer loop
      vertex 88.2707 60.9801 56.8325
      vertex 90.4937 62.3963 53.248
      vertex 90.5923 62.4592 53.4987
    endloop
  endfacet
  facet normal 0.537291 -0.843397 0
    outer loop
      vertex 69.5263 49.0387 52.705
      vertex 71.6685 50.4034 44.45
      vertex 71.6685 50.4034 56.8325
    endloop
  endfacet
  facet normal 0.537297 -0.843393 0
    outer loop
      vertex 71.6685 50.4034 56.8325
      vertex 71.6685 50.4034 44.45
      vertex 88.2707 60.9801 44.45
    endloop
  endfacet
  facet normal 0.537297 -0.843393 0
    outer loop
      vertex 71.6685 50.4034 56.8325
      vertex 88.2707 60.9801 44.45
      vertex 88.2707 60.9801 56.8325
    endloop
  endfacet
  facet normal 0.537292 -0.843396 0
    outer loop
      vertex 88.2707 60.9801 56.8325
      vertex 88.2707 60.9801 44.45
      vertex 90.4333 62.3578 52.4293
    endloop
  endfacet
  facet normal 0.537792 -0.843077 0.000345519
    outer loop
      vertex 88.2707 60.9801 56.8325
      vertex 90.4333 62.3578 52.4293
      vertex 90.4129 62.3449 52.705
    endloop
  endfacet
  facet normal 0.537304 -0.843388 1.10681e-05
    outer loop
      vertex 88.2707 60.9801 56.8325
      vertex 91.7518 63.1978 54.2925
      vertex 98.714 67.6333 56.8325
    endloop
  endfacet
  facet normal 0.537464 -0.843286 -0.00060526
    outer loop
      vertex 98.714 67.6333 56.8325
      vertex 91.7518 63.1978 54.2925
      vertex 91.9843 63.346 54.2684
    endloop
  endfacet
  facet normal 0.537306 -0.843387 -2.18846e-05
    outer loop
      vertex 98.714 67.6333 56.8325
      vertex 91.9843 63.346 54.2684
      vertex 92.2097 63.4896 54.1968
    endloop
  endfacet
  facet normal 0.537401 -0.843327 -0.000229504
    outer loop
      vertex 93.0099 63.9994 53.248
      vertex 98.714 67.6333 56.8325
      vertex 92.9113 63.9365 53.4987
    endloop
  endfacet
  facet normal 0.537187 -0.843463 0.000292735
    outer loop
      vertex 92.9113 63.9365 53.4987
      vertex 98.714 67.6333 56.8325
      vertex 92.7774 63.8513 53.7254
    endloop
  endfacet
  facet normal 0.537478 -0.843278 0.000186852
    outer loop
      vertex 93.0099 63.9994 52.162
      vertex 92.9113 63.9365 51.9113
      vertex 98.714 67.6333 44.45
    endloop
  endfacet
  facet normal 0.537103 -0.843516 -0.000222849
    outer loop
      vertex 98.714 67.6333 44.45
      vertex 92.9113 63.9365 51.9113
      vertex 92.7774 63.8513 51.6846
    endloop
  endfacet
  facet normal 0.537452 -0.843295 0.00017912
    outer loop
      vertex 98.714 67.6333 44.45
      vertex 92.7774 63.8513 51.6846
      vertex 92.6124 63.7461 51.4889
    endloop
  endfacet
  facet normal 0.537304 -0.843388 5.79236e-06
    outer loop
      vertex 98.714 67.6333 44.45
      vertex 91.9843 63.346 51.1416
      vertex 88.2707 60.9801 44.45
    endloop
  endfacet
  facet normal 0.537521 -0.84325 -0.000163193
    outer loop
      vertex 88.2707 60.9801 44.45
      vertex 91.9843 63.346 51.1416
      vertex 91.7518 63.1978 51.1175
    endloop
  endfacet
  facet normal 0.537253 -0.843421 3.32085e-05
    outer loop
      vertex 88.2707 60.9801 44.45
      vertex 91.7518 63.1978 51.1175
      vertex 91.5193 63.0497 51.1416
    endloop
  endfacet
  facet normal 0.537514 -0.843255 -0.000105316
    outer loop
      vertex 90.8912 62.6496 51.4889
      vertex 90.7262 62.5444 51.6846
      vertex 88.2707 60.9801 44.45
    endloop
  endfacet
  facet normal 0.537097 -0.84352 -0.000217813
    outer loop
      vertex 90.5923 62.4592 53.4987
      vertex 90.7262 62.5444 53.7254
      vertex 88.2707 60.9801 56.8325
    endloop
  endfacet
  facet normal 0.537453 -0.843294 0.000177538
    outer loop
      vertex 88.2707 60.9801 56.8325
      vertex 90.7262 62.5444 53.7254
      vertex 90.8912 62.6496 53.9211
    endloop
  endfacet
  facet normal 0.537291 -0.843397 -2.73173e-05
    outer loop
      vertex 88.2707 60.9801 56.8325
      vertex 90.8912 62.6496 53.9211
      vertex 91.0824 62.7714 54.0798
    endloop
  endfacet
  facet normal 0.53723 -0.843436 -0.000114746
    outer loop
      vertex 91.0824 62.7714 54.0798
      vertex 91.2939 62.9061 54.1968
      vertex 88.2707 60.9801 56.8325
    endloop
  endfacet
  facet normal 0.537309 -0.843386 1.15705e-05
    outer loop
      vertex 88.2707 60.9801 56.8325
      vertex 91.2939 62.9061 54.1968
      vertex 91.5193 63.0497 54.2684
    endloop
  endfacet
  facet normal 0.537257 -0.843419 -8.04596e-05
    outer loop
      vertex 88.2707 60.9801 56.8325
      vertex 91.5193 63.0497 54.2684
      vertex 91.7518 63.1978 54.2925
    endloop
  endfacet
  facet normal 0.537251 -0.843422 0.00016846
    outer loop
      vertex 92.2097 63.4896 54.1968
      vertex 92.4212 63.6243 54.0798
      vertex 98.714 67.6333 56.8325
    endloop
  endfacet
  facet normal 0.537294 -0.843395 3.19443e-05
    outer loop
      vertex 98.714 67.6333 56.8325
      vertex 92.4212 63.6243 54.0798
      vertex 92.6124 63.7461 53.9211
    endloop
  endfacet
  facet normal 0.53739 -0.843334 -0.000251983
    outer loop
      vertex 98.714 67.6333 56.8325
      vertex 92.6124 63.7461 53.9211
      vertex 92.7774 63.8513 53.7254
    endloop
  endfacet
  facet normal 0.537201 -0.843454 0.000218041
    outer loop
      vertex 93.0099 63.9994 53.248
      vertex 93.0703 64.0378 52.9807
      vertex 98.714 67.6333 56.8325
    endloop
  endfacet
  facet normal 0.537312 -0.843384 -1.02679e-05
    outer loop
      vertex 98.714 67.6333 56.8325
      vertex 93.0703 64.0378 52.9807
      vertex 93.0907 64.0508 52.705
    endloop
  endfacet
  facet normal 0.537306 -0.843387 0
    outer loop
      vertex 98.714 67.6333 56.8325
      vertex 93.0907 64.0508 52.705
      vertex 98.714 67.6333 44.45
    endloop
  endfacet
  facet normal 0.537317 -0.843381 9.76484e-06
    outer loop
      vertex 98.714 67.6333 44.45
      vertex 93.0907 64.0508 52.705
      vertex 93.0703 64.0378 52.4293
    endloop
  endfacet
  facet normal 0.537115 -0.843509 -0.000190745
    outer loop
      vertex 98.714 67.6333 44.45
      vertex 93.0703 64.0378 52.4293
      vertex 93.0099 63.9994 52.162
    endloop
  endfacet
  facet normal 0.537287 -0.843399 -2.10507e-05
    outer loop
      vertex 92.6124 63.7461 51.4889
      vertex 92.4212 63.6243 51.3302
      vertex 98.714 67.6333 44.45
    endloop
  endfacet
  facet normal 0.537225 -0.843439 -0.000101355
    outer loop
      vertex 98.714 67.6333 44.45
      vertex 92.4212 63.6243 51.3302
      vertex 92.2097 63.4896 51.2132
    endloop
  endfacet
  facet normal 0.537309 -0.843386 1.1654e-05
    outer loop
      vertex 98.714 67.6333 44.45
      vertex 92.2097 63.4896 51.2132
      vertex 91.9843 63.346 51.1416
    endloop
  endfacet
  facet normal 0.537002 -0.843581 0.000138905
    outer loop
      vertex 90.7262 62.5444 51.6846
      vertex 90.5923 62.4592 51.9113
      vertex 88.2707 60.9801 44.45
    endloop
  endfacet
  facet normal 0.537597 -0.843202 -0.000121184
    outer loop
      vertex 88.2707 60.9801 44.45
      vertex 90.5923 62.4592 51.9113
      vertex 90.4937 62.3963 52.162
    endloop
  endfacet
  facet normal 0.53739 -0.843334 -3.74086e-05
    outer loop
      vertex 88.2707 60.9801 44.45
      vertex 90.4937 62.3963 52.162
      vertex 90.4333 62.3578 52.4293
    endloop
  endfacet
  facet normal 0.53731 -0.843385 -5.38716e-06
    outer loop
      vertex 91.5193 63.0497 51.1416
      vertex 91.2939 62.9061 51.2132
      vertex 88.2707 60.9801 44.45
    endloop
  endfacet
  facet normal 0.537208 -0.84345 5.86022e-05
    outer loop
      vertex 88.2707 60.9801 44.45
      vertex 91.2939 62.9061 51.2132
      vertex 91.0824 62.7714 51.3302
    endloop
  endfacet
  facet normal 0.537284 -0.843401 1.50803e-05
    outer loop
      vertex 88.2707 60.9801 44.45
      vertex 91.0824 62.7714 51.3302
      vertex 90.8912 62.6496 51.4889
    endloop
  endfacet
  facet normal 0.537597 -0.843202 0.000121164
    outer loop
      vertex 90.4937 62.3963 36.738
      vertex 90.5923 62.4592 36.9888
      vertex 88.2707 60.9801 44.45
    endloop
  endfacet
  facet normal 0.537225 -0.843439 0.000101355
    outer loop
      vertex 92.2097 63.4896 37.6868
      vertex 92.4212 63.6243 37.5698
      vertex 98.714 67.6333 44.45
    endloop
  endfacet
  facet normal 0.537201 -0.843454 -0.000218041
    outer loop
      vertex 93.0703 64.0378 35.9193
      vertex 93.0099 63.9994 35.652
      vertex 98.714 67.6333 32.0675
    endloop
  endfacet
  facet normal 0.537401 -0.843327 0.000229431
    outer loop
      vertex 98.714 67.6333 32.0675
      vertex 93.0099 63.9994 35.652
      vertex 92.9113 63.9365 35.4012
    endloop
  endfacet
  facet normal 0.537187 -0.843463 -0.000292834
    outer loop
      vertex 98.714 67.6333 32.0675
      vertex 92.9113 63.9365 35.4012
      vertex 92.7774 63.8513 35.1746
    endloop
  endfacet
  facet normal 0.537208 -0.84345 -5.86022e-05
    outer loop
      vertex 88.2707 60.9801 44.45
      vertex 91.0824 62.7714 37.5698
      vertex 91.2939 62.9061 37.6868
    endloop
  endfacet
  facet normal 0.53731 -0.843385 5.38716e-06
    outer loop
      vertex 91.2939 62.9061 37.6868
      vertex 91.5193 63.0497 37.7584
      vertex 88.2707 60.9801 44.45
    endloop
  endfacet
  facet normal 0.537253 -0.843421 -3.32085e-05
    outer loop
      vertex 88.2707 60.9801 44.45
      vertex 91.5193 63.0497 37.7584
      vertex 91.7518 63.1978 37.7825
    endloop
  endfacet
  facet normal 0.537304 -0.843388 4.21641e-06
    outer loop
      vertex 88.2707 60.9801 44.45
      vertex 91.7518 63.1978 37.7825
      vertex 98.714 67.6333 44.45
    endloop
  endfacet
  facet normal 0.537489 -0.843271 -0.000267164
    outer loop
      vertex 98.714 67.6333 44.45
      vertex 91.7518 63.1978 37.7825
      vertex 91.9843 63.346 37.7584
    endloop
  endfacet
  facet normal 0.537309 -0.843386 -1.1654e-05
    outer loop
      vertex 98.714 67.6333 44.45
      vertex 91.9843 63.346 37.7584
      vertex 92.2097 63.4896 37.6868
    endloop
  endfacet
  facet normal 0.537287 -0.843399 2.10507e-05
    outer loop
      vertex 92.4212 63.6243 37.5698
      vertex 92.6124 63.7461 37.4111
      vertex 98.714 67.6333 44.45
    endloop
  endfacet
  facet normal 0.537452 -0.843295 -0.00017912
    outer loop
      vertex 98.714 67.6333 44.45
      vertex 92.6124 63.7461 37.4111
      vertex 92.7774 63.8513 37.2154
    endloop
  endfacet
  facet normal 0.537103 -0.843517 0.000222906
    outer loop
      vertex 98.714 67.6333 44.45
      vertex 92.7774 63.8513 37.2154
      vertex 92.9113 63.9365 36.9888
    endloop
  endfacet
  facet normal 0.53739 -0.843334 0.000251983
    outer loop
      vertex 92.7774 63.8513 35.1746
      vertex 92.6124 63.7461 34.9789
      vertex 98.714 67.6333 32.0675
    endloop
  endfacet
  facet normal 0.537294 -0.843395 -3.19443e-05
    outer loop
      vertex 98.714 67.6333 32.0675
      vertex 92.6124 63.7461 34.9789
      vertex 92.4212 63.6243 34.8202
    endloop
  endfacet
  facet normal 0.537251 -0.843422 -0.00016846
    outer loop
      vertex 98.714 67.6333 32.0675
      vertex 92.4212 63.6243 34.8202
      vertex 92.2097 63.4896 34.7032
    endloop
  endfacet
  facet normal 0.537291 -0.843397 2.73173e-05
    outer loop
      vertex 90.8912 62.6496 34.9789
      vertex 88.2707 60.9801 32.0675
      vertex 91.0824 62.7714 34.8202
    endloop
  endfacet
  facet normal 0.53723 -0.843436 0.000114746
    outer loop
      vertex 91.0824 62.7714 34.8202
      vertex 88.2707 60.9801 32.0675
      vertex 91.2939 62.9061 34.7032
    endloop
  endfacet
  facet normal 0.537453 -0.843294 -0.000177538
    outer loop
      vertex 90.8912 62.6496 34.9789
      vertex 90.7262 62.5444 35.1746
      vertex 88.2707 60.9801 32.0675
    endloop
  endfacet
  facet normal 0.537097 -0.84352 0.000217868
    outer loop
      vertex 88.2707 60.9801 32.0675
      vertex 90.7262 62.5444 35.1746
      vertex 90.5923 62.4592 35.4012
    endloop
  endfacet
  facet normal 0.537499 -0.843265 -0.000175307
    outer loop
      vertex 88.2707 60.9801 32.0675
      vertex 90.5923 62.4592 35.4012
      vertex 90.4937 62.3963 35.652
    endloop
  endfacet
  facet normal 0.537354 -0.843357 -4.89134e-05
    outer loop
      vertex 90.4937 62.3963 35.652
      vertex 90.4333 62.3578 35.9193
      vertex 88.2707 60.9801 32.0675
    endloop
  endfacet
  facet normal 0.536963 -0.843606 0.000259455
    outer loop
      vertex 88.2707 60.9801 32.0675
      vertex 90.4333 62.3578 35.9193
      vertex 90.4129 62.3449 36.195
    endloop
  endfacet
  facet normal 0.537319 -0.843379 0
    outer loop
      vertex 88.2707 60.9801 32.0675
      vertex 90.4129 62.3449 36.195
      vertex 88.2707 60.9801 44.45
    endloop
  endfacet
  facet normal 0.536686 -0.843782 -0.000230721
    outer loop
      vertex 88.2707 60.9801 44.45
      vertex 90.4129 62.3449 36.195
      vertex 90.4333 62.3578 36.4707
    endloop
  endfacet
  facet normal 0.53739 -0.843334 3.74086e-05
    outer loop
      vertex 88.2707 60.9801 44.45
      vertex 90.4333 62.3578 36.4707
      vertex 90.4937 62.3963 36.738
    endloop
  endfacet
  facet normal 0.537002 -0.843581 -0.000138927
    outer loop
      vertex 90.5923 62.4592 36.9888
      vertex 90.7262 62.5444 37.2154
      vertex 88.2707 60.9801 44.45
    endloop
  endfacet
  facet normal 0.537514 -0.843255 0.000105316
    outer loop
      vertex 88.2707 60.9801 44.45
      vertex 90.7262 62.5444 37.2154
      vertex 90.8912 62.6496 37.4111
    endloop
  endfacet
  facet normal 0.537284 -0.843401 -1.50803e-05
    outer loop
      vertex 88.2707 60.9801 44.45
      vertex 90.8912 62.6496 37.4111
      vertex 91.0824 62.7714 37.5698
    endloop
  endfacet
  facet normal 0.537478 -0.843278 -0.000186804
    outer loop
      vertex 92.9113 63.9365 36.9888
      vertex 93.0099 63.9994 36.738
      vertex 98.714 67.6333 44.45
    endloop
  endfacet
  facet normal 0.537115 -0.843509 0.000190745
    outer loop
      vertex 98.714 67.6333 44.45
      vertex 93.0099 63.9994 36.738
      vertex 93.0703 64.0378 36.4707
    endloop
  endfacet
  facet normal 0.537307 -0.843387 0
    outer loop
      vertex 98.714 67.6333 44.45
      vertex 93.0703 64.0378 36.4707
      vertex 98.714 67.6333 32.0675
    endloop
  endfacet
  facet normal 0.5373 -0.843391 -1.14474e-05
    outer loop
      vertex 98.714 67.6333 32.0675
      vertex 93.0703 64.0378 36.4707
      vertex 93.0907 64.0508 36.195
    endloop
  endfacet
  facet normal 0.537312 -0.843384 1.02679e-05
    outer loop
      vertex 98.714 67.6333 32.0675
      vertex 93.0907 64.0508 36.195
      vertex 93.0703 64.0378 35.9193
    endloop
  endfacet
  facet normal 0.537544 -0.843236 -0.000472283
    outer loop
      vertex 91.9843 63.346 34.6316
      vertex 91.7518 63.1978 34.6075
      vertex 88.2707 60.9801 32.0675
    endloop
  endfacet
  facet normal 0.537257 -0.843419 8.04596e-05
    outer loop
      vertex 88.2707 60.9801 32.0675
      vertex 91.7518 63.1978 34.6075
      vertex 91.5193 63.0497 34.6316
    endloop
  endfacet
  facet normal 0.537309 -0.843386 -1.15705e-05
    outer loop
      vertex 88.2707 60.9801 32.0675
      vertex 91.5193 63.0497 34.6316
      vertex 91.2939 62.9061 34.7032
    endloop
  endfacet
  facet normal 0.537304 -0.843388 0
    outer loop
      vertex 88.2707 60.9801 12.3825
      vertex 98.714 67.6333 12.3825
      vertex 88.2707 60.9801 32.0675
    endloop
  endfacet
  facet normal 0.537304 -0.843388 0
    outer loop
      vertex 88.2707 60.9801 32.0675
      vertex 98.714 67.6333 12.3825
      vertex 98.714 67.6333 32.0675
    endloop
  endfacet
  facet normal 0.537304 -0.843388 1.51165e-05
    outer loop
      vertex 88.2707 60.9801 32.0675
      vertex 98.714 67.6333 32.0675
      vertex 91.9843 63.346 34.6316
    endloop
  endfacet
  facet normal 0.537306 -0.843387 2.18846e-05
    outer loop
      vertex 91.9843 63.346 34.6316
      vertex 98.714 67.6333 32.0675
      vertex 92.2097 63.4896 34.7032
    endloop
  endfacet
  facet normal 0.537401 -0.843327 -0.000229437
    outer loop
      vertex 92.9113 63.9365 9.04875
      vertex 93.0099 63.9994 8.79796
      vertex 98.714 67.6333 12.3825
    endloop
  endfacet
  facet normal 0.537187 -0.843463 0.000292765
    outer loop
      vertex 92.9113 63.9365 9.04875
      vertex 98.714 67.6333 12.3825
      vertex 92.7774 63.8513 9.27542
    endloop
  endfacet
  facet normal 0.537309 -0.843385 -9.47769e-06
    outer loop
      vertex 91.5193 63.0497 6.69162
      vertex 91.2939 62.9061 6.76324
      vertex 88.2707 60.9801 3.33375
    endloop
  endfacet
  facet normal 0.536963 -0.843606 -0.00025948
    outer loop
      vertex 90.4129 62.3449 8.255
      vertex 90.4333 62.3578 8.53067
      vertex 88.2707 60.9801 12.3825
    endloop
  endfacet
  facet normal 0.537223 -0.84344 9.69096e-05
    outer loop
      vertex 91.2939 62.9061 6.76324
      vertex 91.0824 62.7714 6.88018
      vertex 88.2707 60.9801 3.33375
    endloop
  endfacet
  facet normal 0.537289 -0.843398 2.36282e-05
    outer loop
      vertex 88.2707 60.9801 3.33375
      vertex 91.0824 62.7714 6.88018
      vertex 90.8912 62.6496 7.03891
    endloop
  endfacet
  facet normal 0.53747 -0.843283 -0.000156867
    outer loop
      vertex 88.2707 60.9801 3.33375
      vertex 90.8912 62.6496 7.03891
      vertex 90.7262 62.5444 7.23457
    endloop
  endfacet
  facet normal 0.537354 -0.843357 4.89146e-05
    outer loop
      vertex 90.4333 62.3578 8.53067
      vertex 90.4937 62.3963 8.79796
      vertex 88.2707 60.9801 12.3825
    endloop
  endfacet
  facet normal 0.537499 -0.843265 0.00017531
    outer loop
      vertex 88.2707 60.9801 12.3825
      vertex 90.4937 62.3963 8.79796
      vertex 90.5923 62.4592 9.04875
    endloop
  endfacet
  facet normal 0.537097 -0.84352 -0.00021783
    outer loop
      vertex 88.2707 60.9801 12.3825
      vertex 90.5923 62.4592 9.04875
      vertex 90.7262 62.5444 9.27542
    endloop
  endfacet
  facet normal 0.537453 -0.843294 0.000177547
    outer loop
      vertex 90.7262 62.5444 9.27542
      vertex 90.8912 62.6496 9.4711
      vertex 88.2707 60.9801 12.3825
    endloop
  endfacet
  facet normal 0.537291 -0.843397 -2.73159e-05
    outer loop
      vertex 88.2707 60.9801 12.3825
      vertex 90.8912 62.6496 9.4711
      vertex 91.0824 62.7714 9.62982
    endloop
  endfacet
  facet normal 0.53723 -0.843436 -0.000114768
    outer loop
      vertex 88.2707 60.9801 12.3825
      vertex 91.0824 62.7714 9.62982
      vertex 91.2939 62.9061 9.74676
    endloop
  endfacet
  facet normal 0.537418 -0.843316 0.000219792
    outer loop
      vertex 93.0099 63.9994 7.71204
      vertex 92.9113 63.9365 7.46125
      vertex 98.714 67.6333 3.33375
    endloop
  endfacet
  facet normal 0.537167 -0.843476 -0.000276103
    outer loop
      vertex 98.714 67.6333 3.33375
      vertex 92.9113 63.9365 7.46125
      vertex 92.7774 63.8513 7.23457
    endloop
  endfacet
  facet normal 0.537406 -0.843324 0.000233733
    outer loop
      vertex 98.714 67.6333 3.33375
      vertex 92.7774 63.8513 7.23457
      vertex 92.6124 63.7461 7.03891
    endloop
  endfacet
  facet normal 0.537071 -0.843537 0.000196371
    outer loop
      vertex 90.7262 62.5444 7.23457
      vertex 90.5923 62.4592 7.46125
      vertex 88.2707 60.9801 3.33375
    endloop
  endfacet
  facet normal 0.537524 -0.843249 -0.000161437
    outer loop
      vertex 88.2707 60.9801 3.33375
      vertex 90.5923 62.4592 7.46125
      vertex 90.4937 62.3963 7.71204
    endloop
  endfacet
  facet normal 0.537362 -0.843351 -4.61831e-05
    outer loop
      vertex 88.2707 60.9801 3.33375
      vertex 90.4937 62.3963 7.71204
      vertex 90.4333 62.3578 7.97933
    endloop
  endfacet
  facet normal 0.537291 -0.843397 0
    outer loop
      vertex 69.5263 49.0387 8.255
      vertex 71.6685 50.4034 3.33375
      vertex 71.6685 50.4034 12.3825
    endloop
  endfacet
  facet normal 0.537297 -0.843393 0
    outer loop
      vertex 71.6685 50.4034 12.3825
      vertex 71.6685 50.4034 3.33375
      vertex 88.2707 60.9801 3.33375
    endloop
  endfacet
  facet normal 0.537297 -0.843393 0
    outer loop
      vertex 71.6685 50.4034 12.3825
      vertex 88.2707 60.9801 3.33375
      vertex 88.2707 60.9801 12.3825
    endloop
  endfacet
  facet normal 0.537292 -0.843396 0
    outer loop
      vertex 88.2707 60.9801 12.3825
      vertex 88.2707 60.9801 3.33375
      vertex 90.4333 62.3578 7.97933
    endloop
  endfacet
  facet normal 0.537792 -0.843077 0.000345563
    outer loop
      vertex 88.2707 60.9801 12.3825
      vertex 90.4333 62.3578 7.97933
      vertex 90.4129 62.3449 8.255
    endloop
  endfacet
  facet normal 0.537309 -0.843386 1.15695e-05
    outer loop
      vertex 91.2939 62.9061 9.74676
      vertex 91.5193 63.0497 9.81838
      vertex 88.2707 60.9801 12.3825
    endloop
  endfacet
  facet normal 0.537257 -0.843419 -8.04513e-05
    outer loop
      vertex 88.2707 60.9801 12.3825
      vertex 91.5193 63.0497 9.81838
      vertex 91.7518 63.1978 9.8425
    endloop
  endfacet
  facet normal 0.537304 -0.843388 1.10681e-05
    outer loop
      vertex 88.2707 60.9801 12.3825
      vertex 91.7518 63.1978 9.8425
      vertex 98.714 67.6333 12.3825
    endloop
  endfacet
  facet normal 0.537464 -0.843286 -0.000605149
    outer loop
      vertex 98.714 67.6333 12.3825
      vertex 91.7518 63.1978 9.8425
      vertex 91.9843 63.346 9.81838
    endloop
  endfacet
  facet normal 0.537306 -0.843387 -2.18817e-05
    outer loop
      vertex 98.714 67.6333 12.3825
      vertex 91.9843 63.346 9.81838
      vertex 92.2097 63.4896 9.74676
    endloop
  endfacet
  facet normal 0.537201 -0.843454 0.000218048
    outer loop
      vertex 93.0099 63.9994 8.79796
      vertex 93.0703 64.0378 8.53067
      vertex 98.714 67.6333 12.3825
    endloop
  endfacet
  facet normal 0.537312 -0.843384 -1.0269e-05
    outer loop
      vertex 98.714 67.6333 12.3825
      vertex 93.0703 64.0378 8.53067
      vertex 93.0907 64.0508 8.255
    endloop
  endfacet
  facet normal 0.537306 -0.843387 0
    outer loop
      vertex 98.714 67.6333 12.3825
      vertex 93.0907 64.0508 8.255
      vertex 98.714 67.6333 3.33375
    endloop
  endfacet
  facet normal 0.537313 -0.843383 1.01682e-05
    outer loop
      vertex 98.714 67.6333 3.33375
      vertex 93.0907 64.0508 8.255
      vertex 93.0703 64.0378 7.97933
    endloop
  endfacet
  facet normal 0.537182 -0.843466 -0.000212208
    outer loop
      vertex 98.714 67.6333 3.33375
      vertex 93.0703 64.0378 7.97933
      vertex 93.0099 63.9994 7.71204
    endloop
  endfacet
  facet normal 0.537304 -0.843388 1.15431e-05
    outer loop
      vertex 98.714 67.6333 3.33375
      vertex 91.9843 63.346 6.69162
      vertex 88.2707 60.9801 3.33375
    endloop
  endfacet
  facet normal 0.537534 -0.843242 -0.000346224
    outer loop
      vertex 88.2707 60.9801 3.33375
      vertex 91.9843 63.346 6.69162
      vertex 91.7518 63.1978 6.6675
    endloop
  endfacet
  facet normal 0.537256 -0.843419 6.31685e-05
    outer loop
      vertex 88.2707 60.9801 3.33375
      vertex 91.7518 63.1978 6.6675
      vertex 91.5193 63.0497 6.69162
    endloop
  endfacet
  facet normal 0.537251 -0.843422 0.000168509
    outer loop
      vertex 92.2097 63.4896 9.74676
      vertex 92.4212 63.6243 9.62982
      vertex 98.714 67.6333 12.3825
    endloop
  endfacet
  facet normal 0.537294 -0.843395 3.19417e-05
    outer loop
      vertex 98.714 67.6333 12.3825
      vertex 92.4212 63.6243 9.62982
      vertex 92.6124 63.7461 9.4711
    endloop
  endfacet
  facet normal 0.53739 -0.843334 -0.000252001
    outer loop
      vertex 98.714 67.6333 12.3825
      vertex 92.6124 63.7461 9.4711
      vertex 92.7774 63.8513 9.27542
    endloop
  endfacet
  facet normal 0.537292 -0.843396 -2.90498e-05
    outer loop
      vertex 92.6124 63.7461 7.03891
      vertex 92.4212 63.6243 6.88018
      vertex 98.714 67.6333 3.33375
    endloop
  endfacet
  facet normal 0.537244 -0.843427 -0.000149472
    outer loop
      vertex 98.714 67.6333 3.33375
      vertex 92.4212 63.6243 6.88018
      vertex 92.2097 63.4896 6.76324
    endloop
  endfacet
  facet normal 0.537307 -0.843387 1.87216e-05
    outer loop
      vertex 98.714 67.6333 3.33375
      vertex 92.2097 63.4896 6.76324
      vertex 91.9843 63.346 6.69162
    endloop
  endfacet
  facet normal 0.537289 -0.843398 0
    outer loop
      vertex 61.2252 43.7503 3.33375
      vertex 64.0369 45.5415 0
      vertex 64.0369 45.5415 3.33375
    endloop
  endfacet
  facet normal 0.537302 -0.84339 0
    outer loop
      vertex 64.0369 45.5415 3.33375
      vertex 64.0369 45.5415 0
      vertex 71.6685 50.4034 0
    endloop
  endfacet
  facet normal 0.537302 -0.84339 0
    outer loop
      vertex 64.0369 45.5415 3.33375
      vertex 71.6685 50.4034 0
      vertex 71.6685 50.4034 3.33375
    endloop
  endfacet
  facet normal 0.537297 -0.843393 0
    outer loop
      vertex 71.6685 50.4034 3.33375
      vertex 71.6685 50.4034 0
      vertex 88.2707 60.9801 0
    endloop
  endfacet
  facet normal 0.537297 -0.843393 0
    outer loop
      vertex 71.6685 50.4034 3.33375
      vertex 88.2707 60.9801 0
      vertex 88.2707 60.9801 3.33375
    endloop
  endfacet
  facet normal 0.537304 -0.843388 0
    outer loop
      vertex 88.2707 60.9801 3.33375
      vertex 88.2707 60.9801 0
      vertex 98.714 67.6333 0
    endloop
  endfacet
  facet normal 0.537304 -0.843388 0
    outer loop
      vertex 88.2707 60.9801 3.33375
      vertex 98.714 67.6333 0
      vertex 98.714 67.6333 3.33375
    endloop
  endfacet
  facet normal -0.840188 -0.535244 0.0871714
    outer loop
      vertex 86.1285 59.6154 66.675
      vertex 84.4226 62.2932 66.675
      vertex 86.0349 59.5558 65.4069
    endloop
  endfacet
  facet normal -0.840188 -0.535244 0.0871714
    outer loop
      vertex 86.0349 59.5558 65.4069
      vertex 84.4226 62.2932 66.675
      vertex 84.329 62.2336 65.4069
    endloop
  endfacet
  facet normal -0.814668 -0.518986 0.258784
    outer loop
      vertex 86.0349 59.5558 65.4069
      vertex 84.329 62.2336 65.4069
      vertex 85.7571 59.3788 64.1774
    endloop
  endfacet
  facet normal -0.814622 -0.519007 0.258886
    outer loop
      vertex 85.7571 59.3788 64.1774
      vertex 84.329 62.2336 65.4069
      vertex 84.0511 62.0565 64.1774
    endloop
  endfacet
  facet normal -0.764324 -0.486961 0.422703
    outer loop
      vertex 85.7571 59.3788 64.1774
      vertex 84.0511 62.0565 64.1774
      vertex 85.3033 59.0897 63.0238
    endloop
  endfacet
  facet normal -0.76438 -0.48695 0.422614
    outer loop
      vertex 85.3033 59.0897 63.0238
      vertex 84.0511 62.0565 64.1774
      vertex 83.5974 61.7675 63.0238
    endloop
  endfacet
  facet normal -0.690908 -0.440145 0.573514
    outer loop
      vertex 85.3033 59.0897 63.0238
      vertex 83.5974 61.7675 63.0238
      vertex 84.6876 58.6974 61.981
    endloop
  endfacet
  facet normal -0.690908 -0.440145 0.573514
    outer loop
      vertex 84.6876 58.6974 61.981
      vertex 83.5974 61.7675 63.0238
      vertex 82.9817 61.3752 61.981
    endloop
  endfacet
  facet normal -0.596354 -0.379909 0.707129
    outer loop
      vertex 84.6876 58.6974 61.981
      vertex 82.9817 61.3752 61.981
      vertex 83.9285 58.2138 61.081
    endloop
  endfacet
  facet normal -0.596316 -0.379907 0.707162
    outer loop
      vertex 83.9285 58.2138 61.081
      vertex 82.9817 61.3752 61.981
      vertex 82.2225 60.8916 61.081
    endloop
  endfacet
  facet normal -0.483769 -0.308204 0.819132
    outer loop
      vertex 83.9285 58.2138 61.081
      vertex 82.2225 60.8916 61.081
      vertex 83.049 57.6536 60.3508
    endloop
  endfacet
  facet normal -0.483803 -0.308208 0.819111
    outer loop
      vertex 83.049 57.6536 60.3508
      vertex 82.2225 60.8916 61.081
      vertex 81.3431 60.3314 60.3508
    endloop
  endfacet
  facet normal -0.356416 -0.227056 0.906319
    outer loop
      vertex 83.049 57.6536 60.3508
      vertex 81.3431 60.3314 60.3508
      vertex 82.0761 57.0337 59.8129
    endloop
  endfacet
  facet normal -0.356388 -0.227052 0.90633
    outer loop
      vertex 82.0761 57.0337 59.8129
      vertex 81.3431 60.3314 60.3508
      vertex 80.3701 59.7115 59.8129
    endloop
  endfacet
  facet normal -0.218313 -0.139085 0.965917
    outer loop
      vertex 82.0761 57.0337 59.8129
      vertex 80.3701 59.7115 59.8129
      vertex 81.0391 56.3731 59.4834
    endloop
  endfacet
  facet normal -0.21833 -0.139088 0.965912
    outer loop
      vertex 81.0391 56.3731 59.4834
      vertex 80.3701 59.7115 59.8129
      vertex 79.3332 59.0509 59.4834
    endloop
  endfacet
  facet normal -0.0734796 -0.0468104 0.996198
    outer loop
      vertex 81.0391 56.3731 59.4834
      vertex 79.3332 59.0509 59.4834
      vertex 79.9696 55.6918 59.3725
    endloop
  endfacet
  facet normal -0.0734757 -0.0468096 0.996198
    outer loop
      vertex 79.9696 55.6918 59.3725
      vertex 79.3332 59.0509 59.4834
      vertex 78.2637 58.3695 59.3725
    endloop
  endfacet
  facet normal 0.0734757 0.0468096 0.996198
    outer loop
      vertex 79.9696 55.6918 59.3725
      vertex 78.2637 58.3695 59.3725
      vertex 78.9001 55.0104 59.4834
    endloop
  endfacet
  facet normal 0.0734796 0.0468104 0.996198
    outer loop
      vertex 78.9001 55.0104 59.4834
      vertex 78.2637 58.3695 59.3725
      vertex 77.1942 57.6882 59.4834
    endloop
  endfacet
  facet normal 0.21833 0.139088 0.965912
    outer loop
      vertex 78.9001 55.0104 59.4834
      vertex 77.1942 57.6882 59.4834
      vertex 77.8632 54.3498 59.8129
    endloop
  endfacet
  facet normal 0.218313 0.139085 0.965917
    outer loop
      vertex 77.8632 54.3498 59.8129
      vertex 77.1942 57.6882 59.4834
      vertex 76.1572 57.0276 59.8129
    endloop
  endfacet
  facet normal 0.356402 0.22706 0.906323
    outer loop
      vertex 77.8632 54.3498 59.8129
      vertex 76.1572 57.0276 59.8129
      vertex 76.8902 53.73 60.3508
    endloop
  endfacet
  facet normal 0.356412 0.227062 0.906319
    outer loop
      vertex 76.8902 53.73 60.3508
      vertex 76.1572 57.0276 59.8129
      vertex 75.1843 56.4077 60.3508
    endloop
  endfacet
  facet normal 0.483781 0.308206 0.819125
    outer loop
      vertex 76.8902 53.73 60.3508
      vertex 75.1843 56.4077 60.3508
      vertex 76.0108 53.1697 61.081
    endloop
  endfacet
  facet normal 0.483769 0.308204 0.819132
    outer loop
      vertex 76.0108 53.1697 61.081
      vertex 75.1843 56.4077 60.3508
      vertex 74.3048 55.8475 61.081
    endloop
  endfacet
  facet normal 0.596316 0.379907 0.707162
    outer loop
      vertex 76.0108 53.1697 61.081
      vertex 74.3048 55.8475 61.081
      vertex 75.2516 52.6861 61.981
    endloop
  endfacet
  facet normal 0.596354 0.379909 0.707129
    outer loop
      vertex 75.2516 52.6861 61.981
      vertex 74.3048 55.8475 61.081
      vertex 73.5457 55.3639 61.981
    endloop
  endfacet
  facet normal 0.690908 0.440145 0.573514
    outer loop
      vertex 75.2516 52.6861 61.981
      vertex 73.5457 55.3639 61.981
      vertex 74.6359 52.2938 63.0238
    endloop
  endfacet
  facet normal 0.690908 0.440145 0.573514
    outer loop
      vertex 74.6359 52.2938 63.0238
      vertex 73.5457 55.3639 61.981
      vertex 72.93 54.9716 63.0238
    endloop
  endfacet
  facet normal 0.76438 0.48695 0.422614
    outer loop
      vertex 74.6359 52.2938 63.0238
      vertex 72.93 54.9716 63.0238
      vertex 74.1822 52.0048 64.1774
    endloop
  endfacet
  facet normal 0.764324 0.486961 0.422703
    outer loop
      vertex 74.1822 52.0048 64.1774
      vertex 72.93 54.9716 63.0238
      vertex 72.4762 54.6825 64.1774
    endloop
  endfacet
  facet normal 0.814622 0.519007 0.258886
    outer loop
      vertex 74.1822 52.0048 64.1774
      vertex 72.4762 54.6825 64.1774
      vertex 73.9043 51.8277 65.4069
    endloop
  endfacet
  facet normal 0.814668 0.518986 0.258784
    outer loop
      vertex 73.9043 51.8277 65.4069
      vertex 72.4762 54.6825 64.1774
      vertex 72.1984 54.5055 65.4069
    endloop
  endfacet
  facet normal 0.840188 0.535244 0.0871714
    outer loop
      vertex 73.9043 51.8277 65.4069
      vertex 72.1984 54.5055 65.4069
      vertex 73.8107 51.7681 66.675
    endloop
  endfacet
  facet normal 0.840188 0.535244 0.0871714
    outer loop
      vertex 73.8107 51.7681 66.675
      vertex 72.1984 54.5055 65.4069
      vertex 72.1048 54.4459 66.675
    endloop
  endfacet
  facet normal -0.84017 -0.535233 0.0874048
    outer loop
      vertex 93.0907 64.0508 52.705
      vertex 91.3848 66.7286 52.705
      vertex 93.0703 64.0378 52.4293
    endloop
  endfacet
  facet normal -0.84017 -0.535233 0.0874048
    outer loop
      vertex 93.0703 64.0378 52.4293
      vertex 91.3848 66.7286 52.705
      vertex 91.3644 66.7156 52.4293
    endloop
  endfacet
  facet normal -0.814698 -0.519006 0.258652
    outer loop
      vertex 93.0703 64.0378 52.4293
      vertex 91.3644 66.7156 52.4293
      vertex 93.0099 63.9994 52.162
    endloop
  endfacet
  facet normal -0.814648 -0.518993 0.258833
    outer loop
      vertex 93.0099 63.9994 52.162
      vertex 91.3644 66.7156 52.4293
      vertex 91.304 66.6771 52.162
    endloop
  endfacet
  facet normal -0.76431 -0.486924 0.42277
    outer loop
      vertex 93.0099 63.9994 52.162
      vertex 91.304 66.6771 52.162
      vertex 92.9113 63.9365 51.9113
    endloop
  endfacet
  facet normal -0.764381 -0.486951 0.422611
    outer loop
      vertex 92.9113 63.9365 51.9113
      vertex 91.304 66.6771 52.162
      vertex 91.2054 66.6143 51.9113
    endloop
  endfacet
  facet normal -0.690913 -0.440148 0.573506
    outer loop
      vertex 92.9113 63.9365 51.9113
      vertex 91.2054 66.6143 51.9113
      vertex 92.7774 63.8513 51.6846
    endloop
  endfacet
  facet normal -0.690828 -0.440111 0.573636
    outer loop
      vertex 92.7774 63.8513 51.6846
      vertex 91.2054 66.6143 51.9113
      vertex 91.0715 66.529 51.6846
    endloop
  endfacet
  facet normal -0.596391 -0.379947 0.707077
    outer loop
      vertex 92.7774 63.8513 51.6846
      vertex 91.0715 66.529 51.6846
      vertex 92.6124 63.7461 51.4889
    endloop
  endfacet
  facet normal -0.59648 -0.379989 0.70698
    outer loop
      vertex 92.6124 63.7461 51.4889
      vertex 91.0715 66.529 51.6846
      vertex 90.9065 66.4239 51.4889
    endloop
  endfacet
  facet normal -0.483678 -0.308129 0.819214
    outer loop
      vertex 92.6124 63.7461 51.4889
      vertex 90.9065 66.4239 51.4889
      vertex 92.4212 63.6243 51.3302
    endloop
  endfacet
  facet normal -0.483678 -0.308129 0.819214
    outer loop
      vertex 92.4212 63.6243 51.3302
      vertex 90.9065 66.4239 51.4889
      vertex 90.7153 66.3021 51.3302
    endloop
  endfacet
  facet normal -0.356617 -0.227184 0.906207
    outer loop
      vertex 92.4212 63.6243 51.3302
      vertex 90.7153 66.3021 51.3302
      vertex 92.2097 63.4896 51.2132
    endloop
  endfacet
  facet normal -0.356551 -0.22715 0.906242
    outer loop
      vertex 92.2097 63.4896 51.2132
      vertex 90.7153 66.3021 51.3302
      vertex 90.5038 66.1673 51.2132
    endloop
  endfacet
  facet normal -0.218253 -0.139044 0.965936
    outer loop
      vertex 92.2097 63.4896 51.2132
      vertex 90.5038 66.1673 51.2132
      vertex 91.9843 63.346 51.1416
    endloop
  endfacet
  facet normal -0.218253 -0.139044 0.965936
    outer loop
      vertex 91.9843 63.346 51.1416
      vertex 90.5038 66.1673 51.2132
      vertex 90.2784 66.0237 51.1416
    endloop
  endfacet
  facet normal -0.0734395 -0.0467866 0.996202
    outer loop
      vertex 91.9843 63.346 51.1416
      vertex 90.2784 66.0237 51.1416
      vertex 91.7518 63.1978 51.1175
    endloop
  endfacet
  facet normal -0.0734545 -0.0467944 0.9962
    outer loop
      vertex 91.7518 63.1978 51.1175
      vertex 90.2784 66.0237 51.1416
      vertex 90.0459 65.8756 51.1175
    endloop
  endfacet
  facet normal 0.0734545 0.0467944 0.9962
    outer loop
      vertex 91.7518 63.1978 51.1175
      vertex 90.0459 65.8756 51.1175
      vertex 91.5193 63.0497 51.1416
    endloop
  endfacet
  facet normal 0.0734545 0.0467944 0.9962
    outer loop
      vertex 91.5193 63.0497 51.1416
      vertex 90.0459 65.8756 51.1175
      vertex 89.8134 65.7275 51.1416
    endloop
  endfacet
  facet normal 0.218256 0.13904 0.965936
    outer loop
      vertex 91.5193 63.0497 51.1416
      vertex 89.8134 65.7275 51.1416
      vertex 91.2939 62.9061 51.2132
    endloop
  endfacet
  facet normal 0.218188 0.139005 0.965956
    outer loop
      vertex 91.2939 62.9061 51.2132
      vertex 89.8134 65.7275 51.1416
      vertex 89.5879 65.5839 51.2132
    endloop
  endfacet
  facet normal 0.356611 0.227194 0.906207
    outer loop
      vertex 91.2939 62.9061 51.2132
      vertex 89.5879 65.5839 51.2132
      vertex 91.0824 62.7714 51.3302
    endloop
  endfacet
  facet normal 0.356545 0.22716 0.906242
    outer loop
      vertex 91.0824 62.7714 51.3302
      vertex 89.5879 65.5839 51.2132
      vertex 89.3764 65.4491 51.3302
    endloop
  endfacet
  facet normal 0.483665 0.30815 0.819214
    outer loop
      vertex 91.0824 62.7714 51.3302
      vertex 89.3764 65.4491 51.3302
      vertex 90.8912 62.6496 51.4889
    endloop
  endfacet
  facet normal 0.483665 0.30815 0.819214
    outer loop
      vertex 90.8912 62.6496 51.4889
      vertex 89.3764 65.4491 51.3302
      vertex 89.1852 65.3273 51.4889
    endloop
  endfacet
  facet normal 0.596381 0.379963 0.707077
    outer loop
      vertex 90.8912 62.6496 51.4889
      vertex 89.1852 65.3273 51.4889
      vertex 90.7262 62.5444 51.6846
    endloop
  endfacet
  facet normal 0.596469 0.380005 0.70698
    outer loop
      vertex 90.7262 62.5444 51.6846
      vertex 89.1852 65.3273 51.4889
      vertex 89.0202 65.2222 51.6846
    endloop
  endfacet
  facet normal 0.690901 0.440166 0.573506
    outer loop
      vertex 90.7262 62.5444 51.6846
      vertex 89.0202 65.2222 51.6846
      vertex 90.5923 62.4592 51.9113
    endloop
  endfacet
  facet normal 0.690949 0.440188 0.573432
    outer loop
      vertex 90.5923 62.4592 51.9113
      vertex 89.0202 65.2222 51.6846
      vertex 88.8864 65.1369 51.9113
    endloop
  endfacet
  facet normal 0.76431 0.486924 0.42277
    outer loop
      vertex 90.5923 62.4592 51.9113
      vertex 88.8864 65.1369 51.9113
      vertex 90.4937 62.3963 52.162
    endloop
  endfacet
  facet normal 0.76427 0.486909 0.422861
    outer loop
      vertex 90.4937 62.3963 52.162
      vertex 88.8864 65.1369 51.9113
      vertex 88.7877 65.0741 52.162
    endloop
  endfacet
  facet normal 0.814643 0.519001 0.258833
    outer loop
      vertex 90.4937 62.3963 52.162
      vertex 88.7877 65.0741 52.162
      vertex 90.4333 62.3578 52.4293
    endloop
  endfacet
  facet normal 0.814643 0.519001 0.258833
    outer loop
      vertex 90.4333 62.3578 52.4293
      vertex 88.7877 65.0741 52.162
      vertex 88.7273 65.0356 52.4293
    endloop
  endfacet
  facet normal 0.84017 0.535264 0.0872121
    outer loop
      vertex 90.4333 62.3578 52.4293
      vertex 88.7273 65.0356 52.4293
      vertex 90.4129 62.3449 52.705
    endloop
  endfacet
  facet normal 0.840207 0.535256 0.0869097
    outer loop
      vertex 90.4129 62.3449 52.705
      vertex 88.7273 65.0356 52.4293
      vertex 88.707 65.0227 52.705
    endloop
  endfacet
  facet normal -0.84017 -0.535233 0.0874048
    outer loop
      vertex 93.0907 64.0508 80.645
      vertex 91.3848 66.7286 80.645
      vertex 93.0703 64.0378 80.3693
    endloop
  endfacet
  facet normal -0.84017 -0.535233 0.0874048
    outer loop
      vertex 93.0703 64.0378 80.3693
      vertex 91.3848 66.7286 80.645
      vertex 91.3644 66.7156 80.3693
    endloop
  endfacet
  facet normal -0.814698 -0.519006 0.258652
    outer loop
      vertex 93.0703 64.0378 80.3693
      vertex 91.3644 66.7156 80.3693
      vertex 93.0099 63.9994 80.102
    endloop
  endfacet
  facet normal -0.814648 -0.518993 0.258833
    outer loop
      vertex 93.0099 63.9994 80.102
      vertex 91.3644 66.7156 80.3693
      vertex 91.304 66.6771 80.102
    endloop
  endfacet
  facet normal -0.764365 -0.486959 0.422632
    outer loop
      vertex 93.0099 63.9994 80.102
      vertex 91.304 66.6771 80.102
      vertex 92.9113 63.9365 79.8512
    endloop
  endfacet
  facet normal -0.764436 -0.486986 0.422472
    outer loop
      vertex 92.9113 63.9365 79.8512
      vertex 91.304 66.6771 80.102
      vertex 91.2054 66.6143 79.8512
    endloop
  endfacet
  facet normal -0.690813 -0.440084 0.573676
    outer loop
      vertex 92.9113 63.9365 79.8512
      vertex 91.2054 66.6143 79.8512
      vertex 92.7774 63.8513 79.6246
    endloop
  endfacet
  facet normal -0.690728 -0.440047 0.573806
    outer loop
      vertex 92.7774 63.8513 79.6246
      vertex 91.2054 66.6143 79.8512
      vertex 91.0715 66.529 79.6246
    endloop
  endfacet
  facet normal -0.596391 -0.379947 0.707077
    outer loop
      vertex 92.7774 63.8513 79.6246
      vertex 91.0715 66.529 79.6246
      vertex 92.6124 63.7461 79.4289
    endloop
  endfacet
  facet normal -0.59648 -0.379989 0.70698
    outer loop
      vertex 92.6124 63.7461 79.4289
      vertex 91.0715 66.529 79.6246
      vertex 90.9065 66.4239 79.4289
    endloop
  endfacet
  facet normal -0.483678 -0.308129 0.819214
    outer loop
      vertex 92.6124 63.7461 79.4289
      vertex 90.9065 66.4239 79.4289
      vertex 92.4212 63.6243 79.2702
    endloop
  endfacet
  facet normal -0.483678 -0.308129 0.819214
    outer loop
      vertex 92.4212 63.6243 79.2702
      vertex 90.9065 66.4239 79.4289
      vertex 90.7153 66.3021 79.2702
    endloop
  endfacet
  facet normal -0.356617 -0.227184 0.906207
    outer loop
      vertex 92.4212 63.6243 79.2702
      vertex 90.7153 66.3021 79.2702
      vertex 92.2097 63.4896 79.1532
    endloop
  endfacet
  facet normal -0.356551 -0.22715 0.906242
    outer loop
      vertex 92.2097 63.4896 79.1532
      vertex 90.7153 66.3021 79.2702
      vertex 90.5038 66.1673 79.1532
    endloop
  endfacet
  facet normal -0.218253 -0.139044 0.965936
    outer loop
      vertex 92.2097 63.4896 79.1532
      vertex 90.5038 66.1673 79.1532
      vertex 91.9843 63.346 79.0816
    endloop
  endfacet
  facet normal -0.218253 -0.139044 0.965936
    outer loop
      vertex 91.9843 63.346 79.0816
      vertex 90.5038 66.1673 79.1532
      vertex 90.2784 66.0237 79.0816
    endloop
  endfacet
  facet normal -0.0734395 -0.0467866 0.996202
    outer loop
      vertex 91.9843 63.346 79.0816
      vertex 90.2784 66.0237 79.0816
      vertex 91.7518 63.1978 79.0575
    endloop
  endfacet
  facet normal -0.0734545 -0.0467944 0.9962
    outer loop
      vertex 91.7518 63.1978 79.0575
      vertex 90.2784 66.0237 79.0816
      vertex 90.0459 65.8756 79.0575
    endloop
  endfacet
  facet normal 0.0734545 0.0467944 0.9962
    outer loop
      vertex 91.7518 63.1978 79.0575
      vertex 90.0459 65.8756 79.0575
      vertex 91.5193 63.0497 79.0816
    endloop
  endfacet
  facet normal 0.0734545 0.0467944 0.9962
    outer loop
      vertex 91.5193 63.0497 79.0816
      vertex 90.0459 65.8756 79.0575
      vertex 89.8134 65.7275 79.0816
    endloop
  endfacet
  facet normal 0.218256 0.13904 0.965936
    outer loop
      vertex 91.5193 63.0497 79.0816
      vertex 89.8134 65.7275 79.0816
      vertex 91.2939 62.9061 79.1532
    endloop
  endfacet
  facet normal 0.218188 0.139005 0.965956
    outer loop
      vertex 91.2939 62.9061 79.1532
      vertex 89.8134 65.7275 79.0816
      vertex 89.5879 65.5839 79.1532
    endloop
  endfacet
  facet normal 0.356611 0.227194 0.906207
    outer loop
      vertex 91.2939 62.9061 79.1532
      vertex 89.5879 65.5839 79.1532
      vertex 91.0824 62.7714 79.2702
    endloop
  endfacet
  facet normal 0.356545 0.22716 0.906242
    outer loop
      vertex 91.0824 62.7714 79.2702
      vertex 89.5879 65.5839 79.1532
      vertex 89.3764 65.4491 79.2702
    endloop
  endfacet
  facet normal 0.483665 0.30815 0.819214
    outer loop
      vertex 91.0824 62.7714 79.2702
      vertex 89.3764 65.4491 79.2702
      vertex 90.8912 62.6496 79.4289
    endloop
  endfacet
  facet normal 0.483665 0.30815 0.819214
    outer loop
      vertex 90.8912 62.6496 79.4289
      vertex 89.3764 65.4491 79.2702
      vertex 89.1852 65.3273 79.4289
    endloop
  endfacet
  facet normal 0.596381 0.379963 0.707077
    outer loop
      vertex 90.8912 62.6496 79.4289
      vertex 89.1852 65.3273 79.4289
      vertex 90.7262 62.5444 79.6246
    endloop
  endfacet
  facet normal 0.596469 0.380005 0.70698
    outer loop
      vertex 90.7262 62.5444 79.6246
      vertex 89.1852 65.3273 79.4289
      vertex 89.0202 65.2222 79.6246
    endloop
  endfacet
  facet normal 0.690801 0.440102 0.573676
    outer loop
      vertex 90.7262 62.5444 79.6246
      vertex 89.0202 65.2222 79.6246
      vertex 90.5923 62.4592 79.8512
    endloop
  endfacet
  facet normal 0.690849 0.440124 0.573602
    outer loop
      vertex 90.5923 62.4592 79.8512
      vertex 89.0202 65.2222 79.6246
      vertex 88.8864 65.1369 79.8512
    endloop
  endfacet
  facet normal 0.764365 0.486959 0.422632
    outer loop
      vertex 90.5923 62.4592 79.8512
      vertex 88.8864 65.1369 79.8512
      vertex 90.4937 62.3963 80.102
    endloop
  endfacet
  facet normal 0.764324 0.486943 0.422723
    outer loop
      vertex 90.4937 62.3963 80.102
      vertex 88.8864 65.1369 79.8512
      vertex 88.7877 65.0741 80.102
    endloop
  endfacet
  facet normal 0.814643 0.519001 0.258833
    outer loop
      vertex 90.4937 62.3963 80.102
      vertex 88.7877 65.0741 80.102
      vertex 90.4333 62.3578 80.3693
    endloop
  endfacet
  facet normal 0.814643 0.519001 0.258833
    outer loop
      vertex 90.4333 62.3578 80.3693
      vertex 88.7877 65.0741 80.102
      vertex 88.7273 65.0356 80.3693
    endloop
  endfacet
  facet normal 0.84017 0.535264 0.0872121
    outer loop
      vertex 90.4333 62.3578 80.3693
      vertex 88.7273 65.0356 80.3693
      vertex 90.4129 62.3449 80.645
    endloop
  endfacet
  facet normal 0.840207 0.535256 0.0869097
    outer loop
      vertex 90.4129 62.3449 80.645
      vertex 88.7273 65.0356 80.3693
      vertex 88.707 65.0227 80.645
    endloop
  endfacet
  facet normal -0.840184 -0.535261 0.0871024
    outer loop
      vertex 69.5263 49.0387 80.645
      vertex 67.8204 51.7164 80.645
      vertex 69.506 49.0257 80.3693
    endloop
  endfacet
  facet normal -0.84017 -0.535264 0.0872121
    outer loop
      vertex 69.506 49.0257 80.3693
      vertex 67.8204 51.7164 80.645
      vertex 67.8 51.7035 80.3693
    endloop
  endfacet
  facet normal -0.814643 -0.519001 0.258833
    outer loop
      vertex 69.506 49.0257 80.3693
      vertex 67.8 51.7035 80.3693
      vertex 69.4456 48.9872 80.102
    endloop
  endfacet
  facet normal -0.814643 -0.519001 0.258833
    outer loop
      vertex 69.4456 48.9872 80.102
      vertex 67.8 51.7035 80.3693
      vertex 67.7396 51.665 80.102
    endloop
  endfacet
  facet normal -0.764324 -0.486943 0.422723
    outer loop
      vertex 69.4456 48.9872 80.102
      vertex 67.7396 51.665 80.102
      vertex 69.3469 48.9244 79.8512
    endloop
  endfacet
  facet normal -0.764365 -0.486959 0.422632
    outer loop
      vertex 69.3469 48.9244 79.8512
      vertex 67.7396 51.665 80.102
      vertex 67.641 51.6021 79.8512
    endloop
  endfacet
  facet normal -0.690849 -0.440124 0.573602
    outer loop
      vertex 69.3469 48.9244 79.8512
      vertex 67.641 51.6021 79.8512
      vertex 69.2131 48.8391 79.6246
    endloop
  endfacet
  facet normal -0.690933 -0.440161 0.573471
    outer loop
      vertex 69.2131 48.8391 79.6246
      vertex 67.641 51.6021 79.8512
      vertex 67.5072 51.5169 79.6246
    endloop
  endfacet
  facet normal -0.59648 -0.379989 0.70698
    outer loop
      vertex 69.2131 48.8391 79.6246
      vertex 67.5072 51.5169 79.6246
      vertex 69.0481 48.734 79.4289
    endloop
  endfacet
  facet normal -0.596253 -0.379881 0.707229
    outer loop
      vertex 69.0481 48.734 79.4289
      vertex 67.5072 51.5169 79.6246
      vertex 67.3421 51.4117 79.4289
    endloop
  endfacet
  facet normal -0.483665 -0.30815 0.819214
    outer loop
      vertex 69.0481 48.734 79.4289
      vertex 67.3421 51.4117 79.4289
      vertex 68.8569 48.6122 79.2702
    endloop
  endfacet
  facet normal -0.483794 -0.308214 0.819114
    outer loop
      vertex 68.8569 48.6122 79.2702
      vertex 67.3421 51.4117 79.4289
      vertex 67.151 51.2899 79.2702
    endloop
  endfacet
  facet normal -0.356551 -0.22715 0.906242
    outer loop
      vertex 68.8569 48.6122 79.2702
      vertex 67.151 51.2899 79.2702
      vertex 68.6454 48.4774 79.1532
    endloop
  endfacet
  facet normal -0.356513 -0.227131 0.906262
    outer loop
      vertex 68.6454 48.4774 79.1532
      vertex 67.151 51.2899 79.2702
      vertex 66.9394 51.1552 79.1532
    endloop
  endfacet
  facet normal -0.218188 -0.139005 0.965956
    outer loop
      vertex 68.6454 48.4774 79.1532
      vertex 66.9394 51.1552 79.1532
      vertex 68.4199 48.3338 79.0816
    endloop
  endfacet
  facet normal -0.218256 -0.13904 0.965936
    outer loop
      vertex 68.4199 48.3338 79.0816
      vertex 66.9394 51.1552 79.1532
      vertex 66.714 51.0116 79.0816
    endloop
  endfacet
  facet normal -0.0734545 -0.0467944 0.9962
    outer loop
      vertex 68.4199 48.3338 79.0816
      vertex 66.714 51.0116 79.0816
      vertex 68.1874 48.1857 79.0575
    endloop
  endfacet
  facet normal -0.0734545 -0.0467944 0.9962
    outer loop
      vertex 68.1874 48.1857 79.0575
      vertex 66.714 51.0116 79.0816
      vertex 66.4815 50.8635 79.0575
    endloop
  endfacet
  facet normal 0.0734545 0.0467944 0.9962
    outer loop
      vertex 68.1874 48.1857 79.0575
      vertex 66.4815 50.8635 79.0575
      vertex 67.9549 48.0376 79.0816
    endloop
  endfacet
  facet normal 0.0734395 0.0467866 0.996202
    outer loop
      vertex 67.9549 48.0376 79.0816
      vertex 66.4815 50.8635 79.0575
      vertex 66.249 50.7153 79.0816
    endloop
  endfacet
  facet normal 0.218253 0.139044 0.965936
    outer loop
      vertex 67.9549 48.0376 79.0816
      vertex 66.249 50.7153 79.0816
      vertex 67.7295 47.894 79.1532
    endloop
  endfacet
  facet normal 0.218253 0.139044 0.965936
    outer loop
      vertex 67.7295 47.894 79.1532
      vertex 66.249 50.7153 79.0816
      vertex 66.0236 50.5717 79.1532
    endloop
  endfacet
  facet normal 0.356551 0.22715 0.906242
    outer loop
      vertex 67.7295 47.894 79.1532
      vertex 66.0236 50.5717 79.1532
      vertex 67.518 47.7592 79.2702
    endloop
  endfacet
  facet normal 0.356617 0.227184 0.906207
    outer loop
      vertex 67.518 47.7592 79.2702
      vertex 66.0236 50.5717 79.1532
      vertex 65.8121 50.437 79.2702
    endloop
  endfacet
  facet normal 0.483678 0.308129 0.819214
    outer loop
      vertex 67.518 47.7592 79.2702
      vertex 65.8121 50.437 79.2702
      vertex 67.3268 47.6374 79.4289
    endloop
  endfacet
  facet normal 0.483678 0.308129 0.819214
    outer loop
      vertex 67.3268 47.6374 79.4289
      vertex 65.8121 50.437 79.2702
      vertex 65.6209 50.3152 79.4289
    endloop
  endfacet
  facet normal 0.59648 0.379989 0.70698
    outer loop
      vertex 67.3268 47.6374 79.4289
      vertex 65.6209 50.3152 79.4289
      vertex 67.1618 47.5323 79.6246
    endloop
  endfacet
  facet normal 0.59648 0.379989 0.70698
    outer loop
      vertex 67.1618 47.5323 79.6246
      vertex 65.6209 50.3152 79.4289
      vertex 65.4559 50.2101 79.6246
    endloop
  endfacet
  facet normal 0.690736 0.440035 0.573806
    outer loop
      vertex 67.1618 47.5323 79.6246
      vertex 65.4559 50.2101 79.6246
      vertex 67.0279 47.447 79.8512
    endloop
  endfacet
  facet normal 0.690736 0.440035 0.573806
    outer loop
      vertex 67.0279 47.447 79.8512
      vertex 65.4559 50.2101 79.6246
      vertex 65.322 50.1248 79.8512
    endloop
  endfacet
  facet normal 0.764436 0.486986 0.422472
    outer loop
      vertex 67.0279 47.447 79.8512
      vertex 65.322 50.1248 79.8512
      vertex 66.9293 47.3842 80.102
    endloop
  endfacet
  facet normal 0.764365 0.486959 0.422632
    outer loop
      vertex 66.9293 47.3842 80.102
      vertex 65.322 50.1248 79.8512
      vertex 65.2234 50.0619 80.102
    endloop
  endfacet
  facet normal 0.814648 0.518993 0.258833
    outer loop
      vertex 66.9293 47.3842 80.102
      vertex 65.2234 50.0619 80.102
      vertex 66.8689 47.3457 80.3693
    endloop
  endfacet
  facet normal 0.814698 0.519006 0.258652
    outer loop
      vertex 66.8689 47.3457 80.3693
      vertex 65.2234 50.0619 80.102
      vertex 65.163 50.0235 80.3693
    endloop
  endfacet
  facet normal 0.84017 0.535233 0.0874048
    outer loop
      vertex 66.8689 47.3457 80.3693
      vertex 65.163 50.0235 80.3693
      vertex 66.8485 47.3327 80.645
    endloop
  endfacet
  facet normal 0.84017 0.535233 0.0874048
    outer loop
      vertex 66.8485 47.3327 80.645
      vertex 65.163 50.0235 80.3693
      vertex 65.1426 50.0105 80.645
    endloop
  endfacet
  facet normal -0.840184 -0.535261 0.0871024
    outer loop
      vertex 69.5263 49.0387 52.705
      vertex 67.8204 51.7164 52.705
      vertex 69.506 49.0257 52.4293
    endloop
  endfacet
  facet normal -0.84017 -0.535264 0.0872121
    outer loop
      vertex 69.506 49.0257 52.4293
      vertex 67.8204 51.7164 52.705
      vertex 67.8 51.7035 52.4293
    endloop
  endfacet
  facet normal -0.814643 -0.519001 0.258833
    outer loop
      vertex 69.506 49.0257 52.4293
      vertex 67.8 51.7035 52.4293
      vertex 69.4456 48.9872 52.162
    endloop
  endfacet
  facet normal -0.814643 -0.519001 0.258833
    outer loop
      vertex 69.4456 48.9872 52.162
      vertex 67.8 51.7035 52.4293
      vertex 67.7396 51.665 52.162
    endloop
  endfacet
  facet normal -0.76427 -0.486909 0.422861
    outer loop
      vertex 69.4456 48.9872 52.162
      vertex 67.7396 51.665 52.162
      vertex 69.3469 48.9244 51.9113
    endloop
  endfacet
  facet normal -0.76431 -0.486924 0.42277
    outer loop
      vertex 69.3469 48.9244 51.9113
      vertex 67.7396 51.665 52.162
      vertex 67.641 51.6021 51.9113
    endloop
  endfacet
  facet normal -0.690949 -0.440188 0.573432
    outer loop
      vertex 69.3469 48.9244 51.9113
      vertex 67.641 51.6021 51.9113
      vertex 69.2131 48.8391 51.6846
    endloop
  endfacet
  facet normal -0.691034 -0.440225 0.573302
    outer loop
      vertex 69.2131 48.8391 51.6846
      vertex 67.641 51.6021 51.9113
      vertex 67.5072 51.5169 51.6846
    endloop
  endfacet
  facet normal -0.59648 -0.379989 0.70698
    outer loop
      vertex 69.2131 48.8391 51.6846
      vertex 67.5072 51.5169 51.6846
      vertex 69.0481 48.734 51.4889
    endloop
  endfacet
  facet normal -0.596253 -0.379881 0.707229
    outer loop
      vertex 69.0481 48.734 51.4889
      vertex 67.5072 51.5169 51.6846
      vertex 67.3421 51.4117 51.4889
    endloop
  endfacet
  facet normal -0.483665 -0.30815 0.819214
    outer loop
      vertex 69.0481 48.734 51.4889
      vertex 67.3421 51.4117 51.4889
      vertex 68.8569 48.6122 51.3302
    endloop
  endfacet
  facet normal -0.483794 -0.308214 0.819114
    outer loop
      vertex 68.8569 48.6122 51.3302
      vertex 67.3421 51.4117 51.4889
      vertex 67.151 51.2899 51.3302
    endloop
  endfacet
  facet normal -0.356551 -0.22715 0.906242
    outer loop
      vertex 68.8569 48.6122 51.3302
      vertex 67.151 51.2899 51.3302
      vertex 68.6454 48.4774 51.2132
    endloop
  endfacet
  facet normal -0.356513 -0.227131 0.906262
    outer loop
      vertex 68.6454 48.4774 51.2132
      vertex 67.151 51.2899 51.3302
      vertex 66.9394 51.1552 51.2132
    endloop
  endfacet
  facet normal -0.218188 -0.139005 0.965956
    outer loop
      vertex 68.6454 48.4774 51.2132
      vertex 66.9394 51.1552 51.2132
      vertex 68.4199 48.3338 51.1416
    endloop
  endfacet
  facet normal -0.218256 -0.13904 0.965936
    outer loop
      vertex 68.4199 48.3338 51.1416
      vertex 66.9394 51.1552 51.2132
      vertex 66.714 51.0116 51.1416
    endloop
  endfacet
  facet normal -0.0734545 -0.0467944 0.9962
    outer loop
      vertex 68.4199 48.3338 51.1416
      vertex 66.714 51.0116 51.1416
      vertex 68.1874 48.1857 51.1175
    endloop
  endfacet
  facet normal -0.0734545 -0.0467944 0.9962
    outer loop
      vertex 68.1874 48.1857 51.1175
      vertex 66.714 51.0116 51.1416
      vertex 66.4815 50.8635 51.1175
    endloop
  endfacet
  facet normal 0.0734545 0.0467944 0.9962
    outer loop
      vertex 68.1874 48.1857 51.1175
      vertex 66.4815 50.8635 51.1175
      vertex 67.9549 48.0376 51.1416
    endloop
  endfacet
  facet normal 0.0734395 0.0467866 0.996202
    outer loop
      vertex 67.9549 48.0376 51.1416
      vertex 66.4815 50.8635 51.1175
      vertex 66.249 50.7153 51.1416
    endloop
  endfacet
  facet normal 0.218253 0.139044 0.965936
    outer loop
      vertex 67.9549 48.0376 51.1416
      vertex 66.249 50.7153 51.1416
      vertex 67.7295 47.894 51.2132
    endloop
  endfacet
  facet normal 0.218253 0.139044 0.965936
    outer loop
      vertex 67.7295 47.894 51.2132
      vertex 66.249 50.7153 51.1416
      vertex 66.0236 50.5717 51.2132
    endloop
  endfacet
  facet normal 0.356551 0.22715 0.906242
    outer loop
      vertex 67.7295 47.894 51.2132
      vertex 66.0236 50.5717 51.2132
      vertex 67.518 47.7592 51.3302
    endloop
  endfacet
  facet normal 0.356617 0.227184 0.906207
    outer loop
      vertex 67.518 47.7592 51.3302
      vertex 66.0236 50.5717 51.2132
      vertex 65.8121 50.437 51.3302
    endloop
  endfacet
  facet normal 0.483678 0.308129 0.819214
    outer loop
      vertex 67.518 47.7592 51.3302
      vertex 65.8121 50.437 51.3302
      vertex 67.3268 47.6374 51.4889
    endloop
  endfacet
  facet normal 0.483678 0.308129 0.819214
    outer loop
      vertex 67.3268 47.6374 51.4889
      vertex 65.8121 50.437 51.3302
      vertex 65.6209 50.3152 51.4889
    endloop
  endfacet
  facet normal 0.59648 0.379989 0.70698
    outer loop
      vertex 67.3268 47.6374 51.4889
      vertex 65.6209 50.3152 51.4889
      vertex 67.1618 47.5323 51.6846
    endloop
  endfacet
  facet normal 0.59648 0.379989 0.70698
    outer loop
      vertex 67.1618 47.5323 51.6846
      vertex 65.6209 50.3152 51.4889
      vertex 65.4559 50.2101 51.6846
    endloop
  endfacet
  facet normal 0.690836 0.440099 0.573636
    outer loop
      vertex 67.1618 47.5323 51.6846
      vertex 65.4559 50.2101 51.6846
      vertex 67.0279 47.447 51.9113
    endloop
  endfacet
  facet normal 0.690836 0.440099 0.573636
    outer loop
      vertex 67.0279 47.447 51.9113
      vertex 65.4559 50.2101 51.6846
      vertex 65.322 50.1248 51.9113
    endloop
  endfacet
  facet normal 0.764381 0.486951 0.422611
    outer loop
      vertex 67.0279 47.447 51.9113
      vertex 65.322 50.1248 51.9113
      vertex 66.9293 47.3842 52.162
    endloop
  endfacet
  facet normal 0.76431 0.486924 0.42277
    outer loop
      vertex 66.9293 47.3842 52.162
      vertex 65.322 50.1248 51.9113
      vertex 65.2234 50.0619 52.162
    endloop
  endfacet
  facet normal 0.814648 0.518993 0.258833
    outer loop
      vertex 66.9293 47.3842 52.162
      vertex 65.2234 50.0619 52.162
      vertex 66.8689 47.3457 52.4293
    endloop
  endfacet
  facet normal 0.814698 0.519006 0.258652
    outer loop
      vertex 66.8689 47.3457 52.4293
      vertex 65.2234 50.0619 52.162
      vertex 65.163 50.0235 52.4293
    endloop
  endfacet
  facet normal 0.84017 0.535233 0.0874048
    outer loop
      vertex 66.8689 47.3457 52.4293
      vertex 65.163 50.0235 52.4293
      vertex 66.8485 47.3327 52.705
    endloop
  endfacet
  facet normal 0.84017 0.535233 0.0874048
    outer loop
      vertex 66.8485 47.3327 52.705
      vertex 65.163 50.0235 52.4293
      vertex 65.1426 50.0105 52.705
    endloop
  endfacet
  facet normal 0.510421 -0.859925 -0.000250633
    outer loop
      vertex 61.1336 43.6933 65.8543
      vertex 61.0617 43.6507 65.5891
      vertex 61.2252 43.7503 56.8325
    endloop
  endfacet
  facet normal 0.53741 -0.843321 0
    outer loop
      vertex 61.2252 43.7503 66.675
      vertex 61.215 43.7438 66.3973
      vertex 61.2252 43.7503 56.8325
    endloop
  endfacet
  facet normal 0.531547 -0.847029 -8.77204e-06
    outer loop
      vertex 61.2252 43.7503 56.8325
      vertex 61.215 43.7438 66.3973
      vertex 61.1844 43.7246 66.1237
    endloop
  endfacet
  facet normal 0.524758 -0.851251 -5.0266e-05
    outer loop
      vertex 61.2252 43.7503 56.8325
      vertex 61.1844 43.7246 66.1237
      vertex 61.1336 43.6933 65.8543
    endloop
  endfacet
  facet normal 0.494858 -0.868973 -0.000644136
    outer loop
      vertex 61.0617 43.6507 65.5891
      vertex 60.969 43.5981 65.3324
      vertex 61.2252 43.7503 56.8325
    endloop
  endfacet
  facet normal 0.474246 -0.880391 -0.00146986
    outer loop
      vertex 61.2252 43.7503 56.8325
      vertex 60.969 43.5981 65.3324
      vertex 60.8563 43.5378 65.0875
    endloop
  endfacet
  facet normal 0.449896 -0.893076 -0.00288457
    outer loop
      vertex 61.2252 43.7503 56.8325
      vertex 60.8563 43.5378 65.0875
      vertex 60.7228 43.4713 64.8547
    endloop
  endfacet
  facet normal 0.421379 -0.90687 -0.0051502
    outer loop
      vertex 60.7228 43.4713 64.8547
      vertex 60.5673 43.4003 64.634
      vertex 61.2252 43.7503 56.8325
    endloop
  endfacet
  facet normal 0.39873 -0.917038 -0.00751634
    outer loop
      vertex 61.2252 43.7503 56.8325
      vertex 60.5673 43.4003 64.634
      vertex 60.4889 43.367 64.5378
    endloop
  endfacet
  facet normal 0.461755 -0.887008 0
    outer loop
      vertex 61.2252 43.7503 56.8325
      vertex 60.4889 43.367 64.5378
      vertex 61.2252 43.7503 44.45
    endloop
  endfacet
  facet normal 0.461755 -0.887008 0
    outer loop
      vertex 61.2252 43.7503 44.45
      vertex 60.4889 43.367 64.5378
      vertex 60.4889 43.367 24.3622
    endloop
  endfacet
  facet normal 0.461755 -0.887008 0
    outer loop
      vertex 61.2252 43.7503 44.45
      vertex 60.4889 43.367 24.3622
      vertex 61.2252 43.7503 32.0675
    endloop
  endfacet
  facet normal 0.398355 -0.9172 0.00756031
    outer loop
      vertex 60.4889 43.367 24.3622
      vertex 60.5674 43.4003 24.2659
      vertex 61.2252 43.7503 32.0675
    endloop
  endfacet
  facet normal 0.421506 -0.906811 0.00514214
    outer loop
      vertex 61.2252 43.7503 32.0675
      vertex 60.5674 43.4003 24.2659
      vertex 60.7224 43.4711 24.0459
    endloop
  endfacet
  facet normal 0.449898 -0.893075 0.00288445
    outer loop
      vertex 61.2252 43.7503 32.0675
      vertex 60.7224 43.4711 24.0459
      vertex 60.8563 43.5378 23.8125
    endloop
  endfacet
  facet normal 0.474246 -0.880391 0.00146986
    outer loop
      vertex 60.8563 43.5378 23.8125
      vertex 60.969 43.5981 23.5676
      vertex 61.2252 43.7503 32.0675
    endloop
  endfacet
  facet normal 0.494858 -0.868973 0.000644136
    outer loop
      vertex 61.2252 43.7503 32.0675
      vertex 60.969 43.5981 23.5676
      vertex 61.0617 43.6507 23.3109
    endloop
  endfacet
  facet normal 0.510574 -0.859834 0.000246741
    outer loop
      vertex 61.2252 43.7503 32.0675
      vertex 61.0617 43.6507 23.3109
      vertex 61.1334 43.6932 23.0466
    endloop
  endfacet
  facet normal 0.524483 -0.851421 5.19408e-05
    outer loop
      vertex 61.1334 43.6932 23.0466
      vertex 61.1844 43.7246 22.7763
      vertex 61.2252 43.7503 32.0675
    endloop
  endfacet
  facet normal 0.531547 -0.847029 8.77192e-06
    outer loop
      vertex 61.2252 43.7503 32.0675
      vertex 61.1844 43.7246 22.7763
      vertex 61.215 43.7438 22.5026
    endloop
  endfacet
  facet normal 0.53741 -0.843321 0
    outer loop
      vertex 61.2252 43.7503 32.0675
      vertex 61.215 43.7438 22.5026
      vertex 61.2252 43.7503 22.225
    endloop
  endfacet
  facet normal -0.382683 0.92388 0
    outer loop
      vertex 55.1706 46.3189 25.4
      vertex 0 23.4665 25.4
      vertex 55.1706 46.3189 63.5
    endloop
  endfacet
  facet normal -0.382683 0.92388 0
    outer loop
      vertex 55.1706 46.3189 63.5
      vertex 0 23.4665 25.4
      vertex 0 23.4665 63.5
    endloop
  endfacet
  facet normal -0.923878 -0.382686 -7.47587e-06
    outer loop
      vertex 4.44452 12.7365 28.7665
      vertex 4.25257 13.1999 29.0004
      vertex 0 23.4665 25.4
    endloop
  endfacet
  facet normal -0.923885 -0.382669 4.8287e-05
    outer loop
      vertex 4.25257 13.1999 29.0004
      vertex 4.07908 13.6188 29.3178
      vertex 0 23.4665 25.4
    endloop
  endfacet
  facet normal -0.923874 -0.382698 -3.57881e-05
    outer loop
      vertex 0 23.4665 25.4
      vertex 4.07908 13.6188 29.3178
      vertex 3.92932 13.9803 29.7091
    endloop
  endfacet
  facet normal -0.923882 -0.382679 1.42743e-05
    outer loop
      vertex 0 23.4665 25.4
      vertex 3.92932 13.9803 29.7091
      vertex 3.80784 14.2736 30.1625
    endloop
  endfacet
  facet normal -0.923873 -0.3827 2.88814e-05
    outer loop
      vertex 3.66352 14.622 57.7013
      vertex 3.71834 14.4897 58.2359
      vertex 0 23.4665 63.5
    endloop
  endfacet
  facet normal -0.923882 -0.382678 -1.37398e-05
    outer loop
      vertex 6.00182 8.97685 32.8359
      vertex 6.05664 8.84452 32.3013
      vertex 9.72016 0 28.575
    endloop
  endfacet
  facet normal -0.92388 -0.382683 -7.87997e-07
    outer loop
      vertex 5.91232 9.19294 30.1625
      vertex 5.79084 9.48622 29.7091
      vertex 8.50514 2.93332 25.4
    endloop
  endfacet
  facet normal -0.923879 -0.382684 1.60005e-06
    outer loop
      vertex 5.79084 9.48622 29.7091
      vertex 5.64108 9.84777 29.3178
      vertex 8.50514 2.93332 25.4
    endloop
  endfacet
  facet normal -0.923878 -0.382687 8.11277e-06
    outer loop
      vertex 8.50514 2.93332 25.4
      vertex 5.64108 9.84777 29.3178
      vertex 5.46759 10.2666 29.0004
    endloop
  endfacet
  facet normal -0.923878 -0.382687 6.12318e-06
    outer loop
      vertex 8.50514 2.93332 25.4
      vertex 5.46759 10.2666 29.0004
      vertex 5.27564 10.73 28.7665
    endloop
  endfacet
  facet normal -0.923883 -0.382674 -2.76577e-05
    outer loop
      vertex 5.27564 10.73 28.7665
      vertex 5.07107 11.2239 28.6232
      vertex 8.50514 2.93332 25.4
    endloop
  endfacet
  facet normal -0.923885 -0.38267 -3.88216e-05
    outer loop
      vertex 8.50514 2.93332 25.4
      vertex 5.07107 11.2239 28.6232
      vertex 4.86008 11.7333 28.575
    endloop
  endfacet
  facet normal -0.923879 -0.382684 5.50996e-06
    outer loop
      vertex 8.50514 2.93332 25.4
      vertex 4.86008 11.7333 28.575
      vertex 0 23.4665 25.4
    endloop
  endfacet
  facet normal -0.923869 -0.382708 -9.81163e-05
    outer loop
      vertex 0 23.4665 25.4
      vertex 4.86008 11.7333 28.575
      vertex 4.6491 12.2426 28.6232
    endloop
  endfacet
  facet normal -0.923879 -0.382684 1.4515e-06
    outer loop
      vertex 0 23.4665 25.4
      vertex 4.6491 12.2426 28.6232
      vertex 4.44452 12.7365 28.7665
    endloop
  endfacet
  facet normal -0.92386 -0.382731 0
    outer loop
      vertex 3.92932 13.9803 33.7909
      vertex 4.07908 13.6188 34.1822
      vertex 3.92932 13.9803 55.1091
    endloop
  endfacet
  facet normal -0.923898 -0.382639 -1.85476e-06
    outer loop
      vertex 3.92932 13.9803 55.1091
      vertex 4.07908 13.6188 34.1822
      vertex 4.25257 13.1999 34.4996
    endloop
  endfacet
  facet normal -0.923884 -0.382672 -2.22257e-05
    outer loop
      vertex 3.66352 14.622 57.7013
      vertex 0 23.4665 63.5
      vertex 3.64506 14.6666 57.15
    endloop
  endfacet
  facet normal -0.923879 -0.382684 2.59853e-06
    outer loop
      vertex 6.05664 8.84452 32.3013
      vertex 6.0751 8.79995 31.75
      vertex 9.72016 0 28.575
    endloop
  endfacet
  facet normal -0.92388 -0.382683 -2.45123e-06
    outer loop
      vertex 9.72016 0 28.575
      vertex 6.0751 8.79995 31.75
      vertex 6.05664 8.84452 31.1987
    endloop
  endfacet
  facet normal -0.923879 -0.382684 2.7424e-06
    outer loop
      vertex 9.72016 0 28.575
      vertex 6.05664 8.84452 31.1987
      vertex 9.7052 0.036113 28.0783
    endloop
  endfacet
  facet normal -0.923878 -0.382687 1.13506e-05
    outer loop
      vertex 9.7052 0.036113 28.0783
      vertex 6.05664 8.84452 31.1987
      vertex 6.00182 8.97685 30.6641
    endloop
  endfacet
  facet normal -0.923879 -0.382685 3.3309e-06
    outer loop
      vertex 9.7052 0.036113 28.0783
      vertex 6.00182 8.97685 30.6641
      vertex 9.66069 0.143565 27.5939
    endloop
  endfacet
  facet normal -0.923879 -0.382685 6.25229e-07
    outer loop
      vertex 6.00182 8.97685 30.6641
      vertex 9.21931 1.20916 26.0064
      vertex 9.36429 0.859149 26.3299
    endloop
  endfacet
  facet normal -0.923877 -0.382689 3.5406e-07
    outer loop
      vertex 4.25257 13.1999 34.4996
      vertex 4.44452 12.7365 34.7335
      vertex 3.92932 13.9803 55.1091
    endloop
  endfacet
  facet normal -0.92388 -0.382683 -6.09801e-08
    outer loop
      vertex 3.92932 13.9803 55.1091
      vertex 4.44452 12.7365 34.7335
      vertex 4.6491 12.2426 34.8768
    endloop
  endfacet
  facet normal -0.923858 -0.382736 5.21977e-06
    outer loop
      vertex 3.92932 13.9803 55.1091
      vertex 4.6491 12.2426 34.8768
      vertex 4.07908 13.6188 54.7178
    endloop
  endfacet
  facet normal -0.923886 -0.382668 6.10353e-06
    outer loop
      vertex 3.92932 13.9803 55.1091
      vertex 3.80784 14.2736 55.5625
      vertex 0 23.4665 25.4
    endloop
  endfacet
  facet normal -0.92389 -0.382659 9.10452e-06
    outer loop
      vertex 0 23.4665 25.4
      vertex 3.80784 14.2736 55.5625
      vertex 3.71834 14.4897 56.0641
    endloop
  endfacet
  facet normal -0.923879 -0.382686 0
    outer loop
      vertex 0 23.4665 25.4
      vertex 3.71834 14.4897 56.0641
      vertex 0 23.4665 63.5
    endloop
  endfacet
  facet normal -0.923891 -0.382656 -4.16014e-05
    outer loop
      vertex 0 23.4665 63.5
      vertex 3.71834 14.4897 56.0641
      vertex 3.66352 14.622 56.5987
    endloop
  endfacet
  facet normal -0.923872 -0.382701 2.49812e-05
    outer loop
      vertex 0 23.4665 63.5
      vertex 3.66352 14.622 56.5987
      vertex 3.64506 14.6666 57.15
    endloop
  endfacet
  facet normal -0.923885 -0.382669 -4.8287e-05
    outer loop
      vertex 4.07908 13.6188 59.5822
      vertex 4.25257 13.1999 59.8996
      vertex 0 23.4665 63.5
    endloop
  endfacet
  facet normal -0.923878 -0.382686 7.47587e-06
    outer loop
      vertex 0 23.4665 63.5
      vertex 4.25257 13.1999 59.8996
      vertex 4.44452 12.7365 60.1335
    endloop
  endfacet
  facet normal -0.92388 -0.382683 2.45123e-06
    outer loop
      vertex 6.0751 8.79995 57.15
      vertex 9.72016 0 60.325
      vertex 6.05664 8.84452 57.7013
    endloop
  endfacet
  facet normal -0.923879 -0.382684 -5.31483e-07
    outer loop
      vertex 6.05664 8.84452 57.7013
      vertex 9.72016 0 60.325
      vertex 9.7017 0.0445656 60.8763
    endloop
  endfacet
  facet normal -0.923878 -0.382687 -1.13056e-05
    outer loop
      vertex 6.05664 8.84452 57.7013
      vertex 9.7017 0.0445656 60.8763
      vertex 6.00182 8.97685 58.2359
    endloop
  endfacet
  facet normal -0.92388 -0.382683 -5.09439e-07
    outer loop
      vertex 8.50514 2.93332 25.4
      vertex 8.69521 2.47445 25.4391
      vertex 5.91232 9.19294 30.1625
    endloop
  endfacet
  facet normal -0.923882 -0.382679 -7.99137e-06
    outer loop
      vertex 5.91232 9.19294 30.1625
      vertex 8.69521 2.47445 25.4391
      vertex 8.8806 2.02687 25.5554
    endloop
  endfacet
  facet normal -0.923882 -0.382677 -1.0539e-05
    outer loop
      vertex 5.91232 9.19294 30.1625
      vertex 8.8806 2.02687 25.5554
      vertex 6.00182 8.97685 30.6641
    endloop
  endfacet
  facet normal -0.923877 -0.38269 9.97929e-06
    outer loop
      vertex 6.00182 8.97685 30.6641
      vertex 8.8806 2.02687 25.5554
      vertex 9.05675 1.60162 25.7461
    endloop
  endfacet
  facet normal -0.92388 -0.382682 -4.90486e-06
    outer loop
      vertex 6.00182 8.97685 30.6641
      vertex 9.05675 1.60162 25.7461
      vertex 9.21931 1.20916 26.0064
    endloop
  endfacet
  facet normal -0.92388 -0.382681 -6.25455e-06
    outer loop
      vertex 9.36429 0.859149 26.3299
      vertex 9.48811 0.560213 26.7088
      vertex 6.00182 8.97685 30.6641
    endloop
  endfacet
  facet normal -0.923879 -0.382685 1.86681e-06
    outer loop
      vertex 6.00182 8.97685 30.6641
      vertex 9.48811 0.560213 26.7088
      vertex 9.58773 0.319712 27.1336
    endloop
  endfacet
  facet normal -0.92388 -0.382682 -4.5124e-06
    outer loop
      vertex 6.00182 8.97685 30.6641
      vertex 9.58773 0.319712 27.1336
      vertex 9.66069 0.143565 27.5939
    endloop
  endfacet
  facet normal -0.923882 -0.382677 1.79645e-05
    outer loop
      vertex 3.80784 14.2736 30.1625
      vertex 3.71834 14.4897 30.6641
      vertex 0 23.4665 25.4
    endloop
  endfacet
  facet normal -0.923873 -0.3827 -2.88814e-05
    outer loop
      vertex 0 23.4665 25.4
      vertex 3.71834 14.4897 30.6641
      vertex 3.66352 14.622 31.1987
    endloop
  endfacet
  facet normal -0.923884 -0.382672 2.22257e-05
    outer loop
      vertex 0 23.4665 25.4
      vertex 3.66352 14.622 31.1987
      vertex 3.64506 14.6666 31.75
    endloop
  endfacet
  facet normal -0.923879 -0.382684 -2.59853e-06
    outer loop
      vertex 6.0751 8.79995 57.15
      vertex 6.05664 8.84452 56.5987
      vertex 9.72016 0 60.325
    endloop
  endfacet
  facet normal -0.923882 -0.382678 1.37398e-05
    outer loop
      vertex 9.72016 0 60.325
      vertex 6.05664 8.84452 56.5987
      vertex 6.00182 8.97685 56.0641
    endloop
  endfacet
  facet normal -0.923879 -0.382684 -0
    outer loop
      vertex 9.72016 0 60.325
      vertex 6.00182 8.97685 56.0641
      vertex 9.72016 0 28.575
    endloop
  endfacet
  facet normal -0.923886 -0.382668 -6.01735e-06
    outer loop
      vertex 9.72016 0 28.575
      vertex 6.00182 8.97685 56.0641
      vertex 5.91232 9.19294 55.5625
    endloop
  endfacet
  facet normal -0.92388 -0.382682 -3.79554e-07
    outer loop
      vertex 9.72016 0 28.575
      vertex 5.91232 9.19294 55.5625
      vertex 5.79084 9.48622 55.1091
    endloop
  endfacet
  facet normal -0.923879 -0.382685 7.40277e-07
    outer loop
      vertex 5.79084 9.48622 55.1091
      vertex 5.64108 9.84777 54.7178
      vertex 9.72016 0 28.575
    endloop
  endfacet
  facet normal -0.923877 -0.382691 3.18619e-06
    outer loop
      vertex 9.72016 0 28.575
      vertex 5.64108 9.84777 54.7178
      vertex 5.46759 10.2666 54.4004
    endloop
  endfacet
  facet normal -0.923877 -0.382688 2.11744e-06
    outer loop
      vertex 9.72016 0 28.575
      vertex 5.46759 10.2666 54.4004
      vertex 5.27564 10.73 54.1665
    endloop
  endfacet
  facet normal -0.923882 -0.382677 -1.79645e-05
    outer loop
      vertex 3.71834 14.4897 58.2359
      vertex 3.80784 14.2736 58.7375
      vertex 0 23.4665 63.5
    endloop
  endfacet
  facet normal -0.923882 -0.382679 -1.42767e-05
    outer loop
      vertex 0 23.4665 63.5
      vertex 3.80784 14.2736 58.7375
      vertex 3.92932 13.9803 59.1908
    endloop
  endfacet
  facet normal -0.923874 -0.382698 3.57814e-05
    outer loop
      vertex 0 23.4665 63.5
      vertex 3.92932 13.9803 59.1908
      vertex 4.07908 13.6188 59.5822
    endloop
  endfacet
  facet normal -0.923878 -0.382687 -6.12318e-06
    outer loop
      vertex 8.50514 2.93332 63.5
      vertex 5.27564 10.73 60.1335
      vertex 5.46759 10.2666 59.8996
    endloop
  endfacet
  facet normal -0.923872 -0.382701 -2.49812e-05
    outer loop
      vertex 3.64506 14.6666 31.75
      vertex 3.66352 14.622 32.3013
      vertex 0 23.4665 25.4
    endloop
  endfacet
  facet normal -0.923891 -0.382656 4.16014e-05
    outer loop
      vertex 0 23.4665 25.4
      vertex 3.66352 14.622 32.3013
      vertex 3.71834 14.4897 32.8359
    endloop
  endfacet
  facet normal -0.923878 -0.382687 -9.28484e-07
    outer loop
      vertex 0 23.4665 25.4
      vertex 3.71834 14.4897 32.8359
      vertex 3.92932 13.9803 55.1091
    endloop
  endfacet
  facet normal -0.923897 -0.382641 2.99606e-07
    outer loop
      vertex 3.92932 13.9803 55.1091
      vertex 3.71834 14.4897 32.8359
      vertex 3.80784 14.2736 33.3375
    endloop
  endfacet
  facet normal -0.923889 -0.38266 -0
    outer loop
      vertex 3.92932 13.9803 55.1091
      vertex 3.80784 14.2736 33.3375
      vertex 3.92932 13.9803 33.7909
    endloop
  endfacet
  facet normal -0.92388 -0.382683 -0
    outer loop
      vertex 4.6491 12.2426 54.0232
      vertex 4.44452 12.7365 54.1665
      vertex 4.6491 12.2426 34.8768
    endloop
  endfacet
  facet normal -0.923877 -0.382689 1.8146e-07
    outer loop
      vertex 4.6491 12.2426 34.8768
      vertex 4.44452 12.7365 54.1665
      vertex 4.25257 13.1999 54.4004
    endloop
  endfacet
  facet normal -0.923899 -0.382636 -2.86746e-06
    outer loop
      vertex 4.6491 12.2426 34.8768
      vertex 4.25257 13.1999 54.4004
      vertex 4.07908 13.6188 54.7178
    endloop
  endfacet
  facet normal -0.923878 -0.382686 -9.03771e-06
    outer loop
      vertex 9.7017 0.0445656 60.8763
      vertex 9.64688 0.176899 61.4109
      vertex 6.00182 8.97685 58.2359
    endloop
  endfacet
  facet normal -0.923881 -0.382679 1.38281e-05
    outer loop
      vertex 6.00182 8.97685 58.2359
      vertex 9.64688 0.176899 61.4109
      vertex 9.55738 0.392992 61.9125
    endloop
  endfacet
  facet normal -0.923879 -0.382685 -2.5594e-06
    outer loop
      vertex 6.00182 8.97685 58.2359
      vertex 9.55738 0.392992 61.9125
      vertex 9.4359 0.686266 62.3658
    endloop
  endfacet
  facet normal -0.923879 -0.382684 1.46251e-06
    outer loop
      vertex 9.4359 0.686266 62.3658
      vertex 9.28614 1.04782 62.7572
      vertex 6.00182 8.97685 58.2359
    endloop
  endfacet
  facet normal -0.923879 -0.382685 -5.91965e-07
    outer loop
      vertex 6.00182 8.97685 58.2359
      vertex 9.28614 1.04782 62.7572
      vertex 9.11265 1.46666 63.0746
    endloop
  endfacet
  facet normal -0.923882 -0.382678 1.09901e-05
    outer loop
      vertex 6.00182 8.97685 58.2359
      vertex 9.11265 1.46666 63.0746
      vertex 5.91232 9.19294 58.7375
    endloop
  endfacet
  facet normal -0.923876 -0.382693 9.67842e-08
    outer loop
      vertex 5.46759 10.2666 34.4996
      vertex 5.64108 9.84777 34.1822
      vertex 5.27564 10.73 54.1665
    endloop
  endfacet
  facet normal -0.923879 -0.382686 -2.77589e-07
    outer loop
      vertex 5.27564 10.73 54.1665
      vertex 5.64108 9.84777 34.1822
      vertex 5.79084 9.48622 33.7909
    endloop
  endfacet
  facet normal -0.92388 -0.382683 -4.49647e-07
    outer loop
      vertex 5.27564 10.73 54.1665
      vertex 5.79084 9.48622 33.7909
      vertex 9.72016 0 28.575
    endloop
  endfacet
  facet normal -0.923879 -0.382684 1.65485e-06
    outer loop
      vertex 9.72016 0 28.575
      vertex 5.79084 9.48622 33.7909
      vertex 5.91232 9.19294 33.3375
    endloop
  endfacet
  facet normal -0.923876 -0.382691 1.75425e-05
    outer loop
      vertex 9.72016 0 28.575
      vertex 5.91232 9.19294 33.3375
      vertex 6.00182 8.97685 32.8359
    endloop
  endfacet
  facet normal -0.923878 -0.382687 -8.11277e-06
    outer loop
      vertex 5.46759 10.2666 59.8996
      vertex 5.64108 9.84777 59.5822
      vertex 8.50514 2.93332 63.5
    endloop
  endfacet
  facet normal -0.923879 -0.382684 -1.59978e-06
    outer loop
      vertex 8.50514 2.93332 63.5
      vertex 5.64108 9.84777 59.5822
      vertex 5.79084 9.48622 59.1908
    endloop
  endfacet
  facet normal -0.923878 -0.382686 -4.92328e-06
    outer loop
      vertex 8.50514 2.93332 63.5
      vertex 5.79084 9.48622 59.1908
      vertex 8.71613 2.42395 63.4518
    endloop
  endfacet
  facet normal -0.92388 -0.382683 9.32308e-07
    outer loop
      vertex 8.71613 2.42395 63.4518
      vertex 5.79084 9.48622 59.1908
      vertex 5.91232 9.19294 58.7375
    endloop
  endfacet
  facet normal -0.92388 -0.382681 3.75303e-06
    outer loop
      vertex 8.71613 2.42395 63.4518
      vertex 5.91232 9.19294 58.7375
      vertex 8.9207 1.93007 63.3085
    endloop
  endfacet
  facet normal -0.92388 -0.382683 1.32622e-06
    outer loop
      vertex 8.9207 1.93007 63.3085
      vertex 5.91232 9.19294 58.7375
      vertex 9.11265 1.46666 63.0746
    endloop
  endfacet
  facet normal -0.923866 -0.382716 -0
    outer loop
      vertex 4.6491 12.2426 54.0232
      vertex 4.6491 12.2426 34.8768
      vertex 4.86008 11.7333 53.975
    endloop
  endfacet
  facet normal -0.923866 -0.382716 -0
    outer loop
      vertex 4.86008 11.7333 53.975
      vertex 4.6491 12.2426 34.8768
      vertex 4.86008 11.7333 34.925
    endloop
  endfacet
  facet normal -0.923886 -0.382667 -0
    outer loop
      vertex 4.86008 11.7333 53.975
      vertex 4.86008 11.7333 34.925
      vertex 5.07107 11.2239 54.0232
    endloop
  endfacet
  facet normal -0.923886 -0.382667 -0
    outer loop
      vertex 5.07107 11.2239 54.0232
      vertex 4.86008 11.7333 34.925
      vertex 5.07107 11.2239 34.8768
    endloop
  endfacet
  facet normal -0.923886 -0.382667 -0
    outer loop
      vertex 5.07107 11.2239 54.0232
      vertex 5.07107 11.2239 34.8768
      vertex 5.27564 10.73 54.1665
    endloop
  endfacet
  facet normal -0.923886 -0.382667 -0
    outer loop
      vertex 5.27564 10.73 54.1665
      vertex 5.07107 11.2239 34.8768
      vertex 5.27564 10.73 34.7335
    endloop
  endfacet
  facet normal -0.923877 -0.382689 -0
    outer loop
      vertex 5.27564 10.73 54.1665
      vertex 5.27564 10.73 34.7335
      vertex 5.46759 10.2666 34.4996
    endloop
  endfacet
  facet normal -0.923879 -0.382684 -1.4515e-06
    outer loop
      vertex 4.44452 12.7365 60.1335
      vertex 4.6491 12.2426 60.2768
      vertex 0 23.4665 63.5
    endloop
  endfacet
  facet normal -0.923869 -0.382708 9.81163e-05
    outer loop
      vertex 0 23.4665 63.5
      vertex 4.6491 12.2426 60.2768
      vertex 4.86008 11.7333 60.325
    endloop
  endfacet
  facet normal -0.923879 -0.382684 -5.50996e-06
    outer loop
      vertex 0 23.4665 63.5
      vertex 4.86008 11.7333 60.325
      vertex 8.50514 2.93332 63.5
    endloop
  endfacet
  facet normal -0.923885 -0.38267 3.88216e-05
    outer loop
      vertex 8.50514 2.93332 63.5
      vertex 4.86008 11.7333 60.325
      vertex 5.07107 11.2239 60.2768
    endloop
  endfacet
  facet normal -0.923883 -0.382674 2.76577e-05
    outer loop
      vertex 8.50514 2.93332 63.5
      vertex 5.07107 11.2239 60.2768
      vertex 5.27564 10.73 60.1335
    endloop
  endfacet
  facet normal 0.382686 -0.923878 0
    outer loop
      vertex 14.1201 1.82253 28.575
      vertex 14.1201 1.82253 60.325
      vertex 9.72016 0 28.575
    endloop
  endfacet
  facet normal 0.382686 -0.923878 0
    outer loop
      vertex 9.72016 0 28.575
      vertex 14.1201 1.82253 60.325
      vertex 9.72016 0 60.325
    endloop
  endfacet
  facet normal 0.923847 0.382763 6.42117e-06
    outer loop
      vertex 8.20782 16.0961 55.5625
      vertex 8.3293 15.8029 55.1091
      vertex 7.43753 17.9558 25.4
    endloop
  endfacet
  facet normal 0.923917 0.382594 2.90585e-05
    outer loop
      vertex 8.11831 16.3122 58.2359
      vertex 8.0635 16.4446 57.7013
      vertex 7.43753 17.9558 63.5
    endloop
  endfacet
  facet normal 0.923867 0.382713 8.08146e-05
    outer loop
      vertex 14.1201 1.82253 60.325
      vertex 10.4018 10.7994 56.0641
      vertex 10.4566 10.667 56.5987
    endloop
  endfacet
  facet normal 0.923917 0.382594 -2.90585e-05
    outer loop
      vertex 8.0635 16.4446 31.1987
      vertex 8.11831 16.3122 30.6641
      vertex 7.43753 17.9558 25.4
    endloop
  endfacet
  facet normal 0.923883 0.382676 9.78505e-07
    outer loop
      vertex 7.43753 17.9558 25.4
      vertex 8.11831 16.3122 30.6641
      vertex 8.20782 16.0961 30.1625
    endloop
  endfacet
  facet normal 0.923858 0.382734 2.77741e-05
    outer loop
      vertex 7.43753 17.9558 25.4
      vertex 8.20782 16.0961 30.1625
      vertex 8.3293 15.8029 29.7091
    endloop
  endfacet
  facet normal 0.923878 0.382686 -7.08143e-06
    outer loop
      vertex 12.9051 4.75585 25.4
      vertex 9.67562 12.5525 28.7665
      vertex 9.86757 12.0891 29.0004
    endloop
  endfacet
  facet normal 0.92383 0.382803 -3.47861e-05
    outer loop
      vertex 8.0635 16.4446 57.7013
      vertex 8.04504 16.4891 57.15
      vertex 7.43753 17.9558 63.5
    endloop
  endfacet
  facet normal 0.923994 0.382408 7.21729e-05
    outer loop
      vertex 7.43753 17.9558 63.5
      vertex 8.04504 16.4891 57.15
      vertex 8.0635 16.4446 56.5987
    endloop
  endfacet
  facet normal 0.923877 0.382689 0
    outer loop
      vertex 7.43753 17.9558 63.5
      vertex 8.0635 16.4446 56.5987
      vertex 7.43753 17.9558 25.4
    endloop
  endfacet
  facet normal 0.923945 0.382526 -9.27126e-06
    outer loop
      vertex 7.43753 17.9558 25.4
      vertex 8.0635 16.4446 56.5987
      vertex 8.11831 16.3122 56.0641
    endloop
  endfacet
  facet normal 0.923882 0.382677 2.57662e-07
    outer loop
      vertex 7.43753 17.9558 25.4
      vertex 8.11831 16.3122 56.0641
      vertex 8.20782 16.0961 55.5625
    endloop
  endfacet
  facet normal 0.92388 0.382683 -0
    outer loop
      vertex 10.1908 11.3087 33.7909
      vertex 10.1908 11.3087 55.1091
      vertex 14.1201 1.82253 60.325
    endloop
  endfacet
  facet normal 0.923912 0.382605 -0.000166299
    outer loop
      vertex 14.1201 1.82253 60.325
      vertex 10.1908 11.3087 55.1091
      vertex 10.3123 11.0155 55.5625
    endloop
  endfacet
  facet normal 0.923877 0.38269 2.44419e-05
    outer loop
      vertex 14.1201 1.82253 60.325
      vertex 10.3123 11.0155 55.5625
      vertex 10.4018 10.7994 56.0641
    endloop
  endfacet
  facet normal 0.923897 0.382641 -0.000117091
    outer loop
      vertex 10.4566 10.667 56.5987
      vertex 10.4751 10.6225 57.15
      vertex 14.1201 1.82253 60.325
    endloop
  endfacet
  facet normal 0.923868 0.382711 0.000110461
    outer loop
      vertex 14.1201 1.82253 60.325
      vertex 10.4751 10.6225 57.15
      vertex 10.4566 10.667 57.7013
    endloop
  endfacet
  facet normal 0.923889 0.38266 -9.38739e-05
    outer loop
      vertex 14.1201 1.82253 60.325
      vertex 10.4566 10.667 57.7013
      vertex 14.1017 1.86709 60.8763
    endloop
  endfacet
  facet normal 0.923886 0.382668 -6.78153e-05
    outer loop
      vertex 14.1017 1.86709 60.8763
      vertex 10.4566 10.667 57.7013
      vertex 10.4018 10.7994 58.2359
    endloop
  endfacet
  facet normal 0.923882 0.382678 -2.77955e-05
    outer loop
      vertex 14.1017 1.86709 60.8763
      vertex 10.4018 10.7994 58.2359
      vertex 14.0469 1.99943 61.4109
    endloop
  endfacet
  facet normal 0.92388 0.382683 2.82821e-07
    outer loop
      vertex 9.04907 14.0652 60.2768
      vertex 8.84449 14.5591 60.1335
      vertex 7.43753 17.9558 63.5
    endloop
  endfacet
  facet normal 0.923883 0.382676 8.89382e-06
    outer loop
      vertex 7.43753 17.9558 63.5
      vertex 8.84449 14.5591 60.1335
      vertex 8.65255 15.0225 59.8996
    endloop
  endfacet
  facet normal 0.923871 0.382704 -1.81226e-05
    outer loop
      vertex 7.43753 17.9558 63.5
      vertex 8.65255 15.0225 59.8996
      vertex 8.47906 15.4413 59.5822
    endloop
  endfacet
  facet normal 0.923891 0.382657 -1.75988e-05
    outer loop
      vertex 8.3293 15.8029 29.7091
      vertex 8.47906 15.4413 29.3178
      vertex 7.43753 17.9558 25.4
    endloop
  endfacet
  facet normal 0.923871 0.382704 1.81226e-05
    outer loop
      vertex 7.43753 17.9558 25.4
      vertex 8.47906 15.4413 29.3178
      vertex 8.65255 15.0225 29.0004
    endloop
  endfacet
  facet normal 0.923883 0.382676 -8.89382e-06
    outer loop
      vertex 7.43753 17.9558 25.4
      vertex 8.65255 15.0225 29.0004
      vertex 8.84449 14.5591 28.7665
    endloop
  endfacet
  facet normal 0.923868 0.382711 -0.000110461
    outer loop
      vertex 14.1201 1.82253 28.575
      vertex 10.4566 10.667 31.1987
      vertex 10.4751 10.6225 31.75
    endloop
  endfacet
  facet normal 0.923867 0.382713 6.49354e-05
    outer loop
      vertex 13.6861 2.87035 62.7572
      vertex 13.8359 2.5088 62.3658
      vertex 10.4018 10.7994 58.2359
    endloop
  endfacet
  facet normal 0.923874 0.382698 2.88264e-05
    outer loop
      vertex 10.4018 10.7994 58.2359
      vertex 13.8359 2.5088 62.3658
      vertex 13.9574 2.21552 61.9125
    endloop
  endfacet
  facet normal 0.92388 0.382682 -1.31049e-05
    outer loop
      vertex 10.4018 10.7994 58.2359
      vertex 13.9574 2.21552 61.9125
      vertex 14.0469 1.99943 61.4109
    endloop
  endfacet
  facet normal 0.923878 0.382686 7.08143e-06
    outer loop
      vertex 9.86757 12.0891 59.8996
      vertex 9.67562 12.5525 60.1335
      vertex 12.9051 4.75585 63.5
    endloop
  endfacet
  facet normal 0.92388 0.382683 -5.03486e-07
    outer loop
      vertex 12.9051 4.75585 63.5
      vertex 9.67562 12.5525 60.1335
      vertex 9.47104 13.0464 60.2768
    endloop
  endfacet
  facet normal 0.92388 0.382682 -5.59881e-06
    outer loop
      vertex 12.9051 4.75585 63.5
      vertex 9.47104 13.0464 60.2768
      vertex 7.43753 17.9558 63.5
    endloop
  endfacet
  facet normal 0.923894 0.382647 5.57401e-05
    outer loop
      vertex 7.43753 17.9558 63.5
      vertex 9.47104 13.0464 60.2768
      vertex 9.26006 13.5558 60.325
    endloop
  endfacet
  facet normal 0.923886 0.382669 2.05955e-05
    outer loop
      vertex 7.43753 17.9558 63.5
      vertex 9.26006 13.5558 60.325
      vertex 9.04907 14.0652 60.2768
    endloop
  endfacet
  facet normal 0.923891 0.382657 1.75969e-05
    outer loop
      vertex 8.47906 15.4413 59.5822
      vertex 8.3293 15.8029 59.1908
      vertex 7.43753 17.9558 63.5
    endloop
  endfacet
  facet normal 0.923858 0.382734 -2.77764e-05
    outer loop
      vertex 7.43753 17.9558 63.5
      vertex 8.3293 15.8029 59.1908
      vertex 8.20782 16.0961 58.7375
    endloop
  endfacet
  facet normal 0.923883 0.382676 -9.78505e-07
    outer loop
      vertex 7.43753 17.9558 63.5
      vertex 8.20782 16.0961 58.7375
      vertex 8.11831 16.3122 58.2359
    endloop
  endfacet
  facet normal 0.923897 0.382641 0.000117091
    outer loop
      vertex 10.4751 10.6225 31.75
      vertex 10.4566 10.667 32.3013
      vertex 14.1201 1.82253 28.575
    endloop
  endfacet
  facet normal 0.923867 0.382713 -8.08146e-05
    outer loop
      vertex 14.1201 1.82253 28.575
      vertex 10.4566 10.667 32.3013
      vertex 10.4018 10.7994 32.8359
    endloop
  endfacet
  facet normal 0.923881 0.38268 -0
    outer loop
      vertex 14.1201 1.82253 28.575
      vertex 10.4018 10.7994 32.8359
      vertex 14.1201 1.82253 60.325
    endloop
  endfacet
  facet normal 0.92389 0.382658 -8.38369e-06
    outer loop
      vertex 14.1201 1.82253 60.325
      vertex 10.4018 10.7994 32.8359
      vertex 10.3123 11.0155 33.3375
    endloop
  endfacet
  facet normal 0.923842 0.382774 3.81514e-05
    outer loop
      vertex 14.1201 1.82253 60.325
      vertex 10.3123 11.0155 33.3375
      vertex 10.1908 11.3087 33.7909
    endloop
  endfacet
  facet normal 0.923883 0.382675 -1.51948e-06
    outer loop
      vertex 8.20782 16.0961 33.3375
      vertex 8.11831 16.3122 32.8359
      vertex 8.3293 15.8029 55.1091
    endloop
  endfacet
  facet normal 0.923968 0.382469 -7.02219e-06
    outer loop
      vertex 8.3293 15.8029 55.1091
      vertex 8.11831 16.3122 32.8359
      vertex 8.0635 16.4446 32.3013
    endloop
  endfacet
  facet normal 0.923877 0.38269 2.45712e-07
    outer loop
      vertex 8.3293 15.8029 55.1091
      vertex 8.0635 16.4446 32.3013
      vertex 7.43753 17.9558 25.4
    endloop
  endfacet
  facet normal 0.923994 0.382408 -7.21729e-05
    outer loop
      vertex 7.43753 17.9558 25.4
      vertex 8.0635 16.4446 32.3013
      vertex 8.04504 16.4891 31.75
    endloop
  endfacet
  facet normal 0.92383 0.382803 3.47861e-05
    outer loop
      vertex 7.43753 17.9558 25.4
      vertex 8.04504 16.4891 31.75
      vertex 8.0635 16.4446 31.1987
    endloop
  endfacet
  facet normal 0.923861 0.382727 7.38665e-05
    outer loop
      vertex 10.3123 11.0155 58.7375
      vertex 10.1908 11.3087 59.1908
      vertex 12.9051 4.75585 63.5
    endloop
  endfacet
  facet normal 0.923906 0.382619 -0.000118594
    outer loop
      vertex 12.9051 4.75585 63.5
      vertex 10.1908 11.3087 59.1908
      vertex 10.0411 11.6703 59.5822
    endloop
  endfacet
  facet normal 0.923862 0.382726 0.000101483
    outer loop
      vertex 12.9051 4.75585 63.5
      vertex 10.0411 11.6703 59.5822
      vertex 9.86757 12.0891 59.8996
    endloop
  endfacet
  facet normal 0.92388 0.382683 -2.82821e-07
    outer loop
      vertex 8.84449 14.5591 28.7665
      vertex 9.04907 14.0652 28.6232
      vertex 7.43753 17.9558 25.4
    endloop
  endfacet
  facet normal 0.923886 0.382669 -2.05955e-05
    outer loop
      vertex 7.43753 17.9558 25.4
      vertex 9.04907 14.0652 28.6232
      vertex 9.26006 13.5558 28.575
    endloop
  endfacet
  facet normal 0.92388 0.382682 6.8922e-08
    outer loop
      vertex 7.43753 17.9558 25.4
      vertex 9.26006 13.5558 28.575
      vertex 12.9051 4.75585 25.4
    endloop
  endfacet
  facet normal 0.92389 0.382658 7.69002e-05
    outer loop
      vertex 12.9051 4.75585 25.4
      vertex 9.26006 13.5558 28.575
      vertex 9.47104 13.0464 28.6232
    endloop
  endfacet
  facet normal 0.92388 0.382683 5.03486e-07
    outer loop
      vertex 12.9051 4.75585 25.4
      vertex 9.47104 13.0464 28.6232
      vertex 9.67562 12.5525 28.7665
    endloop
  endfacet
  facet normal 0.923873 0.3827 3.10309e-05
    outer loop
      vertex 12.9051 4.75585 63.5
      vertex 13.1161 4.24648 63.4518
      vertex 10.3123 11.0155 58.7375
    endloop
  endfacet
  facet normal 0.923869 0.38271 4.83762e-05
    outer loop
      vertex 10.3123 11.0155 58.7375
      vertex 13.1161 4.24648 63.4518
      vertex 13.3207 3.75259 63.3085
    endloop
  endfacet
  facet normal 0.923883 0.382675 -1.69171e-05
    outer loop
      vertex 10.3123 11.0155 58.7375
      vertex 13.3207 3.75259 63.3085
      vertex 10.4018 10.7994 58.2359
    endloop
  endfacet
  facet normal 0.923899 0.382638 -7.74952e-05
    outer loop
      vertex 10.4018 10.7994 58.2359
      vertex 13.3207 3.75259 63.3085
      vertex 13.5126 3.28919 63.0746
    endloop
  endfacet
  facet normal 0.923876 0.382691 1.96831e-05
    outer loop
      vertex 10.4018 10.7994 58.2359
      vertex 13.5126 3.28919 63.0746
      vertex 13.6861 2.87035 62.7572
    endloop
  endfacet
  facet normal 0.923887 0.382666 6.74297e-05
    outer loop
      vertex 10.4566 10.667 31.1987
      vertex 14.1201 1.82253 28.575
      vertex 10.4018 10.7994 30.6641
    endloop
  endfacet
  facet normal 0.92389 0.382659 0.000104416
    outer loop
      vertex 10.4018 10.7994 30.6641
      vertex 14.1201 1.82253 28.575
      vertex 14.1052 1.85864 28.0783
    endloop
  endfacet
  facet normal 0.923881 0.38268 2.07566e-05
    outer loop
      vertex 10.4018 10.7994 30.6641
      vertex 14.1052 1.85864 28.0783
      vertex 14.0607 1.9661 27.5939
    endloop
  endfacet
  facet normal 0.923896 0.382643 -2.02839e-06
    outer loop
      vertex 8.3293 15.8029 55.1091
      vertex 8.47906 15.4413 54.7178
      vertex 8.20782 16.0961 33.3375
    endloop
  endfacet
  facet normal 0.923866 0.382716 5.98977e-07
    outer loop
      vertex 8.20782 16.0961 33.3375
      vertex 8.47906 15.4413 54.7178
      vertex 8.65255 15.0225 54.4004
    endloop
  endfacet
  facet normal 0.923841 0.382777 4.23719e-06
    outer loop
      vertex 8.20782 16.0961 33.3375
      vertex 8.65255 15.0225 54.4004
      vertex 8.3293 15.8029 33.7909
    endloop
  endfacet
  facet normal 0.923898 0.382639 -1.8739e-06
    outer loop
      vertex 8.3293 15.8029 33.7909
      vertex 8.65255 15.0225 54.4004
      vertex 8.47906 15.4413 34.1822
    endloop
  endfacet
  facet normal 0.923862 0.382726 -0.000101483
    outer loop
      vertex 9.86757 12.0891 29.0004
      vertex 10.0411 11.6703 29.3178
      vertex 12.9051 4.75585 25.4
    endloop
  endfacet
  facet normal 0.923906 0.382619 0.000118614
    outer loop
      vertex 12.9051 4.75585 25.4
      vertex 10.0411 11.6703 29.3178
      vertex 10.1908 11.3087 29.7091
    endloop
  endfacet
  facet normal 0.923861 0.382729 -7.69124e-05
    outer loop
      vertex 12.9051 4.75585 25.4
      vertex 10.1908 11.3087 29.7091
      vertex 13.0952 4.29698 25.4391
    endloop
  endfacet
  facet normal 0.923861 0.382727 -7.37867e-05
    outer loop
      vertex 13.0952 4.29698 25.4391
      vertex 10.1908 11.3087 29.7091
      vertex 10.3123 11.0155 30.1625
    endloop
  endfacet
  facet normal 0.92388 0.382683 -3.02862e-07
    outer loop
      vertex 9.04907 14.0652 34.8768
      vertex 8.84449 14.5591 34.7335
      vertex 8.65255 15.0225 54.4004
    endloop
  endfacet
  facet normal 0.923884 0.382672 0
    outer loop
      vertex 8.65255 15.0225 54.4004
      vertex 8.84449 14.5591 34.7335
      vertex 8.65255 15.0225 34.4996
    endloop
  endfacet
  facet normal 0.923866 0.382716 0
    outer loop
      vertex 8.65255 15.0225 54.4004
      vertex 8.65255 15.0225 34.4996
      vertex 8.47906 15.4413 34.1822
    endloop
  endfacet
  facet normal 0.923951 0.38251 -0
    outer loop
      vertex 10.1908 11.3087 33.7909
      vertex 10.0411 11.6703 34.1822
      vertex 10.1908 11.3087 55.1091
    endloop
  endfacet
  facet normal 0.923836 0.382788 5.62774e-06
    outer loop
      vertex 10.1908 11.3087 55.1091
      vertex 10.0411 11.6703 34.1822
      vertex 9.86757 12.0891 34.4996
    endloop
  endfacet
  facet normal 0.923954 0.382503 -6.9924e-06
    outer loop
      vertex 10.1908 11.3087 55.1091
      vertex 9.86757 12.0891 34.4996
      vertex 10.0411 11.6703 54.7178
    endloop
  endfacet
  facet normal 0.923835 0.382791 0
    outer loop
      vertex 10.0411 11.6703 54.7178
      vertex 9.86757 12.0891 34.4996
      vertex 9.86757 12.0891 54.4004
    endloop
  endfacet
  facet normal 0.92387 0.382707 -7.06434e-05
    outer loop
      vertex 14.0607 1.9661 27.5939
      vertex 13.9877 2.14224 27.1336
      vertex 10.4018 10.7994 30.6641
    endloop
  endfacet
  facet normal 0.923885 0.382671 3.18015e-05
    outer loop
      vertex 10.4018 10.7994 30.6641
      vertex 13.9877 2.14224 27.1336
      vertex 13.8881 2.38274 26.7088
    endloop
  endfacet
  facet normal 0.923887 0.382666 4.4808e-05
    outer loop
      vertex 10.4018 10.7994 30.6641
      vertex 13.8881 2.38274 26.7088
      vertex 13.7643 2.68168 26.3299
    endloop
  endfacet
  facet normal 0.923872 0.382703 -3.58513e-05
    outer loop
      vertex 13.7643 2.68168 26.3299
      vertex 13.6193 3.03169 26.0064
      vertex 10.4018 10.7994 30.6641
    endloop
  endfacet
  facet normal 0.923864 0.38272 -6.94947e-05
    outer loop
      vertex 10.4018 10.7994 30.6641
      vertex 13.6193 3.03169 26.0064
      vertex 13.4567 3.42415 25.7461
    endloop
  endfacet
  facet normal 0.923884 0.382672 1.53292e-05
    outer loop
      vertex 10.4018 10.7994 30.6641
      vertex 13.4567 3.42415 25.7461
      vertex 10.3123 11.0155 30.1625
    endloop
  endfacet
  facet normal 0.9239 0.382635 8.87203e-05
    outer loop
      vertex 10.3123 11.0155 30.1625
      vertex 13.4567 3.42415 25.7461
      vertex 13.2806 3.8494 25.5554
    endloop
  endfacet
  facet normal 0.923876 0.382691 -1.37924e-05
    outer loop
      vertex 10.3123 11.0155 30.1625
      vertex 13.2806 3.8494 25.5554
      vertex 13.0952 4.29698 25.4391
    endloop
  endfacet
  facet normal 0.923877 0.382689 0
    outer loop
      vertex 9.86757 12.0891 54.4004
      vertex 9.86757 12.0891 34.4996
      vertex 9.67562 12.5525 54.1665
    endloop
  endfacet
  facet normal 0.923877 0.382689 0
    outer loop
      vertex 9.67562 12.5525 54.1665
      vertex 9.86757 12.0891 34.4996
      vertex 9.67562 12.5525 34.7335
    endloop
  endfacet
  facet normal 0.92388 0.382683 0
    outer loop
      vertex 9.67562 12.5525 54.1665
      vertex 9.67562 12.5525 34.7335
      vertex 9.47104 13.0464 34.8768
    endloop
  endfacet
  facet normal 0.923884 0.382672 3.35698e-07
    outer loop
      vertex 8.65255 15.0225 54.4004
      vertex 8.84449 14.5591 54.1665
      vertex 9.04907 14.0652 34.8768
    endloop
  endfacet
  facet normal 0.92388 0.382683 -0
    outer loop
      vertex 9.04907 14.0652 34.8768
      vertex 8.84449 14.5591 54.1665
      vertex 9.04907 14.0652 54.0232
    endloop
  endfacet
  facet normal 0.923886 0.382667 -0
    outer loop
      vertex 9.04907 14.0652 34.8768
      vertex 9.04907 14.0652 54.0232
      vertex 9.26006 13.5558 34.925
    endloop
  endfacet
  facet normal 0.923886 0.382667 -0
    outer loop
      vertex 9.26006 13.5558 34.925
      vertex 9.04907 14.0652 54.0232
      vertex 9.26006 13.5558 53.975
    endloop
  endfacet
  facet normal 0.923893 0.382652 -0
    outer loop
      vertex 9.26006 13.5558 34.925
      vertex 9.26006 13.5558 53.975
      vertex 9.47104 13.0464 34.8768
    endloop
  endfacet
  facet normal 0.923893 0.382652 -0
    outer loop
      vertex 9.47104 13.0464 34.8768
      vertex 9.26006 13.5558 53.975
      vertex 9.47104 13.0464 54.0232
    endloop
  endfacet
  facet normal 0.92388 0.382683 -0
    outer loop
      vertex 9.47104 13.0464 34.8768
      vertex 9.47104 13.0464 54.0232
      vertex 9.67562 12.5525 54.1665
    endloop
  endfacet
  facet normal 0.382704 -0.923871 0
    outer loop
      vertex 59.3049 42.8765 25.2085
      vertex 59.7754 43.0714 24.9746
      vertex 59.7754 43.0714 63.9254
    endloop
  endfacet
  facet normal 0.382748 -0.923853 0
    outer loop
      vertex 60.4889 43.367 64.5378
      vertex 60.2007 43.2476 64.2428
      vertex 60.4889 43.367 24.3622
    endloop
  endfacet
  facet normal 0.382748 -0.923853 1.08353e-09
    outer loop
      vertex 60.4889 43.367 24.3622
      vertex 60.2007 43.2476 64.2428
      vertex 59.7754 43.0714 63.9254
    endloop
  endfacet
  facet normal 0.382748 -0.923853 -1.65097e-09
    outer loop
      vertex 60.4889 43.367 24.3622
      vertex 59.7754 43.0714 63.9254
      vertex 60.2007 43.2476 24.6572
    endloop
  endfacet
  facet normal 0.382748 -0.923853 0
    outer loop
      vertex 60.2007 43.2476 24.6572
      vertex 59.7754 43.0714 63.9254
      vertex 59.7754 43.0714 24.9746
    endloop
  endfacet
  facet normal 0.382685 -0.923879 0
    outer loop
      vertex 58.2861 42.4546 63.5
      vertex 9.15582 22.1041 63.5
      vertex 9.15582 22.1041 25.4
    endloop
  endfacet
  facet normal 0.382704 -0.923871 0
    outer loop
      vertex 59.7754 43.0714 63.9254
      vertex 59.3049 42.8765 63.6915
      vertex 59.3049 42.8765 25.2085
    endloop
  endfacet
  facet normal 0.382639 -0.923898 0
    outer loop
      vertex 59.3049 42.8765 25.2085
      vertex 59.3049 42.8765 63.6915
      vertex 58.8034 42.6688 63.5482
    endloop
  endfacet
  facet normal 0.382639 -0.923898 0
    outer loop
      vertex 59.3049 42.8765 25.2085
      vertex 58.8034 42.6688 63.5482
      vertex 58.8034 42.6688 25.3518
    endloop
  endfacet
  facet normal 0.382573 -0.923925 0
    outer loop
      vertex 58.8034 42.6688 25.3518
      vertex 58.8034 42.6688 63.5482
      vertex 58.2861 42.4546 63.5
    endloop
  endfacet
  facet normal 0.382573 -0.923925 0
    outer loop
      vertex 58.8034 42.6688 25.3518
      vertex 58.2861 42.4546 63.5
      vertex 58.2861 42.4546 25.4
    endloop
  endfacet
  facet normal 0.382685 -0.923879 0
    outer loop
      vertex 58.2861 42.4546 25.4
      vertex 58.2861 42.4546 63.5
      vertex 9.15582 22.1041 25.4
    endloop
  endfacet
  facet normal 0 -0 1
    outer loop
      vertex 8.50514 2.93332 63.5
      vertex 12.9051 4.75585 63.5
      vertex 0 23.4665 63.5
    endloop
  endfacet
  facet normal 0 0 1
    outer loop
      vertex 0 23.4665 63.5
      vertex 12.9051 4.75585 63.5
      vertex 7.43753 17.9558 63.5
    endloop
  endfacet
  facet normal 0 0 1
    outer loop
      vertex 0 23.4665 63.5
      vertex 7.43753 17.9558 63.5
      vertex 7.2711 18.4836 63.5
    endloop
  endfacet
  facet normal 0 0 1
    outer loop
      vertex 7.2711 18.4836 63.5
      vertex 7.19886 19.0323 63.5
      vertex 0 23.4665 63.5
    endloop
  endfacet
  facet normal 0 0 1
    outer loop
      vertex 0 23.4665 63.5
      vertex 7.19886 19.0323 63.5
      vertex 7.22301 19.5852 63.5
    endloop
  endfacet
  facet normal 0 0 1
    outer loop
      vertex 0 23.4665 63.5
      vertex 7.22301 19.5852 63.5
      vertex 7.34279 20.1255 63.5
    endloop
  endfacet
  facet normal 0 -0 1
    outer loop
      vertex 7.34279 20.1255 63.5
      vertex 7.55458 20.6368 63.5
      vertex 0 23.4665 63.5
    endloop
  endfacet
  facet normal 0 0 1
    outer loop
      vertex 0 23.4665 63.5
      vertex 7.55458 20.6368 63.5
      vertex 7.85195 21.1036 63.5
    endloop
  endfacet
  facet normal 0 0 1
    outer loop
      vertex 0 23.4665 63.5
      vertex 7.85195 21.1036 63.5
      vertex 8.22585 21.5117 63.5
    endloop
  endfacet
  facet normal 0 -0 1
    outer loop
      vertex 8.22585 21.5117 63.5
      vertex 8.66492 21.8486 63.5
      vertex 0 23.4665 63.5
    endloop
  endfacet
  facet normal 0 0 1
    outer loop
      vertex 0 23.4665 63.5
      vertex 8.66492 21.8486 63.5
      vertex 9.15582 22.1041 63.5
    endloop
  endfacet
  facet normal -0 0 1
    outer loop
      vertex 0 23.4665 63.5
      vertex 9.15582 22.1041 63.5
      vertex 55.1706 46.3189 63.5
    endloop
  endfacet
  facet normal 0 0 1
    outer loop
      vertex 55.1706 46.3189 63.5
      vertex 9.15582 22.1041 63.5
      vertex 58.2861 42.4546 63.5
    endloop
  endfacet
  facet normal -0 0 1
    outer loop
      vertex 55.1706 46.3189 63.5
      vertex 58.2861 42.4546 63.5
      vertex 55.6615 46.5745 63.5
    endloop
  endfacet
  facet normal 0 0 -1
    outer loop
      vertex 55.1706 46.3189 25.4
      vertex 55.6615 46.5745 25.4
      vertex 58.2861 42.4546 25.4
    endloop
  endfacet
  facet normal -0 0 -1
    outer loop
      vertex 7.55458 20.6368 25.4
      vertex 7.34279 20.1255 25.4
      vertex 0 23.4665 25.4
    endloop
  endfacet
  facet normal 0 0 -1
    outer loop
      vertex 0 23.4665 25.4
      vertex 7.34279 20.1255 25.4
      vertex 7.22301 19.5852 25.4
    endloop
  endfacet
  facet normal 0 0 -1
    outer loop
      vertex 0 23.4665 25.4
      vertex 7.22301 19.5852 25.4
      vertex 7.19886 19.0323 25.4
    endloop
  endfacet
  facet normal -0 0 -1
    outer loop
      vertex 12.9051 4.75585 25.4
      vertex 8.50514 2.93332 25.4
      vertex 7.43753 17.9558 25.4
    endloop
  endfacet
  facet normal -0 -0 -1
    outer loop
      vertex 7.43753 17.9558 25.4
      vertex 8.50514 2.93332 25.4
      vertex 0 23.4665 25.4
    endloop
  endfacet
  facet normal 0 0 -1
    outer loop
      vertex 7.43753 17.9558 25.4
      vertex 0 23.4665 25.4
      vertex 7.2711 18.4836 25.4
    endloop
  endfacet
  facet normal 0 0 -1
    outer loop
      vertex 7.2711 18.4836 25.4
      vertex 0 23.4665 25.4
      vertex 7.19886 19.0323 25.4
    endloop
  endfacet
  facet normal -0 0 -1
    outer loop
      vertex 8.66492 21.8486 25.4
      vertex 8.22585 21.5117 25.4
      vertex 0 23.4665 25.4
    endloop
  endfacet
  facet normal 0 0 -1
    outer loop
      vertex 0 23.4665 25.4
      vertex 8.22585 21.5117 25.4
      vertex 7.85195 21.1036 25.4
    endloop
  endfacet
  facet normal 0 0 -1
    outer loop
      vertex 0 23.4665 25.4
      vertex 7.85195 21.1036 25.4
      vertex 7.55458 20.6368 25.4
    endloop
  endfacet
  facet normal 0 -0 -1
    outer loop
      vertex 55.1706 46.3189 25.4
      vertex 58.2861 42.4546 25.4
      vertex 0 23.4665 25.4
    endloop
  endfacet
  facet normal 0 0 -1
    outer loop
      vertex 0 23.4665 25.4
      vertex 58.2861 42.4546 25.4
      vertex 9.15582 22.1041 25.4
    endloop
  endfacet
  facet normal 0 0 -1
    outer loop
      vertex 0 23.4665 25.4
      vertex 9.15582 22.1041 25.4
      vertex 8.66492 21.8486 25.4
    endloop
  endfacet
  facet normal 0.84017 0.535232 -0.0874142
    outer loop
      vertex 66.8485 47.3327 8.255
      vertex 65.1426 50.0105 8.255
      vertex 66.8689 47.3457 8.53067
    endloop
  endfacet
  facet normal 0.84017 0.535232 -0.0874142
    outer loop
      vertex 66.8689 47.3457 8.53067
      vertex 65.1426 50.0105 8.255
      vertex 65.163 50.0235 8.53067
    endloop
  endfacet
  facet normal 0.814655 0.518978 -0.258842
    outer loop
      vertex 66.8689 47.3457 8.53067
      vertex 65.163 50.0235 8.53067
      vertex 66.9293 47.3842 8.79796
    endloop
  endfacet
  facet normal 0.814687 0.519018 -0.258661
    outer loop
      vertex 66.9293 47.3842 8.79796
      vertex 65.163 50.0235 8.53067
      vertex 65.2234 50.0619 8.79796
    endloop
  endfacet
  facet normal 0.764422 0.486995 -0.422486
    outer loop
      vertex 66.9293 47.3842 8.79796
      vertex 65.2234 50.0619 8.79796
      vertex 67.0279 47.447 9.04875
    endloop
  endfacet
  facet normal 0.764367 0.486942 -0.422646
    outer loop
      vertex 67.0279 47.447 9.04875
      vertex 65.2234 50.0619 8.79796
      vertex 65.322 50.1248 9.04875
    endloop
  endfacet
  facet normal 0.690806 0.44008 -0.573687
    outer loop
      vertex 67.0279 47.447 9.04875
      vertex 65.322 50.1248 9.04875
      vertex 67.1618 47.5323 9.27542
    endloop
  endfacet
  facet normal 0.690806 0.44008 -0.573687
    outer loop
      vertex 67.1618 47.5323 9.27542
      vertex 65.322 50.1248 9.04875
      vertex 65.4559 50.2101 9.27542
    endloop
  endfacet
  facet normal 0.596449 0.37997 -0.707016
    outer loop
      vertex 67.1618 47.5323 9.27542
      vertex 65.4559 50.2101 9.27542
      vertex 67.3268 47.6374 9.4711
    endloop
  endfacet
  facet normal 0.596449 0.37997 -0.707016
    outer loop
      vertex 67.3268 47.6374 9.4711
      vertex 65.4559 50.2101 9.27542
      vertex 65.6209 50.3152 9.4711
    endloop
  endfacet
  facet normal 0.483719 0.308155 -0.81918
    outer loop
      vertex 67.3268 47.6374 9.4711
      vertex 65.6209 50.3152 9.4711
      vertex 67.518 47.7592 9.62982
    endloop
  endfacet
  facet normal 0.483719 0.308155 -0.81918
    outer loop
      vertex 67.518 47.7592 9.62982
      vertex 65.6209 50.3152 9.4711
      vertex 65.8121 50.437 9.62982
    endloop
  endfacet
  facet normal 0.356404 0.227048 -0.906325
    outer loop
      vertex 67.518 47.7592 9.62982
      vertex 65.8121 50.437 9.62982
      vertex 67.7295 47.894 9.74676
    endloop
  endfacet
  facet normal 0.356463 0.227094 -0.90629
    outer loop
      vertex 67.7295 47.894 9.74676
      vertex 65.8121 50.437 9.62982
      vertex 66.0236 50.5717 9.74676
    endloop
  endfacet
  facet normal 0.21831 0.13908 -0.965918
    outer loop
      vertex 67.7295 47.894 9.74676
      vertex 66.0236 50.5717 9.74676
      vertex 67.9549 48.0376 9.81838
    endloop
  endfacet
  facet normal 0.21831 0.13908 -0.965918
    outer loop
      vertex 67.9549 48.0376 9.81838
      vertex 66.0236 50.5717 9.74676
      vertex 66.249 50.7153 9.81838
    endloop
  endfacet
  facet normal 0.0735142 0.0468342 -0.996194
    outer loop
      vertex 67.9549 48.0376 9.81838
      vertex 66.249 50.7153 9.81838
      vertex 68.1874 48.1857 9.8425
    endloop
  endfacet
  facet normal 0.0735008 0.0468239 -0.996195
    outer loop
      vertex 68.1874 48.1857 9.8425
      vertex 66.249 50.7153 9.81838
      vertex 66.4815 50.8635 9.8425
    endloop
  endfacet
  facet normal -0.073515 -0.0468329 -0.996194
    outer loop
      vertex 68.1874 48.1857 9.8425
      vertex 66.4815 50.8635 9.8425
      vertex 68.4199 48.3338 9.81838
    endloop
  endfacet
  facet normal -0.073515 -0.0468329 -0.996194
    outer loop
      vertex 68.4199 48.3338 9.81838
      vertex 66.4815 50.8635 9.8425
      vertex 66.714 51.0116 9.81838
    endloop
  endfacet
  facet normal -0.218248 -0.139036 -0.965938
    outer loop
      vertex 68.4199 48.3338 9.81838
      vertex 66.714 51.0116 9.81838
      vertex 68.6454 48.4774 9.74676
    endloop
  endfacet
  facet normal -0.218309 -0.139082 -0.965918
    outer loop
      vertex 68.6454 48.4774 9.74676
      vertex 66.714 51.0116 9.81838
      vertex 66.9394 51.1552 9.74676
    endloop
  endfacet
  facet normal -0.356398 -0.227058 -0.906325
    outer loop
      vertex 68.6454 48.4774 9.74676
      vertex 66.9394 51.1552 9.74676
      vertex 68.8569 48.6122 9.62982
    endloop
  endfacet
  facet normal -0.356365 -0.227032 -0.906345
    outer loop
      vertex 68.8569 48.6122 9.62982
      vertex 66.9394 51.1552 9.74676
      vertex 67.151 51.2899 9.62982
    endloop
  endfacet
  facet normal -0.483714 -0.308163 -0.81918
    outer loop
      vertex 68.8569 48.6122 9.62982
      vertex 67.151 51.2899 9.62982
      vertex 69.0481 48.734 9.4711
    endloop
  endfacet
  facet normal -0.483826 -0.308253 -0.81908
    outer loop
      vertex 69.0481 48.734 9.4711
      vertex 67.151 51.2899 9.62982
      vertex 67.3421 51.4117 9.4711
    endloop
  endfacet
  facet normal -0.596433 -0.379995 -0.707016
    outer loop
      vertex 69.0481 48.734 9.4711
      vertex 67.3421 51.4117 9.4711
      vertex 69.2131 48.8391 9.27542
    endloop
  endfacet
  facet normal -0.596239 -0.379836 -0.707265
    outer loop
      vertex 69.2131 48.8391 9.27542
      vertex 67.3421 51.4117 9.4711
      vertex 67.5072 51.5169 9.27542
    endloop
  endfacet
  facet normal -0.690927 -0.440157 -0.573483
    outer loop
      vertex 69.2131 48.8391 9.27542
      vertex 67.5072 51.5169 9.27542
      vertex 69.3469 48.9244 9.04875
    endloop
  endfacet
  facet normal -0.690996 -0.440217 -0.573352
    outer loop
      vertex 69.3469 48.9244 9.04875
      vertex 67.5072 51.5169 9.27542
      vertex 67.641 51.6021 9.04875
    endloop
  endfacet
  facet normal -0.764324 -0.486933 -0.422737
    outer loop
      vertex 69.3469 48.9244 9.04875
      vertex 67.641 51.6021 9.04875
      vertex 69.4456 48.9872 8.79796
    endloop
  endfacet
  facet normal -0.764355 -0.486963 -0.422646
    outer loop
      vertex 69.4456 48.9872 8.79796
      vertex 67.641 51.6021 9.04875
      vertex 67.7396 51.665 8.79796
    endloop
  endfacet
  facet normal -0.814641 -0.519 -0.258842
    outer loop
      vertex 69.4456 48.9872 8.79796
      vertex 67.7396 51.665 8.79796
      vertex 69.506 49.0257 8.53067
    endloop
  endfacet
  facet normal -0.814641 -0.519 -0.258842
    outer loop
      vertex 69.506 49.0257 8.53067
      vertex 67.7396 51.665 8.79796
      vertex 67.8 51.7035 8.53067
    endloop
  endfacet
  facet normal -0.840178 -0.535269 -0.0871118
    outer loop
      vertex 69.506 49.0257 8.53067
      vertex 67.8 51.7035 8.53067
      vertex 69.5263 49.0387 8.255
    endloop
  endfacet
  facet normal -0.840175 -0.535256 -0.0872216
    outer loop
      vertex 69.5263 49.0387 8.255
      vertex 67.8 51.7035 8.53067
      vertex 67.8204 51.7164 8.255
    endloop
  endfacet
  facet normal 0.84017 0.535233 -0.0874048
    outer loop
      vertex 66.8485 47.3327 36.195
      vertex 65.1426 50.0105 36.195
      vertex 66.8689 47.3457 36.4707
    endloop
  endfacet
  facet normal 0.84017 0.535233 -0.0874048
    outer loop
      vertex 66.8689 47.3457 36.4707
      vertex 65.1426 50.0105 36.195
      vertex 65.163 50.0235 36.4707
    endloop
  endfacet
  facet normal 0.814657 0.518979 -0.258833
    outer loop
      vertex 66.8689 47.3457 36.4707
      vertex 65.163 50.0235 36.4707
      vertex 66.9293 47.3842 36.738
    endloop
  endfacet
  facet normal 0.814689 0.519019 -0.258652
    outer loop
      vertex 66.9293 47.3842 36.738
      vertex 65.163 50.0235 36.4707
      vertex 65.2234 50.0619 36.738
    endloop
  endfacet
  facet normal 0.764427 0.486999 -0.422472
    outer loop
      vertex 66.9293 47.3842 36.738
      vertex 65.2234 50.0619 36.738
      vertex 67.0279 47.447 36.9888
    endloop
  endfacet
  facet normal 0.764373 0.486946 -0.422632
    outer loop
      vertex 67.0279 47.447 36.9888
      vertex 65.2234 50.0619 36.738
      vertex 65.322 50.1248 36.9888
    endloop
  endfacet
  facet normal 0.690736 0.440035 -0.573806
    outer loop
      vertex 67.0279 47.447 36.9888
      vertex 65.322 50.1248 36.9888
      vertex 67.1618 47.5323 37.2154
    endloop
  endfacet
  facet normal 0.690736 0.440035 -0.573806
    outer loop
      vertex 67.1618 47.5323 37.2154
      vertex 65.322 50.1248 36.9888
      vertex 65.4559 50.2101 37.2154
    endloop
  endfacet
  facet normal 0.59648 0.379989 -0.70698
    outer loop
      vertex 67.1618 47.5323 37.2154
      vertex 65.4559 50.2101 37.2154
      vertex 67.3268 47.6374 37.4111
    endloop
  endfacet
  facet normal 0.59648 0.379989 -0.70698
    outer loop
      vertex 67.3268 47.6374 37.4111
      vertex 65.4559 50.2101 37.2154
      vertex 65.6209 50.3152 37.4111
    endloop
  endfacet
  facet normal 0.483678 0.308129 -0.819214
    outer loop
      vertex 67.3268 47.6374 37.4111
      vertex 65.6209 50.3152 37.4111
      vertex 67.518 47.7592 37.5698
    endloop
  endfacet
  facet normal 0.483678 0.308129 -0.819214
    outer loop
      vertex 67.518 47.7592 37.5698
      vertex 65.6209 50.3152 37.4111
      vertex 65.8121 50.437 37.5698
    endloop
  endfacet
  facet normal 0.356555 0.227144 -0.906242
    outer loop
      vertex 67.518 47.7592 37.5698
      vertex 65.8121 50.437 37.5698
      vertex 67.7295 47.894 37.6868
    endloop
  endfacet
  facet normal 0.356613 0.22719 -0.906207
    outer loop
      vertex 67.7295 47.894 37.6868
      vertex 65.8121 50.437 37.5698
      vertex 66.0236 50.5717 37.6868
    endloop
  endfacet
  facet normal 0.218253 0.139044 -0.965936
    outer loop
      vertex 67.7295 47.894 37.6868
      vertex 66.0236 50.5717 37.6868
      vertex 67.9549 48.0376 37.7584
    endloop
  endfacet
  facet normal 0.218253 0.139044 -0.965936
    outer loop
      vertex 67.9549 48.0376 37.7584
      vertex 66.0236 50.5717 37.6868
      vertex 66.249 50.7153 37.7584
    endloop
  endfacet
  facet normal 0.0734537 0.0467956 -0.9962
    outer loop
      vertex 67.9549 48.0376 37.7584
      vertex 66.249 50.7153 37.7584
      vertex 68.1874 48.1857 37.7825
    endloop
  endfacet
  facet normal 0.0734403 0.0467853 -0.996202
    outer loop
      vertex 68.1874 48.1857 37.7825
      vertex 66.249 50.7153 37.7584
      vertex 66.4815 50.8635 37.7825
    endloop
  endfacet
  facet normal -0.0734545 -0.0467944 -0.9962
    outer loop
      vertex 68.1874 48.1857 37.7825
      vertex 66.4815 50.8635 37.7825
      vertex 68.4199 48.3338 37.7584
    endloop
  endfacet
  facet normal -0.0734545 -0.0467944 -0.9962
    outer loop
      vertex 68.4199 48.3338 37.7584
      vertex 66.4815 50.8635 37.7825
      vertex 66.714 51.0116 37.7584
    endloop
  endfacet
  facet normal -0.218191 -0.138999 -0.965956
    outer loop
      vertex 68.4199 48.3338 37.7584
      vertex 66.714 51.0116 37.7584
      vertex 68.6454 48.4774 37.6868
    endloop
  endfacet
  facet normal -0.218252 -0.139046 -0.965936
    outer loop
      vertex 68.6454 48.4774 37.6868
      vertex 66.714 51.0116 37.7584
      vertex 66.9394 51.1552 37.6868
    endloop
  endfacet
  facet normal -0.356549 -0.227154 -0.906242
    outer loop
      vertex 68.6454 48.4774 37.6868
      vertex 66.9394 51.1552 37.6868
      vertex 68.8569 48.6122 37.5698
    endloop
  endfacet
  facet normal -0.356515 -0.227127 -0.906262
    outer loop
      vertex 68.8569 48.6122 37.5698
      vertex 66.9394 51.1552 37.6868
      vertex 67.151 51.2899 37.5698
    endloop
  endfacet
  facet normal -0.483673 -0.308137 -0.819214
    outer loop
      vertex 68.8569 48.6122 37.5698
      vertex 67.151 51.2899 37.5698
      vertex 69.0481 48.734 37.4111
    endloop
  endfacet
  facet normal -0.483786 -0.308227 -0.819114
    outer loop
      vertex 69.0481 48.734 37.4111
      vertex 67.151 51.2899 37.5698
      vertex 67.3421 51.4117 37.4111
    endloop
  endfacet
  facet normal -0.596463 -0.380015 -0.70698
    outer loop
      vertex 69.0481 48.734 37.4111
      vertex 67.3421 51.4117 37.4111
      vertex 69.2131 48.8391 37.2154
    endloop
  endfacet
  facet normal -0.596269 -0.379855 -0.707229
    outer loop
      vertex 69.2131 48.8391 37.2154
      vertex 67.3421 51.4117 37.4111
      vertex 67.5072 51.5169 37.2154
    endloop
  endfacet
  facet normal -0.690856 -0.440112 -0.573602
    outer loop
      vertex 69.2131 48.8391 37.2154
      vertex 67.5072 51.5169 37.2154
      vertex 69.3469 48.9244 36.9888
    endloop
  endfacet
  facet normal -0.690926 -0.440173 -0.573471
    outer loop
      vertex 69.3469 48.9244 36.9888
      vertex 67.5072 51.5169 37.2154
      vertex 67.641 51.6021 36.9888
    endloop
  endfacet
  facet normal -0.764329 -0.486936 -0.422723
    outer loop
      vertex 69.3469 48.9244 36.9888
      vertex 67.641 51.6021 36.9888
      vertex 69.4456 48.9872 36.738
    endloop
  endfacet
  facet normal -0.76436 -0.486966 -0.422632
    outer loop
      vertex 69.4456 48.9872 36.738
      vertex 67.641 51.6021 36.9888
      vertex 67.7396 51.665 36.738
    endloop
  endfacet
  facet normal -0.814643 -0.519001 -0.258833
    outer loop
      vertex 69.4456 48.9872 36.738
      vertex 67.7396 51.665 36.738
      vertex 69.506 49.0257 36.4707
    endloop
  endfacet
  facet normal -0.814643 -0.519001 -0.258833
    outer loop
      vertex 69.506 49.0257 36.4707
      vertex 67.7396 51.665 36.738
      vertex 67.8 51.7035 36.4707
    endloop
  endfacet
  facet normal -0.840178 -0.535269 -0.0871024
    outer loop
      vertex 69.506 49.0257 36.4707
      vertex 67.8 51.7035 36.4707
      vertex 69.5263 49.0387 36.195
    endloop
  endfacet
  facet normal -0.840176 -0.535256 -0.0872121
    outer loop
      vertex 69.5263 49.0387 36.195
      vertex 67.8 51.7035 36.4707
      vertex 67.8204 51.7164 36.195
    endloop
  endfacet
  facet normal 0.840185 0.535242 -0.0872121
    outer loop
      vertex 90.4129 62.3449 36.195
      vertex 88.707 65.0227 36.195
      vertex 90.4333 62.3578 36.4707
    endloop
  endfacet
  facet normal 0.840193 0.535278 -0.0869097
    outer loop
      vertex 90.4333 62.3578 36.4707
      vertex 88.707 65.0227 36.195
      vertex 88.7273 65.0356 36.4707
    endloop
  endfacet
  facet normal 0.814643 0.519001 -0.258833
    outer loop
      vertex 90.4333 62.3578 36.4707
      vertex 88.7273 65.0356 36.4707
      vertex 90.4937 62.3963 36.738
    endloop
  endfacet
  facet normal 0.814643 0.519001 -0.258833
    outer loop
      vertex 90.4937 62.3963 36.738
      vertex 88.7273 65.0356 36.4707
      vertex 88.7877 65.0741 36.738
    endloop
  endfacet
  facet normal 0.76436 0.486966 -0.422632
    outer loop
      vertex 90.4937 62.3963 36.738
      vertex 88.7877 65.0741 36.738
      vertex 90.5923 62.4592 36.9888
    endloop
  endfacet
  facet normal 0.764329 0.486936 -0.422723
    outer loop
      vertex 90.5923 62.4592 36.9888
      vertex 88.7877 65.0741 36.738
      vertex 88.8864 65.1369 36.9888
    endloop
  endfacet
  facet normal 0.690805 0.440096 -0.573676
    outer loop
      vertex 90.5923 62.4592 36.9888
      vertex 88.8864 65.1369 36.9888
      vertex 90.7262 62.5444 37.2154
    endloop
  endfacet
  facet normal 0.690845 0.44013 -0.573602
    outer loop
      vertex 90.7262 62.5444 37.2154
      vertex 88.8864 65.1369 36.9888
      vertex 89.0202 65.2222 37.2154
    endloop
  endfacet
  facet normal 0.596388 0.379953 -0.707077
    outer loop
      vertex 90.7262 62.5444 37.2154
      vertex 89.0202 65.2222 37.2154
      vertex 90.8912 62.6496 37.4111
    endloop
  endfacet
  facet normal 0.596463 0.380015 -0.70698
    outer loop
      vertex 90.8912 62.6496 37.4111
      vertex 89.0202 65.2222 37.2154
      vertex 89.1852 65.3273 37.4111
    endloop
  endfacet
  facet normal 0.483665 0.30815 -0.819214
    outer loop
      vertex 90.8912 62.6496 37.4111
      vertex 89.1852 65.3273 37.4111
      vertex 91.0824 62.7714 37.5698
    endloop
  endfacet
  facet normal 0.483665 0.30815 -0.819214
    outer loop
      vertex 91.0824 62.7714 37.5698
      vertex 89.1852 65.3273 37.4111
      vertex 89.3764 65.4491 37.5698
    endloop
  endfacet
  facet normal 0.356607 0.2272 -0.906207
    outer loop
      vertex 91.0824 62.7714 37.5698
      vertex 89.3764 65.4491 37.5698
      vertex 91.2939 62.9061 37.6868
    endloop
  endfacet
  facet normal 0.356549 0.227154 -0.906242
    outer loop
      vertex 91.2939 62.9061 37.6868
      vertex 89.3764 65.4491 37.5698
      vertex 89.5879 65.5839 37.6868
    endloop
  endfacet
  facet normal 0.218252 0.139046 -0.965936
    outer loop
      vertex 91.2939 62.9061 37.6868
      vertex 89.5879 65.5839 37.6868
      vertex 91.5193 63.0497 37.7584
    endloop
  endfacet
  facet normal 0.218191 0.138999 -0.965956
    outer loop
      vertex 91.5193 63.0497 37.7584
      vertex 89.5879 65.5839 37.6868
      vertex 89.8134 65.7275 37.7584
    endloop
  endfacet
  facet normal 0.0734545 0.0467944 -0.9962
    outer loop
      vertex 91.5193 63.0497 37.7584
      vertex 89.8134 65.7275 37.7584
      vertex 91.7518 63.1978 37.7825
    endloop
  endfacet
  facet normal 0.0734545 0.0467944 -0.9962
    outer loop
      vertex 91.7518 63.1978 37.7825
      vertex 89.8134 65.7275 37.7584
      vertex 90.0459 65.8756 37.7825
    endloop
  endfacet
  facet normal -0.0734403 -0.0467853 -0.996202
    outer loop
      vertex 91.7518 63.1978 37.7825
      vertex 90.0459 65.8756 37.7825
      vertex 91.9843 63.346 37.7584
    endloop
  endfacet
  facet normal -0.0734537 -0.0467956 -0.9962
    outer loop
      vertex 91.9843 63.346 37.7584
      vertex 90.0459 65.8756 37.7825
      vertex 90.2784 66.0237 37.7584
    endloop
  endfacet
  facet normal -0.218253 -0.139044 -0.965936
    outer loop
      vertex 91.9843 63.346 37.7584
      vertex 90.2784 66.0237 37.7584
      vertex 92.2097 63.4896 37.6868
    endloop
  endfacet
  facet normal -0.218253 -0.139044 -0.965936
    outer loop
      vertex 92.2097 63.4896 37.6868
      vertex 90.2784 66.0237 37.7584
      vertex 90.5038 66.1673 37.6868
    endloop
  endfacet
  facet normal -0.356613 -0.22719 -0.906207
    outer loop
      vertex 92.2097 63.4896 37.6868
      vertex 90.5038 66.1673 37.6868
      vertex 92.4212 63.6243 37.5698
    endloop
  endfacet
  facet normal -0.356555 -0.227144 -0.906242
    outer loop
      vertex 92.4212 63.6243 37.5698
      vertex 90.5038 66.1673 37.6868
      vertex 90.7153 66.3021 37.5698
    endloop
  endfacet
  facet normal -0.483678 -0.308129 -0.819214
    outer loop
      vertex 92.4212 63.6243 37.5698
      vertex 90.7153 66.3021 37.5698
      vertex 92.6124 63.7461 37.4111
    endloop
  endfacet
  facet normal -0.483678 -0.308129 -0.819214
    outer loop
      vertex 92.6124 63.7461 37.4111
      vertex 90.7153 66.3021 37.5698
      vertex 90.9065 66.4239 37.4111
    endloop
  endfacet
  facet normal -0.596398 -0.379937 -0.707077
    outer loop
      vertex 92.6124 63.7461 37.4111
      vertex 90.9065 66.4239 37.4111
      vertex 92.7774 63.8513 37.2154
    endloop
  endfacet
  facet normal -0.596473 -0.379999 -0.70698
    outer loop
      vertex 92.7774 63.8513 37.2154
      vertex 90.9065 66.4239 37.4111
      vertex 91.0715 66.529 37.2154
    endloop
  endfacet
  facet normal -0.690805 -0.440096 -0.573676
    outer loop
      vertex 92.7774 63.8513 37.2154
      vertex 91.0715 66.529 37.2154
      vertex 92.9113 63.9365 36.9888
    endloop
  endfacet
  facet normal -0.690736 -0.440035 -0.573806
    outer loop
      vertex 92.9113 63.9365 36.9888
      vertex 91.0715 66.529 37.2154
      vertex 91.2054 66.6143 36.9888
    endloop
  endfacet
  facet normal -0.764373 -0.486946 -0.422632
    outer loop
      vertex 92.9113 63.9365 36.9888
      vertex 91.2054 66.6143 36.9888
      vertex 93.0099 63.9994 36.738
    endloop
  endfacet
  facet normal -0.764427 -0.486999 -0.422472
    outer loop
      vertex 93.0099 63.9994 36.738
      vertex 91.2054 66.6143 36.9888
      vertex 91.304 66.6771 36.738
    endloop
  endfacet
  facet normal -0.814689 -0.519019 -0.258652
    outer loop
      vertex 93.0099 63.9994 36.738
      vertex 91.304 66.6771 36.738
      vertex 93.0703 64.0378 36.4707
    endloop
  endfacet
  facet normal -0.814657 -0.518979 -0.258833
    outer loop
      vertex 93.0703 64.0378 36.4707
      vertex 91.304 66.6771 36.738
      vertex 91.3644 66.7156 36.4707
    endloop
  endfacet
  facet normal -0.84017 -0.535233 -0.0874048
    outer loop
      vertex 93.0703 64.0378 36.4707
      vertex 91.3644 66.7156 36.4707
      vertex 93.0907 64.0508 36.195
    endloop
  endfacet
  facet normal -0.84017 -0.535233 -0.0874048
    outer loop
      vertex 93.0907 64.0508 36.195
      vertex 91.3644 66.7156 36.4707
      vertex 91.3848 66.7286 36.195
    endloop
  endfacet
  facet normal 0.840184 0.535241 -0.0872216
    outer loop
      vertex 90.4129 62.3449 8.255
      vertex 88.707 65.0227 8.255
      vertex 90.4333 62.3578 8.53067
    endloop
  endfacet
  facet normal 0.840192 0.535278 -0.0869191
    outer loop
      vertex 90.4333 62.3578 8.53067
      vertex 88.707 65.0227 8.255
      vertex 88.7273 65.0356 8.53067
    endloop
  endfacet
  facet normal 0.814641 0.519 -0.258842
    outer loop
      vertex 90.4333 62.3578 8.53067
      vertex 88.7273 65.0356 8.53067
      vertex 90.4937 62.3963 8.79796
    endloop
  endfacet
  facet normal 0.814641 0.519 -0.258842
    outer loop
      vertex 90.4937 62.3963 8.79796
      vertex 88.7273 65.0356 8.53067
      vertex 88.7877 65.0741 8.79796
    endloop
  endfacet
  facet normal 0.764355 0.486963 -0.422646
    outer loop
      vertex 90.4937 62.3963 8.79796
      vertex 88.7877 65.0741 8.79796
      vertex 90.5923 62.4592 9.04875
    endloop
  endfacet
  facet normal 0.764324 0.486933 -0.422737
    outer loop
      vertex 90.5923 62.4592 9.04875
      vertex 88.7877 65.0741 8.79796
      vertex 88.8864 65.1369 9.04875
    endloop
  endfacet
  facet normal 0.690875 0.44014 -0.573557
    outer loop
      vertex 90.5923 62.4592 9.04875
      vertex 88.8864 65.1369 9.04875
      vertex 90.7262 62.5444 9.27542
    endloop
  endfacet
  facet normal 0.690915 0.440175 -0.573483
    outer loop
      vertex 90.7262 62.5444 9.27542
      vertex 88.8864 65.1369 9.04875
      vertex 89.0202 65.2222 9.27542
    endloop
  endfacet
  facet normal 0.596357 0.379933 -0.707113
    outer loop
      vertex 90.7262 62.5444 9.27542
      vertex 89.0202 65.2222 9.27542
      vertex 90.8912 62.6496 9.4711
    endloop
  endfacet
  facet normal 0.596433 0.379995 -0.707016
    outer loop
      vertex 90.8912 62.6496 9.4711
      vertex 89.0202 65.2222 9.27542
      vertex 89.1852 65.3273 9.4711
    endloop
  endfacet
  facet normal 0.483706 0.308176 -0.81918
    outer loop
      vertex 90.8912 62.6496 9.4711
      vertex 89.1852 65.3273 9.4711
      vertex 91.0824 62.7714 9.62982
    endloop
  endfacet
  facet normal 0.483706 0.308176 -0.81918
    outer loop
      vertex 91.0824 62.7714 9.62982
      vertex 89.1852 65.3273 9.4711
      vertex 89.3764 65.4491 9.62982
    endloop
  endfacet
  facet normal 0.356457 0.227104 -0.90629
    outer loop
      vertex 91.0824 62.7714 9.62982
      vertex 89.3764 65.4491 9.62982
      vertex 91.2939 62.9061 9.74676
    endloop
  endfacet
  facet normal 0.356398 0.227058 -0.906325
    outer loop
      vertex 91.2939 62.9061 9.74676
      vertex 89.3764 65.4491 9.62982
      vertex 89.5879 65.5839 9.74676
    endloop
  endfacet
  facet normal 0.218309 0.139082 -0.965918
    outer loop
      vertex 91.2939 62.9061 9.74676
      vertex 89.5879 65.5839 9.74676
      vertex 91.5193 63.0497 9.81838
    endloop
  endfacet
  facet normal 0.218248 0.139036 -0.965938
    outer loop
      vertex 91.5193 63.0497 9.81838
      vertex 89.5879 65.5839 9.74676
      vertex 89.8134 65.7275 9.81838
    endloop
  endfacet
  facet normal 0.073515 0.0468329 -0.996194
    outer loop
      vertex 91.5193 63.0497 9.81838
      vertex 89.8134 65.7275 9.81838
      vertex 91.7518 63.1978 9.8425
    endloop
  endfacet
  facet normal 0.073515 0.0468329 -0.996194
    outer loop
      vertex 91.7518 63.1978 9.8425
      vertex 89.8134 65.7275 9.81838
      vertex 90.0459 65.8756 9.8425
    endloop
  endfacet
  facet normal -0.0735008 -0.0468239 -0.996195
    outer loop
      vertex 91.7518 63.1978 9.8425
      vertex 90.0459 65.8756 9.8425
      vertex 91.9843 63.346 9.81838
    endloop
  endfacet
  facet normal -0.0735142 -0.0468342 -0.996194
    outer loop
      vertex 91.9843 63.346 9.81838
      vertex 90.0459 65.8756 9.8425
      vertex 90.2784 66.0237 9.81838
    endloop
  endfacet
  facet normal -0.21831 -0.13908 -0.965918
    outer loop
      vertex 91.9843 63.346 9.81838
      vertex 90.2784 66.0237 9.81838
      vertex 92.2097 63.4896 9.74676
    endloop
  endfacet
  facet normal -0.21831 -0.13908 -0.965918
    outer loop
      vertex 92.2097 63.4896 9.74676
      vertex 90.2784 66.0237 9.81838
      vertex 90.5038 66.1673 9.74676
    endloop
  endfacet
  facet normal -0.356463 -0.227094 -0.90629
    outer loop
      vertex 92.2097 63.4896 9.74676
      vertex 90.5038 66.1673 9.74676
      vertex 92.4212 63.6243 9.62982
    endloop
  endfacet
  facet normal -0.356404 -0.227048 -0.906325
    outer loop
      vertex 92.4212 63.6243 9.62982
      vertex 90.5038 66.1673 9.74676
      vertex 90.7153 66.3021 9.62982
    endloop
  endfacet
  facet normal -0.483719 -0.308155 -0.81918
    outer loop
      vertex 92.4212 63.6243 9.62982
      vertex 90.7153 66.3021 9.62982
      vertex 92.6124 63.7461 9.4711
    endloop
  endfacet
  facet normal -0.483719 -0.308155 -0.81918
    outer loop
      vertex 92.6124 63.7461 9.4711
      vertex 90.7153 66.3021 9.62982
      vertex 90.9065 66.4239 9.4711
    endloop
  endfacet
  facet normal -0.596367 -0.379917 -0.707113
    outer loop
      vertex 92.6124 63.7461 9.4711
      vertex 90.9065 66.4239 9.4711
      vertex 92.7774 63.8513 9.27542
    endloop
  endfacet
  facet normal -0.596443 -0.37998 -0.707016
    outer loop
      vertex 92.7774 63.8513 9.27542
      vertex 90.9065 66.4239 9.4711
      vertex 91.0715 66.529 9.27542
    endloop
  endfacet
  facet normal -0.690875 -0.44014 -0.573557
    outer loop
      vertex 92.7774 63.8513 9.27542
      vertex 91.0715 66.529 9.27542
      vertex 92.9113 63.9365 9.04875
    endloop
  endfacet
  facet normal -0.690806 -0.44008 -0.573687
    outer loop
      vertex 92.9113 63.9365 9.04875
      vertex 91.0715 66.529 9.27542
      vertex 91.2054 66.6143 9.04875
    endloop
  endfacet
  facet normal -0.764367 -0.486942 -0.422646
    outer loop
      vertex 92.9113 63.9365 9.04875
      vertex 91.2054 66.6143 9.04875
      vertex 93.0099 63.9994 8.79796
    endloop
  endfacet
  facet normal -0.764422 -0.486995 -0.422486
    outer loop
      vertex 93.0099 63.9994 8.79796
      vertex 91.2054 66.6143 9.04875
      vertex 91.304 66.6771 8.79796
    endloop
  endfacet
  facet normal -0.814687 -0.519018 -0.258661
    outer loop
      vertex 93.0099 63.9994 8.79796
      vertex 91.304 66.6771 8.79796
      vertex 93.0703 64.0378 8.53067
    endloop
  endfacet
  facet normal -0.814655 -0.518978 -0.258842
    outer loop
      vertex 93.0703 64.0378 8.53067
      vertex 91.304 66.6771 8.79796
      vertex 91.3644 66.7156 8.53067
    endloop
  endfacet
  facet normal -0.84017 -0.535232 -0.0874142
    outer loop
      vertex 93.0703 64.0378 8.53067
      vertex 91.3644 66.7156 8.53067
      vertex 93.0907 64.0508 8.255
    endloop
  endfacet
  facet normal -0.84017 -0.535232 -0.0874142
    outer loop
      vertex 93.0907 64.0508 8.255
      vertex 91.3644 66.7156 8.53067
      vertex 91.3848 66.7286 8.255
    endloop
  endfacet
  facet normal 0.840188 0.535244 -0.0871714
    outer loop
      vertex 73.8107 51.7681 22.225
      vertex 72.1048 54.4459 22.225
      vertex 73.9043 51.8277 23.4931
    endloop
  endfacet
  facet normal 0.840188 0.535244 -0.0871714
    outer loop
      vertex 73.9043 51.8277 23.4931
      vertex 72.1048 54.4459 22.225
      vertex 72.1984 54.5055 23.4931
    endloop
  endfacet
  facet normal 0.814645 0.518972 -0.258886
    outer loop
      vertex 73.9043 51.8277 23.4931
      vertex 72.1984 54.5055 23.4931
      vertex 74.1822 52.0048 24.7226
    endloop
  endfacet
  facet normal 0.814645 0.519022 -0.258784
    outer loop
      vertex 74.1822 52.0048 24.7226
      vertex 72.1984 54.5055 23.4931
      vertex 72.4762 54.6825 24.7226
    endloop
  endfacet
  facet normal 0.764359 0.486984 -0.422614
    outer loop
      vertex 74.1822 52.0048 24.7226
      vertex 72.4762 54.6825 24.7226
      vertex 74.6359 52.2938 25.8762
    endloop
  endfacet
  facet normal 0.764345 0.486928 -0.422703
    outer loop
      vertex 74.6359 52.2938 25.8762
      vertex 72.4762 54.6825 24.7226
      vertex 72.93 54.9716 25.8762
    endloop
  endfacet
  facet normal 0.690908 0.440145 -0.573514
    outer loop
      vertex 74.6359 52.2938 25.8762
      vertex 72.93 54.9716 25.8762
      vertex 75.2516 52.6861 26.919
    endloop
  endfacet
  facet normal 0.690908 0.440145 -0.573514
    outer loop
      vertex 75.2516 52.6861 26.919
      vertex 72.93 54.9716 25.8762
      vertex 73.5457 55.3639 26.919
    endloop
  endfacet
  facet normal 0.596326 0.379891 -0.707162
    outer loop
      vertex 75.2516 52.6861 26.919
      vertex 73.5457 55.3639 26.919
      vertex 76.0108 53.1697 27.819
    endloop
  endfacet
  facet normal 0.596344 0.379925 -0.707129
    outer loop
      vertex 76.0108 53.1697 27.819
      vertex 73.5457 55.3639 26.919
      vertex 74.3048 55.8475 27.819
    endloop
  endfacet
  facet normal 0.483778 0.30821 -0.819125
    outer loop
      vertex 76.0108 53.1697 27.819
      vertex 74.3048 55.8475 27.819
      vertex 76.8902 53.73 28.5492
    endloop
  endfacet
  facet normal 0.483772 0.3082 -0.819132
    outer loop
      vertex 76.8902 53.73 28.5492
      vertex 74.3048 55.8475 27.819
      vertex 75.1843 56.4077 28.5492
    endloop
  endfacet
  facet normal 0.356404 0.227057 -0.906323
    outer loop
      vertex 76.8902 53.73 28.5492
      vertex 75.1843 56.4077 28.5492
      vertex 77.8632 54.3498 29.0871
    endloop
  endfacet
  facet normal 0.35641 0.227065 -0.906319
    outer loop
      vertex 77.8632 54.3498 29.0871
      vertex 75.1843 56.4077 28.5492
      vertex 76.1572 57.0276 29.0871
    endloop
  endfacet
  facet normal 0.218327 0.139094 -0.965912
    outer loop
      vertex 77.8632 54.3498 29.0871
      vertex 76.1572 57.0276 29.0871
      vertex 78.9001 55.0104 29.4166
    endloop
  endfacet
  facet normal 0.218316 0.139079 -0.965917
    outer loop
      vertex 78.9001 55.0104 29.4166
      vertex 76.1572 57.0276 29.0871
      vertex 77.1942 57.6882 29.4166
    endloop
  endfacet
  facet normal 0.0734765 0.0468084 -0.996198
    outer loop
      vertex 78.9001 55.0104 29.4166
      vertex 77.1942 57.6882 29.4166
      vertex 79.9696 55.6918 29.5275
    endloop
  endfacet
  facet normal 0.0734788 0.0468116 -0.996198
    outer loop
      vertex 79.9696 55.6918 29.5275
      vertex 77.1942 57.6882 29.4166
      vertex 78.2637 58.3695 29.5275
    endloop
  endfacet
  facet normal -0.0734788 -0.0468116 -0.996198
    outer loop
      vertex 79.9696 55.6918 29.5275
      vertex 78.2637 58.3695 29.5275
      vertex 81.0391 56.3731 29.4166
    endloop
  endfacet
  facet normal -0.0734765 -0.0468084 -0.996198
    outer loop
      vertex 81.0391 56.3731 29.4166
      vertex 78.2637 58.3695 29.5275
      vertex 79.3332 59.0509 29.4166
    endloop
  endfacet
  facet normal -0.218316 -0.139079 -0.965917
    outer loop
      vertex 81.0391 56.3731 29.4166
      vertex 79.3332 59.0509 29.4166
      vertex 82.0761 57.0337 29.0871
    endloop
  endfacet
  facet normal -0.218327 -0.139094 -0.965912
    outer loop
      vertex 82.0761 57.0337 29.0871
      vertex 79.3332 59.0509 29.4166
      vertex 80.3701 59.7115 29.0871
    endloop
  endfacet
  facet normal -0.35641 -0.227065 -0.906319
    outer loop
      vertex 82.0761 57.0337 29.0871
      vertex 80.3701 59.7115 29.0871
      vertex 83.049 57.6536 28.5492
    endloop
  endfacet
  facet normal -0.356394 -0.227042 -0.90633
    outer loop
      vertex 83.049 57.6536 28.5492
      vertex 80.3701 59.7115 29.0871
      vertex 81.3431 60.3314 28.5492
    endloop
  endfacet
  facet normal -0.483777 -0.308191 -0.819132
    outer loop
      vertex 83.049 57.6536 28.5492
      vertex 81.3431 60.3314 28.5492
      vertex 83.9285 58.2138 27.819
    endloop
  endfacet
  facet normal -0.483795 -0.308221 -0.819111
    outer loop
      vertex 83.9285 58.2138 27.819
      vertex 81.3431 60.3314 28.5492
      vertex 82.2225 60.8916 27.819
    endloop
  endfacet
  facet normal -0.596344 -0.379925 -0.707129
    outer loop
      vertex 83.9285 58.2138 27.819
      vertex 82.2225 60.8916 27.819
      vertex 84.6876 58.6974 26.919
    endloop
  endfacet
  facet normal -0.596326 -0.379891 -0.707162
    outer loop
      vertex 84.6876 58.6974 26.919
      vertex 82.2225 60.8916 27.819
      vertex 82.9817 61.3752 26.919
    endloop
  endfacet
  facet normal -0.690908 -0.440145 -0.573514
    outer loop
      vertex 84.6876 58.6974 26.919
      vertex 82.9817 61.3752 26.919
      vertex 85.3033 59.0897 25.8762
    endloop
  endfacet
  facet normal -0.690908 -0.440145 -0.573514
    outer loop
      vertex 85.3033 59.0897 25.8762
      vertex 82.9817 61.3752 26.919
      vertex 83.5974 61.7675 25.8762
    endloop
  endfacet
  facet normal -0.764345 -0.486928 -0.422703
    outer loop
      vertex 85.3033 59.0897 25.8762
      vertex 83.5974 61.7675 25.8762
      vertex 85.7571 59.3788 24.7226
    endloop
  endfacet
  facet normal -0.764359 -0.486984 -0.422614
    outer loop
      vertex 85.7571 59.3788 24.7226
      vertex 83.5974 61.7675 25.8762
      vertex 84.0511 62.0565 24.7226
    endloop
  endfacet
  facet normal -0.814645 -0.519022 -0.258784
    outer loop
      vertex 85.7571 59.3788 24.7226
      vertex 84.0511 62.0565 24.7226
      vertex 86.0349 59.5558 23.4931
    endloop
  endfacet
  facet normal -0.814645 -0.518972 -0.258886
    outer loop
      vertex 86.0349 59.5558 23.4931
      vertex 84.0511 62.0565 24.7226
      vertex 84.329 62.2336 23.4931
    endloop
  endfacet
  facet normal -0.840188 -0.535244 -0.0871714
    outer loop
      vertex 86.0349 59.5558 23.4931
      vertex 84.329 62.2336 23.4931
      vertex 86.1285 59.6154 22.225
    endloop
  endfacet
  facet normal -0.840188 -0.535244 -0.0871714
    outer loop
      vertex 86.1285 59.6154 22.225
      vertex 84.329 62.2336 23.4931
      vertex 84.4226 62.2932 22.225
    endloop
  endfacet
  facet normal -0.537312 0.843383 1.02119e-05
    outer loop
      vertex 91.3848 66.7286 36.195
      vertex 91.3644 66.7156 36.4707
      vertex 94.5981 68.7757 41.5925
    endloop
  endfacet
  facet normal -0.537355 0.843356 4.84361e-05
    outer loop
      vertex 94.5981 68.7757 41.5925
      vertex 91.3644 66.7156 36.4707
      vertex 91.304 66.6771 36.738
    endloop
  endfacet
  facet normal -0.537269 0.843411 -3.39222e-05
    outer loop
      vertex 91.304 66.6771 36.738
      vertex 91.2054 66.6143 36.9888
      vertex 94.5981 68.7757 41.5925
    endloop
  endfacet
  facet normal -0.537293 0.843395 -8.61526e-06
    outer loop
      vertex 94.5981 68.7757 41.5925
      vertex 91.2054 66.6143 36.9888
      vertex 91.0715 66.529 37.2154
    endloop
  endfacet
  facet normal -0.537269 0.843411 -3.57339e-05
    outer loop
      vertex 94.5981 68.7757 41.5925
      vertex 91.0715 66.529 37.2154
      vertex 90.9065 66.4239 37.4111
    endloop
  endfacet
  facet normal -0.537293 0.843395 3.10273e-05
    outer loop
      vertex 89.3764 65.4491 37.5698
      vertex 89.1852 65.3273 37.4111
      vertex 69.9626 53.0812 41.5925
    endloop
  endfacet
  facet normal -0.537017 0.843572 -0.000129819
    outer loop
      vertex 89.0202 65.2222 35.1746
      vertex 84.0511 62.0565 19.7274
      vertex 84.329 62.2336 20.9569
    endloop
  endfacet
  facet normal -0.537454 0.843293 -3.81179e-05
    outer loop
      vertex 90.5038 66.1673 34.7032
      vertex 90.7153 66.3021 34.8202
      vertex 94.5981 68.7757 12.3825
    endloop
  endfacet
  facet normal -0.537278 0.843405 4.68951e-06
    outer loop
      vertex 94.5981 68.7757 12.3825
      vertex 90.7153 66.3021 34.8202
      vertex 90.9065 66.4239 34.9789
    endloop
  endfacet
  facet normal -0.537249 0.843424 1.13395e-05
    outer loop
      vertex 94.5981 68.7757 12.3825
      vertex 90.9065 66.4239 34.9789
      vertex 91.0715 66.529 35.1746
    endloop
  endfacet
  facet normal -0.537287 0.8434 3.09897e-06
    outer loop
      vertex 91.0715 66.529 35.1746
      vertex 91.2054 66.6143 35.4012
      vertex 94.5981 68.7757 12.3825
    endloop
  endfacet
  facet normal -0.537233 0.843434 1.41846e-05
    outer loop
      vertex 94.5981 68.7757 12.3825
      vertex 91.2054 66.6143 35.4012
      vertex 91.304 66.6771 35.652
    endloop
  endfacet
  facet normal -0.537304 0.843388 0
    outer loop
      vertex 94.5981 68.7757 12.3825
      vertex 91.304 66.6771 35.652
      vertex 94.5981 68.7757 41.5925
    endloop
  endfacet
  facet normal -0.537165 0.843477 -0.000108986
    outer loop
      vertex 94.5981 68.7757 41.5925
      vertex 91.304 66.6771 35.652
      vertex 91.3644 66.7156 35.9193
    endloop
  endfacet
  facet normal -0.537284 0.843401 -1.31109e-05
    outer loop
      vertex 94.5981 68.7757 41.5925
      vertex 91.3644 66.7156 35.9193
      vertex 91.3848 66.7286 36.195
    endloop
  endfacet
  facet normal -0.537289 0.843398 5.89648e-05
    outer loop
      vertex 89.1852 65.3273 37.4111
      vertex 89.0202 65.2222 37.2154
      vertex 69.9626 53.0812 41.5925
    endloop
  endfacet
  facet normal -0.537331 0.843371 -0.000197335
    outer loop
      vertex 69.9626 53.0812 41.5925
      vertex 89.0202 65.2222 37.2154
      vertex 88.8864 65.1369 36.9888
    endloop
  endfacet
  facet normal -0.537255 0.84342 0.000240507
    outer loop
      vertex 69.9626 53.0812 41.5925
      vertex 88.8864 65.1369 36.9888
      vertex 88.7877 65.0741 36.738
    endloop
  endfacet
  facet normal -0.537313 0.843383 1.08585e-05
    outer loop
      vertex 72.1984 54.5055 20.9569
      vertex 72.4762 54.6825 19.7274
      vertex 69.9626 53.0812 12.3825
    endloop
  endfacet
  facet normal -0.537293 0.843395 1.59937e-06
    outer loop
      vertex 69.9626 53.0812 12.3825
      vertex 72.4762 54.6825 19.7274
      vertex 72.93 54.9716 18.5737
    endloop
  endfacet
  facet normal -0.537326 0.843375 2.34156e-05
    outer loop
      vertex 69.9626 53.0812 12.3825
      vertex 72.93 54.9716 18.5737
      vertex 73.5457 55.3639 17.531
    endloop
  endfacet
  facet normal -0.537285 0.843401 -1.66082e-05
    outer loop
      vertex 90.9065 66.4239 37.4111
      vertex 90.7153 66.3021 37.5698
      vertex 94.5981 68.7757 41.5925
    endloop
  endfacet
  facet normal -0.537409 0.843322 0.000151878
    outer loop
      vertex 94.5981 68.7757 41.5925
      vertex 90.7153 66.3021 37.5698
      vertex 90.5038 66.1673 37.6868
    endloop
  endfacet
  facet normal -0.53731 0.843385 5.83579e-06
    outer loop
      vertex 94.5981 68.7757 41.5925
      vertex 90.5038 66.1673 37.6868
      vertex 90.2784 66.0237 37.7584
    endloop
  endfacet
  facet normal -0.537257 0.843419 -7.8307e-05
    outer loop
      vertex 90.2784 66.0237 37.7584
      vertex 90.0459 65.8756 37.7825
      vertex 94.5981 68.7757 41.5925
    endloop
  endfacet
  facet normal -0.537244 0.843427 -0.000100446
    outer loop
      vertex 94.5981 68.7757 41.5925
      vertex 90.0459 65.8756 37.7825
      vertex 89.8134 65.7275 37.7584
    endloop
  endfacet
  facet normal -0.537299 0.843392 -4.08012e-06
    outer loop
      vertex 94.5981 68.7757 41.5925
      vertex 89.8134 65.7275 37.7584
      vertex 69.9626 53.0812 41.5925
    endloop
  endfacet
  facet normal -0.537239 0.84343 0.000430134
    outer loop
      vertex 69.9626 53.0812 41.5925
      vertex 89.8134 65.7275 37.7584
      vertex 89.5879 65.5839 37.6868
    endloop
  endfacet
  facet normal -0.537344 0.843363 -0.000315872
    outer loop
      vertex 69.9626 53.0812 41.5925
      vertex 89.5879 65.5839 37.6868
      vertex 89.3764 65.4491 37.5698
    endloop
  endfacet
  facet normal -0.537351 0.843359 2.50992e-05
    outer loop
      vertex 84.329 62.2336 20.9569
      vertex 84.4226 62.2932 22.225
      vertex 89.0202 65.2222 35.1746
    endloop
  endfacet
  facet normal -0.537267 0.843412 -1.64603e-05
    outer loop
      vertex 89.0202 65.2222 35.1746
      vertex 84.4226 62.2932 22.225
      vertex 84.329 62.2336 23.4931
    endloop
  endfacet
  facet normal -0.537343 0.843364 2.61576e-05
    outer loop
      vertex 89.0202 65.2222 35.1746
      vertex 84.329 62.2336 23.4931
      vertex 84.0511 62.0565 24.7226
    endloop
  endfacet
  facet normal -0.537245 0.843426 -1.40966e-05
    outer loop
      vertex 72.1984 54.5055 20.9569
      vertex 69.9626 53.0812 12.3825
      vertex 72.1048 54.4459 22.225
    endloop
  endfacet
  facet normal -0.537291 0.843397 0
    outer loop
      vertex 72.1048 54.4459 22.225
      vertex 69.9626 53.0812 12.3825
      vertex 69.9626 53.0812 41.5925
    endloop
  endfacet
  facet normal -0.537218 0.843444 1.13221e-05
    outer loop
      vertex 72.1048 54.4459 22.225
      vertex 69.9626 53.0812 41.5925
      vertex 72.1984 54.5055 23.4931
    endloop
  endfacet
  facet normal -0.537257 0.843419 -2.10996e-05
    outer loop
      vertex 89.0202 65.2222 35.1746
      vertex 89.1852 65.3273 34.9789
      vertex 84.0511 62.0565 19.7274
    endloop
  endfacet
  facet normal -0.537281 0.843403 -9.85173e-06
    outer loop
      vertex 84.0511 62.0565 19.7274
      vertex 89.1852 65.3273 34.9789
      vertex 89.3764 65.4491 34.8202
    endloop
  endfacet
  facet normal -0.537441 0.843301 6.97463e-05
    outer loop
      vertex 84.0511 62.0565 19.7274
      vertex 89.3764 65.4491 34.8202
      vertex 89.5879 65.5839 34.7032
    endloop
  endfacet
  facet normal -0.537301 0.843391 -1.23085e-06
    outer loop
      vertex 73.5457 55.3639 17.531
      vertex 74.3048 55.8475 16.631
      vertex 69.9626 53.0812 12.3825
    endloop
  endfacet
  facet normal -0.537262 0.843415 -5.62224e-05
    outer loop
      vertex 69.9626 53.0812 12.3825
      vertex 74.3048 55.8475 16.631
      vertex 75.1843 56.4077 15.9009
    endloop
  endfacet
  facet normal -0.537327 0.843374 7.84844e-05
    outer loop
      vertex 69.9626 53.0812 12.3825
      vertex 75.1843 56.4077 15.9009
      vertex 76.1572 57.0276 15.3629
    endloop
  endfacet
  facet normal -0.537285 0.843401 -4.33945e-05
    outer loop
      vertex 76.1572 57.0276 15.3629
      vertex 77.1942 57.6882 15.0334
      vertex 69.9626 53.0812 12.3825
    endloop
  endfacet
  facet normal -0.537279 0.843405 -6.89681e-05
    outer loop
      vertex 69.9626 53.0812 12.3825
      vertex 77.1942 57.6882 15.0334
      vertex 78.2637 58.3695 14.9225
    endloop
  endfacet
  facet normal -0.537299 0.843392 2.29036e-05
    outer loop
      vertex 69.9626 53.0812 12.3825
      vertex 78.2637 58.3695 14.9225
      vertex 94.5981 68.7757 12.3825
    endloop
  endfacet
  facet normal -0.537318 0.84338 -0.000154456
    outer loop
      vertex 78.2637 58.3695 14.9225
      vertex 79.3332 59.0509 15.0334
      vertex 94.5981 68.7757 12.3825
    endloop
  endfacet
  facet normal -0.537304 0.843389 -3.77126e-05
    outer loop
      vertex 94.5981 68.7757 12.3825
      vertex 79.3332 59.0509 15.0334
      vertex 80.3701 59.7115 15.3629
    endloop
  endfacet
  facet normal -0.537304 0.843389 -3.76044e-05
    outer loop
      vertex 94.5981 68.7757 12.3825
      vertex 80.3701 59.7115 15.3629
      vertex 81.3431 60.3314 15.9009
    endloop
  endfacet
  facet normal -0.537289 0.843398 2.2746e-05
    outer loop
      vertex 94.5981 68.7757 12.3825
      vertex 83.5974 61.7675 18.5737
      vertex 84.0511 62.0565 19.7274
    endloop
  endfacet
  facet normal -0.537218 0.843444 -9.10215e-05
    outer loop
      vertex 88.7273 65.0356 35.9193
      vertex 82.2225 60.8916 27.819
      vertex 88.707 65.0227 36.195
    endloop
  endfacet
  facet normal -0.537284 0.843402 -1.89885e-05
    outer loop
      vertex 88.707 65.0227 36.195
      vertex 82.2225 60.8916 27.819
      vertex 81.3431 60.3314 28.5492
    endloop
  endfacet
  facet normal -0.537311 0.843384 1.82512e-05
    outer loop
      vertex 88.707 65.0227 36.195
      vertex 81.3431 60.3314 28.5492
      vertex 80.3701 59.7115 29.0871
    endloop
  endfacet
  facet normal -0.537339 0.843367 -1.26621e-05
    outer loop
      vertex 73.5457 55.3639 26.919
      vertex 72.93 54.9716 25.8762
      vertex 69.9626 53.0812 41.5925
    endloop
  endfacet
  facet normal -0.537295 0.843395 -9.44452e-07
    outer loop
      vertex 69.9626 53.0812 41.5925
      vertex 72.93 54.9716 25.8762
      vertex 72.4762 54.6825 24.7226
    endloop
  endfacet
  facet normal -0.537324 0.843376 -7.16393e-06
    outer loop
      vertex 69.9626 53.0812 41.5925
      vertex 72.4762 54.6825 24.7226
      vertex 72.1984 54.5055 23.4931
    endloop
  endfacet
  facet normal -0.537291 0.843397 3.0801e-05
    outer loop
      vertex 81.3431 60.3314 15.9009
      vertex 82.2225 60.8916 16.631
      vertex 94.5981 68.7757 12.3825
    endloop
  endfacet
  facet normal -0.537287 0.843399 4.51285e-05
    outer loop
      vertex 94.5981 68.7757 12.3825
      vertex 82.2225 60.8916 16.631
      vertex 82.9817 61.3752 17.531
    endloop
  endfacet
  facet normal -0.537312 0.843383 -3.45397e-05
    outer loop
      vertex 94.5981 68.7757 12.3825
      vertex 82.9817 61.3752 17.531
      vertex 83.5974 61.7675 18.5737
    endloop
  endfacet
  facet normal -0.537159 0.843481 -7.69431e-05
    outer loop
      vertex 89.5879 65.5839 34.7032
      vertex 89.8134 65.7275 34.6316
      vertex 84.0511 62.0565 19.7274
    endloop
  endfacet
  facet normal -0.537253 0.843421 -2.59455e-05
    outer loop
      vertex 84.0511 62.0565 19.7274
      vertex 89.8134 65.7275 34.6316
      vertex 90.0459 65.8756 34.6075
    endloop
  endfacet
  facet normal -0.5373 0.843391 8.91603e-07
    outer loop
      vertex 84.0511 62.0565 19.7274
      vertex 90.0459 65.8756 34.6075
      vertex 94.5981 68.7757 12.3825
    endloop
  endfacet
  facet normal -0.537252 0.843422 1.4773e-05
    outer loop
      vertex 94.5981 68.7757 12.3825
      vertex 90.0459 65.8756 34.6075
      vertex 90.2784 66.0237 34.6316
    endloop
  endfacet
  facet normal -0.537311 0.843384 -1.28625e-06
    outer loop
      vertex 94.5981 68.7757 12.3825
      vertex 90.2784 66.0237 34.6316
      vertex 90.5038 66.1673 34.7032
    endloop
  endfacet
  facet normal -0.537309 0.843385 1.44099e-05
    outer loop
      vertex 80.3701 59.7115 29.0871
      vertex 79.3332 59.0509 29.4166
      vertex 88.707 65.0227 36.195
    endloop
  endfacet
  facet normal -0.5373 0.843391 -2.73082e-06
    outer loop
      vertex 88.707 65.0227 36.195
      vertex 79.3332 59.0509 29.4166
      vertex 69.9626 53.0812 41.5925
    endloop
  endfacet
  facet normal -0.53728 0.843404 9.74372e-05
    outer loop
      vertex 88.707 65.0227 36.195
      vertex 69.9626 53.0812 41.5925
      vertex 88.7273 65.0356 36.4707
    endloop
  endfacet
  facet normal -0.537311 0.843384 -6.25891e-05
    outer loop
      vertex 88.7273 65.0356 36.4707
      vertex 69.9626 53.0812 41.5925
      vertex 88.7877 65.0741 36.738
    endloop
  endfacet
  facet normal -0.537332 0.843371 -3.74913e-05
    outer loop
      vertex 79.3332 59.0509 29.4166
      vertex 78.2637 58.3695 29.5275
      vertex 69.9626 53.0812 41.5925
    endloop
  endfacet
  facet normal -0.537275 0.843407 1.81456e-05
    outer loop
      vertex 69.9626 53.0812 41.5925
      vertex 78.2637 58.3695 29.5275
      vertex 77.1942 57.6882 29.4166
    endloop
  endfacet
  facet normal -0.537279 0.843405 1.48371e-05
    outer loop
      vertex 69.9626 53.0812 41.5925
      vertex 77.1942 57.6882 29.4166
      vertex 76.1572 57.0276 29.0871
    endloop
  endfacet
  facet normal -0.537344 0.843363 5.19344e-05
    outer loop
      vertex 88.7273 65.0356 35.9193
      vertex 88.7877 65.0741 35.652
      vertex 82.2225 60.8916 27.819
    endloop
  endfacet
  facet normal -0.537147 0.843489 -0.000180639
    outer loop
      vertex 82.2225 60.8916 27.819
      vertex 88.7877 65.0741 35.652
      vertex 88.8864 65.1369 35.4012
    endloop
  endfacet
  facet normal -0.537272 0.843409 -2.65295e-05
    outer loop
      vertex 82.2225 60.8916 27.819
      vertex 88.8864 65.1369 35.4012
      vertex 82.9817 61.3752 26.919
    endloop
  endfacet
  facet normal -0.537423 0.843313 0.000121215
    outer loop
      vertex 82.9817 61.3752 26.919
      vertex 88.8864 65.1369 35.4012
      vertex 89.0202 65.2222 35.1746
    endloop
  endfacet
  facet normal -0.537327 0.843374 2.26519e-05
    outer loop
      vertex 82.9817 61.3752 26.919
      vertex 89.0202 65.2222 35.1746
      vertex 83.5974 61.7675 25.8762
    endloop
  endfacet
  facet normal -0.537279 0.843405 -1.67635e-05
    outer loop
      vertex 83.5974 61.7675 25.8762
      vertex 89.0202 65.2222 35.1746
      vertex 84.0511 62.0565 24.7226
    endloop
  endfacet
  facet normal -0.537345 0.843362 -3.15599e-05
    outer loop
      vertex 76.1572 57.0276 29.0871
      vertex 75.1843 56.4077 28.5492
      vertex 69.9626 53.0812 41.5925
    endloop
  endfacet
  facet normal -0.537244 0.843427 2.54063e-05
    outer loop
      vertex 69.9626 53.0812 41.5925
      vertex 75.1843 56.4077 28.5492
      vertex 74.3048 55.8475 27.819
    endloop
  endfacet
  facet normal -0.5373 0.843391 6.11253e-07
    outer loop
      vertex 69.9626 53.0812 41.5925
      vertex 74.3048 55.8475 27.819
      vertex 73.5457 55.3639 26.919
    endloop
  endfacet
  facet normal -0.53731 0.843385 -5.83534e-06
    outer loop
      vertex 90.2784 66.0237 6.69162
      vertex 90.5038 66.1673 6.76324
      vertex 94.5981 68.7757 2.8575
    endloop
  endfacet
  facet normal -0.537275 0.843407 -4.19616e-05
    outer loop
      vertex 94.5981 68.7757 12.3825
      vertex 91.0715 66.529 9.27542
      vertex 90.9065 66.4239 9.4711
    endloop
  endfacet
  facet normal -0.537257 0.843419 7.82998e-05
    outer loop
      vertex 90.2784 66.0237 6.69162
      vertex 94.5981 68.7757 2.8575
      vertex 90.0459 65.8756 6.6675
    endloop
  endfacet
  facet normal -0.537345 0.843363 5.18248e-05
    outer loop
      vertex 91.3644 66.7156 8.53067
      vertex 91.304 66.6771 8.79796
      vertex 94.5981 68.7757 12.3825
    endloop
  endfacet
  facet normal -0.537275 0.843407 -3.75241e-05
    outer loop
      vertex 94.5981 68.7757 12.3825
      vertex 91.304 66.6771 8.79796
      vertex 91.2054 66.6143 9.04875
    endloop
  endfacet
  facet normal -0.537295 0.843394 -9.81892e-06
    outer loop
      vertex 94.5981 68.7757 12.3825
      vertex 91.2054 66.6143 9.04875
      vertex 91.0715 66.529 9.27542
    endloop
  endfacet
  facet normal -0.537295 0.843395 3.31123e-05
    outer loop
      vertex 89.3764 65.4491 9.62982
      vertex 89.1852 65.3273 9.4711
      vertex 69.9626 53.0812 12.3825
    endloop
  endfacet
  facet normal -0.537291 0.843397 6.18829e-05
    outer loop
      vertex 89.1852 65.3273 9.4711
      vertex 89.0202 65.2222 9.27542
      vertex 69.9626 53.0812 12.3825
    endloop
  endfacet
  facet normal -0.537322 0.843377 -0.000204362
    outer loop
      vertex 69.9626 53.0812 12.3825
      vertex 89.0202 65.2222 9.27542
      vertex 88.8864 65.1369 9.04875
    endloop
  endfacet
  facet normal -0.537266 0.843413 0.000246454
    outer loop
      vertex 69.9626 53.0812 12.3825
      vertex 88.8864 65.1369 9.04875
      vertex 88.7877 65.0741 8.79796
    endloop
  endfacet
  facet normal -0.537255 0.84342 -0.000240515
    outer loop
      vertex 88.7877 65.0741 7.71204
      vertex 88.8864 65.1369 7.46125
      vertex 69.9626 53.0812 2.8575
    endloop
  endfacet
  facet normal -0.537331 0.843372 0.000197274
    outer loop
      vertex 69.9626 53.0812 2.8575
      vertex 88.8864 65.1369 7.46125
      vertex 89.0202 65.2222 7.23457
    endloop
  endfacet
  facet normal -0.537289 0.843398 -5.8975e-05
    outer loop
      vertex 69.9626 53.0812 2.8575
      vertex 89.0202 65.2222 7.23457
      vertex 89.1852 65.3273 7.03891
    endloop
  endfacet
  facet normal -0.537293 0.843395 8.61353e-06
    outer loop
      vertex 94.5981 68.7757 2.8575
      vertex 91.0715 66.529 7.23457
      vertex 91.2054 66.6143 7.46125
    endloop
  endfacet
  facet normal -0.537287 0.8434 -2.01366e-05
    outer loop
      vertex 90.9065 66.4239 9.4711
      vertex 90.7153 66.3021 9.62982
      vertex 94.5981 68.7757 12.3825
    endloop
  endfacet
  facet normal -0.537394 0.843332 0.000191283
    outer loop
      vertex 94.5981 68.7757 12.3825
      vertex 90.7153 66.3021 9.62982
      vertex 90.5038 66.1673 9.74676
    endloop
  endfacet
  facet normal -0.537309 0.843385 7.71786e-06
    outer loop
      vertex 94.5981 68.7757 12.3825
      vertex 90.5038 66.1673 9.74676
      vertex 90.2784 66.0237 9.81838
    endloop
  endfacet
  facet normal -0.537259 0.843417 -0.000111312
    outer loop
      vertex 90.2784 66.0237 9.81838
      vertex 90.0459 65.8756 9.8425
      vertex 94.5981 68.7757 12.3825
    endloop
  endfacet
  facet normal -0.537239 0.84343 -0.000162159
    outer loop
      vertex 94.5981 68.7757 12.3825
      vertex 90.0459 65.8756 9.8425
      vertex 89.8134 65.7275 9.81838
    endloop
  endfacet
  facet normal -0.537299 0.843392 -6.10096e-06
    outer loop
      vertex 94.5981 68.7757 12.3825
      vertex 89.8134 65.7275 9.81838
      vertex 69.9626 53.0812 12.3825
    endloop
  endfacet
  facet normal -0.537253 0.843421 0.000491636
    outer loop
      vertex 69.9626 53.0812 12.3825
      vertex 89.8134 65.7275 9.81838
      vertex 89.5879 65.5839 9.74676
    endloop
  endfacet
  facet normal -0.537333 0.84337 -0.000345749
    outer loop
      vertex 69.9626 53.0812 12.3825
      vertex 89.5879 65.5839 9.74676
      vertex 89.3764 65.4491 9.62982
    endloop
  endfacet
  facet normal -0.537293 0.843395 -3.10226e-05
    outer loop
      vertex 89.1852 65.3273 7.03891
      vertex 89.3764 65.4491 6.88018
      vertex 69.9626 53.0812 2.8575
    endloop
  endfacet
  facet normal -0.537344 0.843363 0.00031599
    outer loop
      vertex 69.9626 53.0812 2.8575
      vertex 89.3764 65.4491 6.88018
      vertex 89.5879 65.5839 6.76324
    endloop
  endfacet
  facet normal -0.537299 0.843392 -8.72143e-06
    outer loop
      vertex 69.9626 53.0812 2.8575
      vertex 89.5879 65.5839 6.76324
      vertex 94.5981 68.7757 2.8575
    endloop
  endfacet
  facet normal -0.537037 0.843558 0.000462547
    outer loop
      vertex 94.5981 68.7757 2.8575
      vertex 89.5879 65.5839 6.76324
      vertex 89.8134 65.7275 6.69162
    endloop
  endfacet
  facet normal -0.537244 0.843427 0.000100458
    outer loop
      vertex 94.5981 68.7757 2.8575
      vertex 89.8134 65.7275 6.69162
      vertex 90.0459 65.8756 6.6675
    endloop
  endfacet
  facet normal -0.537409 0.843322 -0.000151906
    outer loop
      vertex 90.5038 66.1673 6.76324
      vertex 90.7153 66.3021 6.88018
      vertex 94.5981 68.7757 2.8575
    endloop
  endfacet
  facet normal -0.537285 0.843401 1.66068e-05
    outer loop
      vertex 94.5981 68.7757 2.8575
      vertex 90.7153 66.3021 6.88018
      vertex 90.9065 66.4239 7.03891
    endloop
  endfacet
  facet normal -0.537269 0.843411 3.57376e-05
    outer loop
      vertex 94.5981 68.7757 2.8575
      vertex 90.9065 66.4239 7.03891
      vertex 91.0715 66.529 7.23457
    endloop
  endfacet
  facet normal -0.537269 0.843411 3.3923e-05
    outer loop
      vertex 91.2054 66.6143 7.46125
      vertex 91.304 66.6771 7.71204
      vertex 94.5981 68.7757 2.8575
    endloop
  endfacet
  facet normal -0.537355 0.843356 -4.84373e-05
    outer loop
      vertex 94.5981 68.7757 2.8575
      vertex 91.304 66.6771 7.71204
      vertex 91.3644 66.7156 7.97933
    endloop
  endfacet
  facet normal -0.537301 0.843391 0
    outer loop
      vertex 94.5981 68.7757 2.8575
      vertex 91.3644 66.7156 7.97933
      vertex 94.5981 68.7757 12.3825
    endloop
  endfacet
  facet normal -0.537288 0.843399 -1.26887e-05
    outer loop
      vertex 94.5981 68.7757 12.3825
      vertex 91.3644 66.7156 7.97933
      vertex 91.3848 66.7286 8.255
    endloop
  endfacet
  facet normal -0.53731 0.843385 1.04857e-05
    outer loop
      vertex 94.5981 68.7757 12.3825
      vertex 91.3848 66.7286 8.255
      vertex 91.3644 66.7156 8.53067
    endloop
  endfacet
  facet normal -0.537308 0.843386 -6.35063e-05
    outer loop
      vertex 88.7877 65.0741 8.79796
      vertex 88.7273 65.0356 8.53067
      vertex 69.9626 53.0812 12.3825
    endloop
  endfacet
  facet normal -0.537284 0.843401 9.79257e-05
    outer loop
      vertex 69.9626 53.0812 12.3825
      vertex 88.7273 65.0356 8.53067
      vertex 88.707 65.0227 8.255
    endloop
  endfacet
  facet normal -0.5373 0.843391 0
    outer loop
      vertex 69.9626 53.0812 12.3825
      vertex 88.707 65.0227 8.255
      vertex 69.9626 53.0812 2.8575
    endloop
  endfacet
  facet normal -0.53728 0.843404 -9.74476e-05
    outer loop
      vertex 69.9626 53.0812 2.8575
      vertex 88.707 65.0227 8.255
      vertex 88.7273 65.0356 7.97933
    endloop
  endfacet
  facet normal -0.537311 0.843384 6.25913e-05
    outer loop
      vertex 69.9626 53.0812 2.8575
      vertex 88.7273 65.0356 7.97933
      vertex 88.7877 65.0741 7.71204
    endloop
  endfacet
  facet normal -0.536871 0.843664 -0.00024988
    outer loop
      vertex 67.8204 51.7164 36.195
      vertex 67.8 51.7035 36.4707
      vertex 69.9626 53.0812 41.5925
    endloop
  endfacet
  facet normal -0.537971 0.842963 0.0003641
    outer loop
      vertex 67.8204 51.7164 36.195
      vertex 69.9626 53.0812 41.5925
      vertex 67.8 51.7035 35.9193
    endloop
  endfacet
  facet normal -0.537292 0.843396 0
    outer loop
      vertex 67.8 51.7035 35.9193
      vertex 69.9626 53.0812 41.5925
      vertex 69.9626 53.0812 12.3825
    endloop
  endfacet
  facet normal -0.537445 0.843299 -1.98291e-05
    outer loop
      vertex 67.8 51.7035 35.9193
      vertex 69.9626 53.0812 12.3825
      vertex 67.7396 51.665 35.652
    endloop
  endfacet
  facet normal -0.537367 0.843348 4.46849e-05
    outer loop
      vertex 67.8 51.7035 36.4707
      vertex 67.7396 51.665 36.738
      vertex 69.9626 53.0812 41.5925
    endloop
  endfacet
  facet normal -0.537537 0.84324 0.000154117
    outer loop
      vertex 69.9626 53.0812 41.5925
      vertex 67.7396 51.665 36.738
      vertex 67.641 51.6021 36.9888
    endloop
  endfacet
  facet normal -0.537212 0.843447 -7.62614e-05
    outer loop
      vertex 69.9626 53.0812 41.5925
      vertex 67.641 51.6021 36.9888
      vertex 67.5072 51.5169 37.2154
    endloop
  endfacet
  facet normal -0.537481 0.843276 -0.000185347
    outer loop
      vertex 65.322 50.1248 36.9888
      vertex 65.2234 50.0619 36.738
      vertex 61.9293 47.9634 41.5925
    endloop
  endfacet
  facet normal -0.537093 0.843523 0.000183951
    outer loop
      vertex 61.9293 47.9634 41.5925
      vertex 65.2234 50.0619 36.738
      vertex 65.163 50.0235 36.4707
    endloop
  endfacet
  facet normal -0.537311 0.843384 -1.7872e-06
    outer loop
      vertex 66.714 51.0116 34.6316
      vertex 66.9394 51.1552 34.7032
      vertex 69.9626 53.0812 12.3825
    endloop
  endfacet
  facet normal -0.537025 0.843566 5.26002e-05
    outer loop
      vertex 69.9626 53.0812 12.3825
      vertex 66.9394 51.1552 34.7032
      vertex 67.151 51.2899 34.8202
    endloop
  endfacet
  facet normal -0.537461 0.843289 -2.41281e-05
    outer loop
      vertex 69.9626 53.0812 12.3825
      vertex 67.151 51.2899 34.8202
      vertex 67.3421 51.4117 34.9789
    endloop
  endfacet
  facet normal -0.537364 0.84335 -8.37687e-06
    outer loop
      vertex 67.3421 51.4117 34.9789
      vertex 67.5072 51.5169 35.1746
      vertex 69.9626 53.0812 12.3825
    endloop
  endfacet
  facet normal -0.537149 0.843487 2.41539e-05
    outer loop
      vertex 69.9626 53.0812 12.3825
      vertex 67.5072 51.5169 35.1746
      vertex 67.641 51.6021 35.4012
    endloop
  endfacet
  facet normal -0.537714 0.843127 -5.59877e-05
    outer loop
      vertex 69.9626 53.0812 12.3825
      vertex 67.641 51.6021 35.4012
      vertex 67.7396 51.665 35.652
    endloop
  endfacet
  facet normal -0.537346 0.843362 2.95448e-05
    outer loop
      vertex 67.5072 51.5169 37.2154
      vertex 67.3421 51.4117 37.4111
      vertex 69.9626 53.0812 41.5925
    endloop
  endfacet
  facet normal -0.537419 0.843315 9.40187e-05
    outer loop
      vertex 69.9626 53.0812 41.5925
      vertex 67.3421 51.4117 37.4111
      vertex 67.151 51.2899 37.5698
    endloop
  endfacet
  facet normal -0.537093 0.843523 -0.000226262
    outer loop
      vertex 69.9626 53.0812 41.5925
      vertex 67.151 51.2899 37.5698
      vertex 66.9394 51.1552 37.6868
    endloop
  endfacet
  facet normal -0.537312 0.843383 -1.02119e-05
    outer loop
      vertex 65.163 50.0235 36.4707
      vertex 65.1426 50.0105 36.195
      vertex 61.9293 47.9634 41.5925
    endloop
  endfacet
  facet normal -0.537284 0.843401 1.31109e-05
    outer loop
      vertex 61.9293 47.9634 41.5925
      vertex 65.1426 50.0105 36.195
      vertex 65.163 50.0235 35.9193
    endloop
  endfacet
  facet normal -0.537301 0.843391 0
    outer loop
      vertex 61.9293 47.9634 41.5925
      vertex 65.163 50.0235 35.9193
      vertex 61.9293 47.9634 12.3825
    endloop
  endfacet
  facet normal -0.536812 0.843702 -9.44685e-05
    outer loop
      vertex 61.9293 47.9634 12.3825
      vertex 65.163 50.0235 35.9193
      vertex 65.2234 50.0619 35.652
    endloop
  endfacet
  facet normal -0.537676 0.843152 7.74892e-05
    outer loop
      vertex 61.9293 47.9634 12.3825
      vertex 65.2234 50.0619 35.652
      vertex 65.322 50.1248 35.4012
    endloop
  endfacet
  facet normal -0.537287 0.8434 -3.09897e-06
    outer loop
      vertex 65.322 50.1248 35.4012
      vertex 65.4559 50.2101 35.1746
      vertex 61.9293 47.9634 12.3825
    endloop
  endfacet
  facet normal -0.537249 0.843424 -1.13395e-05
    outer loop
      vertex 61.9293 47.9634 12.3825
      vertex 65.4559 50.2101 35.1746
      vertex 65.6209 50.3152 34.9789
    endloop
  endfacet
  facet normal -0.537278 0.843405 -4.68951e-06
    outer loop
      vertex 61.9293 47.9634 12.3825
      vertex 65.6209 50.3152 34.9789
      vertex 65.8121 50.437 34.8202
    endloop
  endfacet
  facet normal -0.537224 0.84344 9.90344e-05
    outer loop
      vertex 61.9293 47.9634 41.5925
      vertex 66.0236 50.5717 37.6868
      vertex 65.8121 50.437 37.5698
    endloop
  endfacet
  facet normal -0.537285 0.843401 1.66082e-05
    outer loop
      vertex 65.8121 50.437 37.5698
      vertex 65.6209 50.3152 37.4111
      vertex 61.9293 47.9634 41.5925
    endloop
  endfacet
  facet normal -0.537269 0.843411 3.57339e-05
    outer loop
      vertex 61.9293 47.9634 41.5925
      vertex 65.6209 50.3152 37.4111
      vertex 65.4559 50.2101 37.2154
    endloop
  endfacet
  facet normal -0.537293 0.843395 8.61526e-06
    outer loop
      vertex 61.9293 47.9634 41.5925
      vertex 65.4559 50.2101 37.2154
      vertex 65.322 50.1248 36.9888
    endloop
  endfacet
  facet normal -0.537309 0.843385 8.55069e-06
    outer loop
      vertex 66.9394 51.1552 37.6868
      vertex 66.714 51.0116 37.7584
      vertex 69.9626 53.0812 41.5925
    endloop
  endfacet
  facet normal -0.537255 0.84342 -5.59601e-05
    outer loop
      vertex 69.9626 53.0812 41.5925
      vertex 66.714 51.0116 37.7584
      vertex 66.4815 50.8635 37.7825
    endloop
  endfacet
  facet normal -0.537301 0.84339 3.42158e-06
    outer loop
      vertex 69.9626 53.0812 41.5925
      vertex 66.4815 50.8635 37.7825
      vertex 61.9293 47.9634 41.5925
    endloop
  endfacet
  facet normal -0.537486 0.843272 -0.000307304
    outer loop
      vertex 61.9293 47.9634 41.5925
      vertex 66.4815 50.8635 37.7825
      vertex 66.249 50.7153 37.7584
    endloop
  endfacet
  facet normal -0.537306 0.843387 -2.20352e-05
    outer loop
      vertex 61.9293 47.9634 41.5925
      vertex 66.249 50.7153 37.7584
      vertex 66.0236 50.5717 37.6868
    endloop
  endfacet
  facet normal -0.537195 0.843458 -2.48567e-05
    outer loop
      vertex 65.8121 50.437 34.8202
      vertex 66.0236 50.5717 34.7032
      vertex 61.9293 47.9634 12.3825
    endloop
  endfacet
  facet normal -0.53731 0.843385 4.85669e-06
    outer loop
      vertex 61.9293 47.9634 12.3825
      vertex 66.0236 50.5717 34.7032
      vertex 66.249 50.7153 34.6316
    endloop
  endfacet
  facet normal -0.537301 0.84339 2.465e-06
    outer loop
      vertex 61.9293 47.9634 12.3825
      vertex 66.249 50.7153 34.6316
      vertex 69.9626 53.0812 12.3825
    endloop
  endfacet
  facet normal -0.537512 0.843256 -4.70728e-05
    outer loop
      vertex 69.9626 53.0812 12.3825
      vertex 66.249 50.7153 34.6316
      vertex 66.4815 50.8635 34.6075
    endloop
  endfacet
  facet normal -0.537252 0.843422 1.0334e-05
    outer loop
      vertex 69.9626 53.0812 12.3825
      vertex 66.4815 50.8635 34.6075
      vertex 66.714 51.0116 34.6316
    endloop
  endfacet
  facet normal -0.537477 0.843278 -0.000436829
    outer loop
      vertex 66.249 50.7153 9.81838
      vertex 61.9293 47.9634 12.3825
      vertex 66.4815 50.8635 9.8425
    endloop
  endfacet
  facet normal -0.537301 0.84339 5.13237e-06
    outer loop
      vertex 66.4815 50.8635 9.8425
      vertex 61.9293 47.9634 12.3825
      vertex 69.9626 53.0812 12.3825
    endloop
  endfacet
  facet normal -0.537257 0.843419 -8.04513e-05
    outer loop
      vertex 66.4815 50.8635 9.8425
      vertex 69.9626 53.0812 12.3825
      vertex 66.714 51.0116 9.81838
    endloop
  endfacet
  facet normal -0.537309 0.843386 1.15695e-05
    outer loop
      vertex 66.714 51.0116 9.81838
      vertex 69.9626 53.0812 12.3825
      vertex 66.9394 51.1552 9.74676
    endloop
  endfacet
  facet normal -0.537531 0.843244 -0.000298415
    outer loop
      vertex 66.4815 50.8635 6.6675
      vertex 69.9626 53.0812 2.8575
      vertex 66.249 50.7153 6.69162
    endloop
  endfacet
  facet normal -0.537301 0.84339 1.43042e-05
    outer loop
      vertex 66.249 50.7153 6.69162
      vertex 69.9626 53.0812 2.8575
      vertex 61.9293 47.9634 2.8575
    endloop
  endfacet
  facet normal -0.537306 0.843387 2.20335e-05
    outer loop
      vertex 66.249 50.7153 6.69162
      vertex 61.9293 47.9634 2.8575
      vertex 66.0236 50.5717 6.76324
    endloop
  endfacet
  facet normal -0.537255 0.84342 5.59561e-05
    outer loop
      vertex 66.4815 50.8635 6.6675
      vertex 66.714 51.0116 6.69162
      vertex 69.9626 53.0812 2.8575
    endloop
  endfacet
  facet normal -0.537309 0.843385 -8.55015e-06
    outer loop
      vertex 69.9626 53.0812 2.8575
      vertex 66.714 51.0116 6.69162
      vertex 66.9394 51.1552 6.76324
    endloop
  endfacet
  facet normal -0.537093 0.843523 0.000226295
    outer loop
      vertex 69.9626 53.0812 2.8575
      vertex 66.9394 51.1552 6.76324
      vertex 67.151 51.2899 6.88018
    endloop
  endfacet
  facet normal -0.537305 0.843388 -2.91417e-05
    outer loop
      vertex 66.249 50.7153 9.81838
      vertex 66.0236 50.5717 9.74676
      vertex 61.9293 47.9634 12.3825
    endloop
  endfacet
  facet normal -0.537234 0.843433 0.000124727
    outer loop
      vertex 61.9293 47.9634 12.3825
      vertex 66.0236 50.5717 9.74676
      vertex 65.8121 50.437 9.62982
    endloop
  endfacet
  facet normal -0.537287 0.8434 2.01366e-05
    outer loop
      vertex 61.9293 47.9634 12.3825
      vertex 65.8121 50.437 9.62982
      vertex 65.6209 50.3152 9.4711
    endloop
  endfacet
  facet normal -0.537341 0.843365 3.57822e-05
    outer loop
      vertex 67.5072 51.5169 9.27542
      vertex 67.3421 51.4117 9.4711
      vertex 69.9626 53.0812 12.3825
    endloop
  endfacet
  facet normal -0.537406 0.843324 0.000117483
    outer loop
      vertex 69.9626 53.0812 12.3825
      vertex 67.3421 51.4117 9.4711
      vertex 67.151 51.2899 9.62982
    endloop
  endfacet
  facet normal -0.53712 0.843506 -0.000293025
    outer loop
      vertex 69.9626 53.0812 12.3825
      vertex 67.151 51.2899 9.62982
      vertex 66.9394 51.1552 9.74676
    endloop
  endfacet
  facet normal -0.537275 0.843407 4.19616e-05
    outer loop
      vertex 65.6209 50.3152 9.4711
      vertex 65.4559 50.2101 9.27542
      vertex 61.9293 47.9634 12.3825
    endloop
  endfacet
  facet normal -0.537295 0.843394 9.81892e-06
    outer loop
      vertex 61.9293 47.9634 12.3825
      vertex 65.4559 50.2101 9.27542
      vertex 65.322 50.1248 9.04875
    endloop
  endfacet
  facet normal -0.537445 0.843299 -0.000205033
    outer loop
      vertex 61.9293 47.9634 12.3825
      vertex 65.322 50.1248 9.04875
      vertex 65.2234 50.0619 8.79796
    endloop
  endfacet
  facet normal -0.537134 0.843497 0.000196813
    outer loop
      vertex 65.2234 50.0619 8.79796
      vertex 65.163 50.0235 8.53067
      vertex 61.9293 47.9634 12.3825
    endloop
  endfacet
  facet normal -0.53731 0.843385 -1.04857e-05
    outer loop
      vertex 61.9293 47.9634 12.3825
      vertex 65.163 50.0235 8.53067
      vertex 65.1426 50.0105 8.255
    endloop
  endfacet
  facet normal -0.5373 0.843391 0
    outer loop
      vertex 61.9293 47.9634 12.3825
      vertex 65.1426 50.0105 8.255
      vertex 61.9293 47.9634 2.8575
    endloop
  endfacet
  facet normal -0.537312 0.843383 1.02129e-05
    outer loop
      vertex 61.9293 47.9634 2.8575
      vertex 65.1426 50.0105 8.255
      vertex 65.163 50.0235 7.97933
    endloop
  endfacet
  facet normal -0.537093 0.843523 -0.000183956
    outer loop
      vertex 65.163 50.0235 7.97933
      vertex 65.2234 50.0619 7.71204
      vertex 61.9293 47.9634 2.8575
    endloop
  endfacet
  facet normal -0.537481 0.843276 0.000185351
    outer loop
      vertex 61.9293 47.9634 2.8575
      vertex 65.2234 50.0619 7.71204
      vertex 65.322 50.1248 7.46125
    endloop
  endfacet
  facet normal -0.537293 0.843395 -8.61353e-06
    outer loop
      vertex 61.9293 47.9634 2.8575
      vertex 65.322 50.1248 7.46125
      vertex 65.4559 50.2101 7.23457
    endloop
  endfacet
  facet normal -0.537269 0.843411 -3.57376e-05
    outer loop
      vertex 65.4559 50.2101 7.23457
      vertex 65.6209 50.3152 7.03891
      vertex 61.9293 47.9634 2.8575
    endloop
  endfacet
  facet normal -0.537285 0.843401 -1.66068e-05
    outer loop
      vertex 61.9293 47.9634 2.8575
      vertex 65.6209 50.3152 7.03891
      vertex 65.8121 50.437 6.88018
    endloop
  endfacet
  facet normal -0.537224 0.84344 -9.90524e-05
    outer loop
      vertex 61.9293 47.9634 2.8575
      vertex 65.8121 50.437 6.88018
      vertex 66.0236 50.5717 6.76324
    endloop
  endfacet
  facet normal -0.537419 0.843315 -9.40125e-05
    outer loop
      vertex 67.151 51.2899 6.88018
      vertex 67.3421 51.4117 7.03891
      vertex 69.9626 53.0812 2.8575
    endloop
  endfacet
  facet normal -0.537346 0.843362 -2.95473e-05
    outer loop
      vertex 69.9626 53.0812 2.8575
      vertex 67.3421 51.4117 7.03891
      vertex 67.5072 51.5169 7.23457
    endloop
  endfacet
  facet normal -0.537212 0.843447 7.62486e-05
    outer loop
      vertex 69.9626 53.0812 2.8575
      vertex 67.5072 51.5169 7.23457
      vertex 67.641 51.6021 7.46125
    endloop
  endfacet
  facet normal -0.537354 0.843357 4.89146e-05
    outer loop
      vertex 67.8 51.7035 8.53067
      vertex 67.7396 51.665 8.79796
      vertex 69.9626 53.0812 12.3825
    endloop
  endfacet
  facet normal -0.537499 0.843265 0.00017531
    outer loop
      vertex 69.9626 53.0812 12.3825
      vertex 67.7396 51.665 8.79796
      vertex 67.641 51.6021 9.04875
    endloop
  endfacet
  facet normal -0.537228 0.843437 -8.95752e-05
    outer loop
      vertex 69.9626 53.0812 12.3825
      vertex 67.641 51.6021 9.04875
      vertex 67.5072 51.5169 9.27542
    endloop
  endfacet
  facet normal -0.537537 0.84324 -0.000154119
    outer loop
      vertex 67.641 51.6021 7.46125
      vertex 67.7396 51.665 7.71204
      vertex 69.9626 53.0812 2.8575
    endloop
  endfacet
  facet normal -0.537367 0.843348 -4.46859e-05
    outer loop
      vertex 69.9626 53.0812 2.8575
      vertex 67.7396 51.665 7.71204
      vertex 67.8 51.7035 7.97933
    endloop
  endfacet
  facet normal -0.537292 0.843396 0
    outer loop
      vertex 69.9626 53.0812 2.8575
      vertex 67.8 51.7035 7.97933
      vertex 69.9626 53.0812 12.3825
    endloop
  endfacet
  facet normal -0.537792 0.843077 0.000345563
    outer loop
      vertex 69.9626 53.0812 12.3825
      vertex 67.8 51.7035 7.97933
      vertex 67.8204 51.7164 8.255
    endloop
  endfacet
  facet normal -0.536963 0.843606 -0.00025948
    outer loop
      vertex 69.9626 53.0812 12.3825
      vertex 67.8204 51.7164 8.255
      vertex 67.8 51.7035 8.53067
    endloop
  endfacet
  facet normal 0 0 1
    outer loop
      vertex 94.5981 68.7757 2.8575
      vertex 90.5039 75.2023 2.8575
      vertex 69.9626 53.0812 2.8575
    endloop
  endfacet
  facet normal 0 -0 1
    outer loop
      vertex 69.9626 53.0812 2.8575
      vertex 90.5039 75.2023 2.8575
      vertex 57.8351 54.39 2.8575
    endloop
  endfacet
  facet normal 0 0 1
    outer loop
      vertex 69.9626 53.0812 2.8575
      vertex 57.8351 54.39 2.8575
      vertex 61.9293 47.9634 2.8575
    endloop
  endfacet
  facet normal 0.843391 0.5373 0
    outer loop
      vertex 57.8351 54.39 41.5925
      vertex 61.9293 47.9634 41.5925
      vertex 57.8351 54.39 2.8575
    endloop
  endfacet
  facet normal 0.843391 0.5373 0
    outer loop
      vertex 57.8351 54.39 2.8575
      vertex 61.9293 47.9634 41.5925
      vertex 61.9293 47.9634 12.3825
    endloop
  endfacet
  facet normal 0.843391 0.5373 0
    outer loop
      vertex 57.8351 54.39 2.8575
      vertex 61.9293 47.9634 12.3825
      vertex 61.9293 47.9634 2.8575
    endloop
  endfacet
  facet normal 0 -0 -1
    outer loop
      vertex 90.5039 75.2023 41.5925
      vertex 94.5981 68.7757 41.5925
      vertex 57.8351 54.39 41.5925
    endloop
  endfacet
  facet normal 0 0 -1
    outer loop
      vertex 57.8351 54.39 41.5925
      vertex 94.5981 68.7757 41.5925
      vertex 69.9626 53.0812 41.5925
    endloop
  endfacet
  facet normal 0 0 -1
    outer loop
      vertex 57.8351 54.39 41.5925
      vertex 69.9626 53.0812 41.5925
      vertex 61.9293 47.9634 41.5925
    endloop
  endfacet
  facet normal -0.843391 -0.5373 -0
    outer loop
      vertex 94.5981 68.7757 41.5925
      vertex 90.5039 75.2023 41.5925
      vertex 94.5981 68.7757 12.3825
    endloop
  endfacet
  facet normal -0.843391 -0.5373 0
    outer loop
      vertex 94.5981 68.7757 12.3825
      vertex 90.5039 75.2023 41.5925
      vertex 90.5039 75.2023 2.8575
    endloop
  endfacet
  facet normal -0.843391 -0.5373 -0
    outer loop
      vertex 94.5981 68.7757 12.3825
      vertex 90.5039 75.2023 2.8575
      vertex 94.5981 68.7757 2.8575
    endloop
  endfacet
  facet normal 0 0 -1
    outer loop
      vertex 61.2252 43.7503 0
      vertex 55.4251 52.8547 0
      vertex 64.0369 45.5415 0
    endloop
  endfacet
  facet normal 0 0 -1
    outer loop
      vertex 64.0369 45.5415 0
      vertex 55.4251 52.8547 0
      vertex 71.6685 50.4034 0
    endloop
  endfacet
  facet normal 0 0 -1
    outer loop
      vertex 71.6685 50.4034 0
      vertex 55.4251 52.8547 0
      vertex 88.2707 60.9801 0
    endloop
  endfacet
  facet normal -0 0 -1
    outer loop
      vertex 88.2707 60.9801 0
      vertex 55.4251 52.8547 0
      vertex 92.9138 76.7377 0
    endloop
  endfacet
  facet normal 0 0 -1
    outer loop
      vertex 88.2707 60.9801 0
      vertex 92.9138 76.7377 0
      vertex 98.714 67.6333 0
    endloop
  endfacet
  facet normal -0.840188 -0.535244 0.0871714
    outer loop
      vertex 86.1285 59.6154 22.225
      vertex 84.4226 62.2932 22.225
      vertex 86.0349 59.5558 20.9569
    endloop
  endfacet
  facet normal -0.840188 -0.535244 0.0871714
    outer loop
      vertex 86.0349 59.5558 20.9569
      vertex 84.4226 62.2932 22.225
      vertex 84.329 62.2336 20.9569
    endloop
  endfacet
  facet normal -0.814668 -0.518986 0.258784
    outer loop
      vertex 86.0349 59.5558 20.9569
      vertex 84.329 62.2336 20.9569
      vertex 85.7571 59.3788 19.7274
    endloop
  endfacet
  facet normal -0.814622 -0.519007 0.258886
    outer loop
      vertex 85.7571 59.3788 19.7274
      vertex 84.329 62.2336 20.9569
      vertex 84.0511 62.0565 19.7274
    endloop
  endfacet
  facet normal -0.764335 -0.486969 0.422673
    outer loop
      vertex 85.7571 59.3788 19.7274
      vertex 84.0511 62.0565 19.7274
      vertex 85.3033 59.0897 18.5737
    endloop
  endfacet
  facet normal -0.764392 -0.486958 0.422584
    outer loop
      vertex 85.3033 59.0897 18.5737
      vertex 84.0511 62.0565 19.7274
      vertex 83.5974 61.7675 18.5737
    endloop
  endfacet
  facet normal -0.690886 -0.440131 0.573551
    outer loop
      vertex 85.3033 59.0897 18.5737
      vertex 83.5974 61.7675 18.5737
      vertex 84.6876 58.6974 17.531
    endloop
  endfacet
  facet normal -0.690886 -0.440131 0.573551
    outer loop
      vertex 84.6876 58.6974 17.531
      vertex 83.5974 61.7675 18.5737
      vertex 82.9817 61.3752 17.531
    endloop
  endfacet
  facet normal -0.596354 -0.379909 0.707129
    outer loop
      vertex 84.6876 58.6974 17.531
      vertex 82.9817 61.3752 17.531
      vertex 83.9285 58.2138 16.631
    endloop
  endfacet
  facet normal -0.596316 -0.379907 0.707162
    outer loop
      vertex 83.9285 58.2138 16.631
      vertex 82.9817 61.3752 17.531
      vertex 82.2225 60.8916 16.631
    endloop
  endfacet
  facet normal -0.483724 -0.308176 0.819169
    outer loop
      vertex 83.9285 58.2138 16.631
      vertex 82.2225 60.8916 16.631
      vertex 83.049 57.6536 15.9009
    endloop
  endfacet
  facet normal -0.483759 -0.30818 0.819148
    outer loop
      vertex 83.049 57.6536 15.9009
      vertex 82.2225 60.8916 16.631
      vertex 81.3431 60.3314 15.9009
    endloop
  endfacet
  facet normal -0.35647 -0.22709 0.906289
    outer loop
      vertex 83.049 57.6536 15.9009
      vertex 81.3431 60.3314 15.9009
      vertex 82.0761 57.0337 15.3629
    endloop
  endfacet
  facet normal -0.356443 -0.227086 0.9063
    outer loop
      vertex 82.0761 57.0337 15.3629
      vertex 81.3431 60.3314 15.9009
      vertex 80.3701 59.7115 15.3629
    endloop
  endfacet
  facet normal -0.218313 -0.139085 0.965917
    outer loop
      vertex 82.0761 57.0337 15.3629
      vertex 80.3701 59.7115 15.3629
      vertex 81.0391 56.3731 15.0334
    endloop
  endfacet
  facet normal -0.21833 -0.139088 0.965912
    outer loop
      vertex 81.0391 56.3731 15.0334
      vertex 80.3701 59.7115 15.3629
      vertex 79.3332 59.0509 15.0334
    endloop
  endfacet
  facet normal -0.0734796 -0.0468104 0.996198
    outer loop
      vertex 81.0391 56.3731 15.0334
      vertex 79.3332 59.0509 15.0334
      vertex 79.9696 55.6918 14.9225
    endloop
  endfacet
  facet normal -0.0734757 -0.0468096 0.996198
    outer loop
      vertex 79.9696 55.6918 14.9225
      vertex 79.3332 59.0509 15.0334
      vertex 78.2637 58.3695 14.9225
    endloop
  endfacet
  facet normal 0.0734757 0.0468096 0.996198
    outer loop
      vertex 79.9696 55.6918 14.9225
      vertex 78.2637 58.3695 14.9225
      vertex 78.9001 55.0104 15.0334
    endloop
  endfacet
  facet normal 0.0734796 0.0468104 0.996198
    outer loop
      vertex 78.9001 55.0104 15.0334
      vertex 78.2637 58.3695 14.9225
      vertex 77.1942 57.6882 15.0334
    endloop
  endfacet
  facet normal 0.21833 0.139088 0.965912
    outer loop
      vertex 78.9001 55.0104 15.0334
      vertex 77.1942 57.6882 15.0334
      vertex 77.8632 54.3498 15.3629
    endloop
  endfacet
  facet normal 0.218313 0.139085 0.965917
    outer loop
      vertex 77.8632 54.3498 15.3629
      vertex 77.1942 57.6882 15.0334
      vertex 76.1572 57.0276 15.3629
    endloop
  endfacet
  facet normal 0.356456 0.227095 0.906293
    outer loop
      vertex 77.8632 54.3498 15.3629
      vertex 76.1572 57.0276 15.3629
      vertex 76.8902 53.73 15.9009
    endloop
  endfacet
  facet normal 0.356466 0.227096 0.906289
    outer loop
      vertex 76.8902 53.73 15.9009
      vertex 76.1572 57.0276 15.3629
      vertex 75.1843 56.4077 15.9009
    endloop
  endfacet
  facet normal 0.483737 0.308177 0.819161
    outer loop
      vertex 76.8902 53.73 15.9009
      vertex 75.1843 56.4077 15.9009
      vertex 76.0108 53.1697 16.631
    endloop
  endfacet
  facet normal 0.483724 0.308176 0.819169
    outer loop
      vertex 76.0108 53.1697 16.631
      vertex 75.1843 56.4077 15.9009
      vertex 74.3048 55.8475 16.631
    endloop
  endfacet
  facet normal 0.596316 0.379907 0.707162
    outer loop
      vertex 76.0108 53.1697 16.631
      vertex 74.3048 55.8475 16.631
      vertex 75.2516 52.6861 17.531
    endloop
  endfacet
  facet normal 0.596354 0.379909 0.707129
    outer loop
      vertex 75.2516 52.6861 17.531
      vertex 74.3048 55.8475 16.631
      vertex 73.5457 55.3639 17.531
    endloop
  endfacet
  facet normal 0.690886 0.440131 0.573551
    outer loop
      vertex 75.2516 52.6861 17.531
      vertex 73.5457 55.3639 17.531
      vertex 74.6359 52.2938 18.5737
    endloop
  endfacet
  facet normal 0.690886 0.440131 0.573551
    outer loop
      vertex 74.6359 52.2938 18.5737
      vertex 73.5457 55.3639 17.531
      vertex 72.93 54.9716 18.5737
    endloop
  endfacet
  facet normal 0.764392 0.486958 0.422584
    outer loop
      vertex 74.6359 52.2938 18.5737
      vertex 72.93 54.9716 18.5737
      vertex 74.1822 52.0048 19.7274
    endloop
  endfacet
  facet normal 0.764335 0.486969 0.422673
    outer loop
      vertex 74.1822 52.0048 19.7274
      vertex 72.93 54.9716 18.5737
      vertex 72.4762 54.6825 19.7274
    endloop
  endfacet
  facet normal 0.814622 0.519007 0.258886
    outer loop
      vertex 74.1822 52.0048 19.7274
      vertex 72.4762 54.6825 19.7274
      vertex 73.9043 51.8277 20.9569
    endloop
  endfacet
  facet normal 0.814668 0.518986 0.258784
    outer loop
      vertex 73.9043 51.8277 20.9569
      vertex 72.4762 54.6825 19.7274
      vertex 72.1984 54.5055 20.9569
    endloop
  endfacet
  facet normal 0.840188 0.535244 0.0871714
    outer loop
      vertex 73.9043 51.8277 20.9569
      vertex 72.1984 54.5055 20.9569
      vertex 73.8107 51.7681 22.225
    endloop
  endfacet
  facet normal 0.840188 0.535244 0.0871714
    outer loop
      vertex 73.8107 51.7681 22.225
      vertex 72.1984 54.5055 20.9569
      vertex 72.1048 54.4459 22.225
    endloop
  endfacet
  facet normal -0.84017 -0.535232 0.0874142
    outer loop
      vertex 93.0907 64.0508 8.255
      vertex 91.3848 66.7286 8.255
      vertex 93.0703 64.0378 7.97933
    endloop
  endfacet
  facet normal -0.84017 -0.535232 0.0874142
    outer loop
      vertex 93.0703 64.0378 7.97933
      vertex 91.3848 66.7286 8.255
      vertex 91.3644 66.7156 7.97933
    endloop
  endfacet
  facet normal -0.814696 -0.519004 0.258661
    outer loop
      vertex 93.0703 64.0378 7.97933
      vertex 91.3644 66.7156 7.97933
      vertex 93.0099 63.9994 7.71204
    endloop
  endfacet
  facet normal -0.814646 -0.518992 0.258842
    outer loop
      vertex 93.0099 63.9994 7.71204
      vertex 91.3644 66.7156 7.97933
      vertex 91.304 66.6771 7.71204
    endloop
  endfacet
  facet normal -0.764359 -0.486955 0.422646
    outer loop
      vertex 93.0099 63.9994 7.71204
      vertex 91.304 66.6771 7.71204
      vertex 92.9113 63.9365 7.46125
    endloop
  endfacet
  facet normal -0.76443 -0.486982 0.422486
    outer loop
      vertex 92.9113 63.9365 7.46125
      vertex 91.304 66.6771 7.71204
      vertex 91.2054 66.6143 7.46125
    endloop
  endfacet
  facet normal -0.690893 -0.440135 0.57354
    outer loop
      vertex 92.9113 63.9365 7.46125
      vertex 91.2054 66.6143 7.46125
      vertex 92.7774 63.8513 7.23457
    endloop
  endfacet
  facet normal -0.690808 -0.440098 0.57367
    outer loop
      vertex 92.7774 63.8513 7.23457
      vertex 91.2054 66.6143 7.46125
      vertex 91.0715 66.529 7.23457
    endloop
  endfacet
  facet normal -0.59633 -0.379908 0.707149
    outer loop
      vertex 92.7774 63.8513 7.23457
      vertex 91.0715 66.529 7.23457
      vertex 92.6124 63.7461 7.03891
    endloop
  endfacet
  facet normal -0.596419 -0.37995 0.707052
    outer loop
      vertex 92.6124 63.7461 7.03891
      vertex 91.0715 66.529 7.23457
      vertex 90.9065 66.4239 7.03891
    endloop
  endfacet
  facet normal -0.48374 -0.308168 0.819163
    outer loop
      vertex 92.6124 63.7461 7.03891
      vertex 90.9065 66.4239 7.03891
      vertex 92.4212 63.6243 6.88018
    endloop
  endfacet
  facet normal -0.48374 -0.308168 0.819163
    outer loop
      vertex 92.4212 63.6243 6.88018
      vertex 90.9065 66.4239 7.03891
      vertex 90.7153 66.3021 6.88018
    endloop
  endfacet
  facet normal -0.356467 -0.227088 0.90629
    outer loop
      vertex 92.4212 63.6243 6.88018
      vertex 90.7153 66.3021 6.88018
      vertex 92.2097 63.4896 6.76324
    endloop
  endfacet
  facet normal -0.356401 -0.227054 0.906325
    outer loop
      vertex 92.2097 63.4896 6.76324
      vertex 90.7153 66.3021 6.88018
      vertex 90.5038 66.1673 6.76324
    endloop
  endfacet
  facet normal -0.21831 -0.13908 0.965918
    outer loop
      vertex 92.2097 63.4896 6.76324
      vertex 90.5038 66.1673 6.76324
      vertex 91.9843 63.346 6.69162
    endloop
  endfacet
  facet normal -0.21831 -0.13908 0.965918
    outer loop
      vertex 91.9843 63.346 6.69162
      vertex 90.5038 66.1673 6.76324
      vertex 90.2784 66.0237 6.69162
    endloop
  endfacet
  facet normal -0.0735 -0.0468251 0.996195
    outer loop
      vertex 91.9843 63.346 6.69162
      vertex 90.2784 66.0237 6.69162
      vertex 91.7518 63.1978 6.6675
    endloop
  endfacet
  facet normal -0.073515 -0.0468329 0.996194
    outer loop
      vertex 91.7518 63.1978 6.6675
      vertex 90.2784 66.0237 6.69162
      vertex 90.0459 65.8756 6.6675
    endloop
  endfacet
  facet normal 0.073515 0.0468329 0.996194
    outer loop
      vertex 91.7518 63.1978 6.6675
      vertex 90.0459 65.8756 6.6675
      vertex 91.5193 63.0497 6.69162
    endloop
  endfacet
  facet normal 0.073515 0.0468329 0.996194
    outer loop
      vertex 91.5193 63.0497 6.69162
      vertex 90.0459 65.8756 6.6675
      vertex 89.8134 65.7275 6.69162
    endloop
  endfacet
  facet normal 0.218313 0.139077 0.965918
    outer loop
      vertex 91.5193 63.0497 6.69162
      vertex 89.8134 65.7275 6.69162
      vertex 91.2939 62.9061 6.76324
    endloop
  endfacet
  facet normal 0.218245 0.139041 0.965938
    outer loop
      vertex 91.2939 62.9061 6.76324
      vertex 89.8134 65.7275 6.69162
      vertex 89.5879 65.5839 6.76324
    endloop
  endfacet
  facet normal 0.356461 0.227098 0.90629
    outer loop
      vertex 91.2939 62.9061 6.76324
      vertex 89.5879 65.5839 6.76324
      vertex 91.0824 62.7714 6.88018
    endloop
  endfacet
  facet normal 0.356394 0.227064 0.906325
    outer loop
      vertex 91.0824 62.7714 6.88018
      vertex 89.5879 65.5839 6.76324
      vertex 89.3764 65.4491 6.88018
    endloop
  endfacet
  facet normal 0.483726 0.308189 0.819163
    outer loop
      vertex 91.0824 62.7714 6.88018
      vertex 89.3764 65.4491 6.88018
      vertex 90.8912 62.6496 7.03891
    endloop
  endfacet
  facet normal 0.483726 0.308189 0.819163
    outer loop
      vertex 90.8912 62.6496 7.03891
      vertex 89.3764 65.4491 6.88018
      vertex 89.1852 65.3273 7.03891
    endloop
  endfacet
  facet normal 0.59632 0.379924 0.707149
    outer loop
      vertex 90.8912 62.6496 7.03891
      vertex 89.1852 65.3273 7.03891
      vertex 90.7262 62.5444 7.23457
    endloop
  endfacet
  facet normal 0.596408 0.379966 0.707052
    outer loop
      vertex 90.7262 62.5444 7.23457
      vertex 89.1852 65.3273 7.03891
      vertex 89.0202 65.2222 7.23457
    endloop
  endfacet
  facet normal 0.690881 0.440154 0.57354
    outer loop
      vertex 90.7262 62.5444 7.23457
      vertex 89.0202 65.2222 7.23457
      vertex 90.5923 62.4592 7.46125
    endloop
  endfacet
  facet normal 0.690929 0.440175 0.573466
    outer loop
      vertex 90.5923 62.4592 7.46125
      vertex 89.0202 65.2222 7.23457
      vertex 88.8864 65.1369 7.46125
    endloop
  endfacet
  facet normal 0.764359 0.486955 0.422646
    outer loop
      vertex 90.5923 62.4592 7.46125
      vertex 88.8864 65.1369 7.46125
      vertex 90.4937 62.3963 7.71204
    endloop
  endfacet
  facet normal 0.764319 0.48694 0.422737
    outer loop
      vertex 90.4937 62.3963 7.71204
      vertex 88.8864 65.1369 7.46125
      vertex 88.7877 65.0741 7.71204
    endloop
  endfacet
  facet normal 0.814641 0.519 0.258842
    outer loop
      vertex 90.4937 62.3963 7.71204
      vertex 88.7877 65.0741 7.71204
      vertex 90.4333 62.3578 7.97933
    endloop
  endfacet
  facet normal 0.814641 0.519 0.258842
    outer loop
      vertex 90.4333 62.3578 7.97933
      vertex 88.7877 65.0741 7.71204
      vertex 88.7273 65.0356 7.97933
    endloop
  endfacet
  facet normal 0.84017 0.535264 0.0872215
    outer loop
      vertex 90.4333 62.3578 7.97933
      vertex 88.7273 65.0356 7.97933
      vertex 90.4129 62.3449 8.255
    endloop
  endfacet
  facet normal 0.840206 0.535256 0.0869191
    outer loop
      vertex 90.4129 62.3449 8.255
      vertex 88.7273 65.0356 7.97933
      vertex 88.707 65.0227 8.255
    endloop
  endfacet
  facet normal -0.84017 -0.535233 0.0874048
    outer loop
      vertex 93.0907 64.0508 36.195
      vertex 91.3848 66.7286 36.195
      vertex 93.0703 64.0378 35.9193
    endloop
  endfacet
  facet normal -0.84017 -0.535233 0.0874048
    outer loop
      vertex 93.0703 64.0378 35.9193
      vertex 91.3848 66.7286 36.195
      vertex 91.3644 66.7156 35.9193
    endloop
  endfacet
  facet normal -0.814698 -0.519006 0.258652
    outer loop
      vertex 93.0703 64.0378 35.9193
      vertex 91.3644 66.7156 35.9193
      vertex 93.0099 63.9994 35.652
    endloop
  endfacet
  facet normal -0.814648 -0.518993 0.258833
    outer loop
      vertex 93.0099 63.9994 35.652
      vertex 91.3644 66.7156 35.9193
      vertex 91.304 66.6771 35.652
    endloop
  endfacet
  facet normal -0.764365 -0.486959 0.422632
    outer loop
      vertex 93.0099 63.9994 35.652
      vertex 91.304 66.6771 35.652
      vertex 92.9113 63.9365 35.4012
    endloop
  endfacet
  facet normal -0.764436 -0.486986 0.422472
    outer loop
      vertex 92.9113 63.9365 35.4012
      vertex 91.304 66.6771 35.652
      vertex 91.2054 66.6143 35.4012
    endloop
  endfacet
  facet normal -0.690813 -0.440084 0.573676
    outer loop
      vertex 92.9113 63.9365 35.4012
      vertex 91.2054 66.6143 35.4012
      vertex 92.7774 63.8513 35.1746
    endloop
  endfacet
  facet normal -0.690728 -0.440047 0.573806
    outer loop
      vertex 92.7774 63.8513 35.1746
      vertex 91.2054 66.6143 35.4012
      vertex 91.0715 66.529 35.1746
    endloop
  endfacet
  facet normal -0.596391 -0.379947 0.707077
    outer loop
      vertex 92.7774 63.8513 35.1746
      vertex 91.0715 66.529 35.1746
      vertex 92.6124 63.7461 34.9789
    endloop
  endfacet
  facet normal -0.59648 -0.379989 0.70698
    outer loop
      vertex 92.6124 63.7461 34.9789
      vertex 91.0715 66.529 35.1746
      vertex 90.9065 66.4239 34.9789
    endloop
  endfacet
  facet normal -0.483678 -0.308129 0.819214
    outer loop
      vertex 92.6124 63.7461 34.9789
      vertex 90.9065 66.4239 34.9789
      vertex 92.4212 63.6243 34.8202
    endloop
  endfacet
  facet normal -0.483678 -0.308129 0.819214
    outer loop
      vertex 92.4212 63.6243 34.8202
      vertex 90.9065 66.4239 34.9789
      vertex 90.7153 66.3021 34.8202
    endloop
  endfacet
  facet normal -0.356617 -0.227184 0.906207
    outer loop
      vertex 92.4212 63.6243 34.8202
      vertex 90.7153 66.3021 34.8202
      vertex 92.2097 63.4896 34.7032
    endloop
  endfacet
  facet normal -0.356551 -0.22715 0.906242
    outer loop
      vertex 92.2097 63.4896 34.7032
      vertex 90.7153 66.3021 34.8202
      vertex 90.5038 66.1673 34.7032
    endloop
  endfacet
  facet normal -0.218253 -0.139044 0.965936
    outer loop
      vertex 92.2097 63.4896 34.7032
      vertex 90.5038 66.1673 34.7032
      vertex 91.9843 63.346 34.6316
    endloop
  endfacet
  facet normal -0.218253 -0.139044 0.965936
    outer loop
      vertex 91.9843 63.346 34.6316
      vertex 90.5038 66.1673 34.7032
      vertex 90.2784 66.0237 34.6316
    endloop
  endfacet
  facet normal -0.0734395 -0.0467866 0.996202
    outer loop
      vertex 91.9843 63.346 34.6316
      vertex 90.2784 66.0237 34.6316
      vertex 91.7518 63.1978 34.6075
    endloop
  endfacet
  facet normal -0.0734545 -0.0467944 0.9962
    outer loop
      vertex 91.7518 63.1978 34.6075
      vertex 90.2784 66.0237 34.6316
      vertex 90.0459 65.8756 34.6075
    endloop
  endfacet
  facet normal 0.0734545 0.0467944 0.9962
    outer loop
      vertex 91.7518 63.1978 34.6075
      vertex 90.0459 65.8756 34.6075
      vertex 91.5193 63.0497 34.6316
    endloop
  endfacet
  facet normal 0.0734545 0.0467944 0.9962
    outer loop
      vertex 91.5193 63.0497 34.6316
      vertex 90.0459 65.8756 34.6075
      vertex 89.8134 65.7275 34.6316
    endloop
  endfacet
  facet normal 0.218256 0.13904 0.965936
    outer loop
      vertex 91.5193 63.0497 34.6316
      vertex 89.8134 65.7275 34.6316
      vertex 91.2939 62.9061 34.7032
    endloop
  endfacet
  facet normal 0.218188 0.139005 0.965956
    outer loop
      vertex 91.2939 62.9061 34.7032
      vertex 89.8134 65.7275 34.6316
      vertex 89.5879 65.5839 34.7032
    endloop
  endfacet
  facet normal 0.356611 0.227194 0.906207
    outer loop
      vertex 91.2939 62.9061 34.7032
      vertex 89.5879 65.5839 34.7032
      vertex 91.0824 62.7714 34.8202
    endloop
  endfacet
  facet normal 0.356545 0.22716 0.906242
    outer loop
      vertex 91.0824 62.7714 34.8202
      vertex 89.5879 65.5839 34.7032
      vertex 89.3764 65.4491 34.8202
    endloop
  endfacet
  facet normal 0.483665 0.30815 0.819214
    outer loop
      vertex 91.0824 62.7714 34.8202
      vertex 89.3764 65.4491 34.8202
      vertex 90.8912 62.6496 34.9789
    endloop
  endfacet
  facet normal 0.483665 0.30815 0.819214
    outer loop
      vertex 90.8912 62.6496 34.9789
      vertex 89.3764 65.4491 34.8202
      vertex 89.1852 65.3273 34.9789
    endloop
  endfacet
  facet normal 0.596381 0.379963 0.707077
    outer loop
      vertex 90.8912 62.6496 34.9789
      vertex 89.1852 65.3273 34.9789
      vertex 90.7262 62.5444 35.1746
    endloop
  endfacet
  facet normal 0.596469 0.380005 0.70698
    outer loop
      vertex 90.7262 62.5444 35.1746
      vertex 89.1852 65.3273 34.9789
      vertex 89.0202 65.2222 35.1746
    endloop
  endfacet
  facet normal 0.690801 0.440102 0.573676
    outer loop
      vertex 90.7262 62.5444 35.1746
      vertex 89.0202 65.2222 35.1746
      vertex 90.5923 62.4592 35.4012
    endloop
  endfacet
  facet normal 0.690849 0.440124 0.573602
    outer loop
      vertex 90.5923 62.4592 35.4012
      vertex 89.0202 65.2222 35.1746
      vertex 88.8864 65.1369 35.4012
    endloop
  endfacet
  facet normal 0.764365 0.486959 0.422632
    outer loop
      vertex 90.5923 62.4592 35.4012
      vertex 88.8864 65.1369 35.4012
      vertex 90.4937 62.3963 35.652
    endloop
  endfacet
  facet normal 0.764324 0.486943 0.422723
    outer loop
      vertex 90.4937 62.3963 35.652
      vertex 88.8864 65.1369 35.4012
      vertex 88.7877 65.0741 35.652
    endloop
  endfacet
  facet normal 0.814643 0.519001 0.258833
    outer loop
      vertex 90.4937 62.3963 35.652
      vertex 88.7877 65.0741 35.652
      vertex 90.4333 62.3578 35.9193
    endloop
  endfacet
  facet normal 0.814643 0.519001 0.258833
    outer loop
      vertex 90.4333 62.3578 35.9193
      vertex 88.7877 65.0741 35.652
      vertex 88.7273 65.0356 35.9193
    endloop
  endfacet
  facet normal 0.84017 0.535264 0.0872121
    outer loop
      vertex 90.4333 62.3578 35.9193
      vertex 88.7273 65.0356 35.9193
      vertex 90.4129 62.3449 36.195
    endloop
  endfacet
  facet normal 0.840207 0.535256 0.0869097
    outer loop
      vertex 90.4129 62.3449 36.195
      vertex 88.7273 65.0356 35.9193
      vertex 88.707 65.0227 36.195
    endloop
  endfacet
  facet normal -0.840184 -0.535261 0.0871024
    outer loop
      vertex 69.5263 49.0387 36.195
      vertex 67.8204 51.7164 36.195
      vertex 69.506 49.0257 35.9193
    endloop
  endfacet
  facet normal -0.84017 -0.535264 0.0872121
    outer loop
      vertex 69.506 49.0257 35.9193
      vertex 67.8204 51.7164 36.195
      vertex 67.8 51.7035 35.9193
    endloop
  endfacet
  facet normal -0.814643 -0.519001 0.258833
    outer loop
      vertex 69.506 49.0257 35.9193
      vertex 67.8 51.7035 35.9193
      vertex 69.4456 48.9872 35.652
    endloop
  endfacet
  facet normal -0.814643 -0.519001 0.258833
    outer loop
      vertex 69.4456 48.9872 35.652
      vertex 67.8 51.7035 35.9193
      vertex 67.7396 51.665 35.652
    endloop
  endfacet
  facet normal -0.764324 -0.486943 0.422723
    outer loop
      vertex 69.4456 48.9872 35.652
      vertex 67.7396 51.665 35.652
      vertex 69.3469 48.9244 35.4012
    endloop
  endfacet
  facet normal -0.764365 -0.486959 0.422632
    outer loop
      vertex 69.3469 48.9244 35.4012
      vertex 67.7396 51.665 35.652
      vertex 67.641 51.6021 35.4012
    endloop
  endfacet
  facet normal -0.690849 -0.440124 0.573602
    outer loop
      vertex 69.3469 48.9244 35.4012
      vertex 67.641 51.6021 35.4012
      vertex 69.2131 48.8391 35.1746
    endloop
  endfacet
  facet normal -0.690933 -0.440161 0.573471
    outer loop
      vertex 69.2131 48.8391 35.1746
      vertex 67.641 51.6021 35.4012
      vertex 67.5072 51.5169 35.1746
    endloop
  endfacet
  facet normal -0.59648 -0.379989 0.70698
    outer loop
      vertex 69.2131 48.8391 35.1746
      vertex 67.5072 51.5169 35.1746
      vertex 69.0481 48.734 34.9789
    endloop
  endfacet
  facet normal -0.596253 -0.379881 0.707229
    outer loop
      vertex 69.0481 48.734 34.9789
      vertex 67.5072 51.5169 35.1746
      vertex 67.3421 51.4117 34.9789
    endloop
  endfacet
  facet normal -0.483665 -0.30815 0.819214
    outer loop
      vertex 69.0481 48.734 34.9789
      vertex 67.3421 51.4117 34.9789
      vertex 68.8569 48.6122 34.8202
    endloop
  endfacet
  facet normal -0.483794 -0.308214 0.819114
    outer loop
      vertex 68.8569 48.6122 34.8202
      vertex 67.3421 51.4117 34.9789
      vertex 67.151 51.2899 34.8202
    endloop
  endfacet
  facet normal -0.356551 -0.22715 0.906242
    outer loop
      vertex 68.8569 48.6122 34.8202
      vertex 67.151 51.2899 34.8202
      vertex 68.6454 48.4774 34.7032
    endloop
  endfacet
  facet normal -0.356513 -0.227131 0.906262
    outer loop
      vertex 68.6454 48.4774 34.7032
      vertex 67.151 51.2899 34.8202
      vertex 66.9394 51.1552 34.7032
    endloop
  endfacet
  facet normal -0.218188 -0.139005 0.965956
    outer loop
      vertex 68.6454 48.4774 34.7032
      vertex 66.9394 51.1552 34.7032
      vertex 68.4199 48.3338 34.6316
    endloop
  endfacet
  facet normal -0.218256 -0.13904 0.965936
    outer loop
      vertex 68.4199 48.3338 34.6316
      vertex 66.9394 51.1552 34.7032
      vertex 66.714 51.0116 34.6316
    endloop
  endfacet
  facet normal -0.0734545 -0.0467944 0.9962
    outer loop
      vertex 68.4199 48.3338 34.6316
      vertex 66.714 51.0116 34.6316
      vertex 68.1874 48.1857 34.6075
    endloop
  endfacet
  facet normal -0.0734545 -0.0467944 0.9962
    outer loop
      vertex 68.1874 48.1857 34.6075
      vertex 66.714 51.0116 34.6316
      vertex 66.4815 50.8635 34.6075
    endloop
  endfacet
  facet normal 0.0734545 0.0467944 0.9962
    outer loop
      vertex 68.1874 48.1857 34.6075
      vertex 66.4815 50.8635 34.6075
      vertex 67.9549 48.0376 34.6316
    endloop
  endfacet
  facet normal 0.0734395 0.0467866 0.996202
    outer loop
      vertex 67.9549 48.0376 34.6316
      vertex 66.4815 50.8635 34.6075
      vertex 66.249 50.7153 34.6316
    endloop
  endfacet
  facet normal 0.218253 0.139044 0.965936
    outer loop
      vertex 67.9549 48.0376 34.6316
      vertex 66.249 50.7153 34.6316
      vertex 67.7295 47.894 34.7032
    endloop
  endfacet
  facet normal 0.218253 0.139044 0.965936
    outer loop
      vertex 67.7295 47.894 34.7032
      vertex 66.249 50.7153 34.6316
      vertex 66.0236 50.5717 34.7032
    endloop
  endfacet
  facet normal 0.356551 0.22715 0.906242
    outer loop
      vertex 67.7295 47.894 34.7032
      vertex 66.0236 50.5717 34.7032
      vertex 67.518 47.7592 34.8202
    endloop
  endfacet
  facet normal 0.356617 0.227184 0.906207
    outer loop
      vertex 67.518 47.7592 34.8202
      vertex 66.0236 50.5717 34.7032
      vertex 65.8121 50.437 34.8202
    endloop
  endfacet
  facet normal 0.483678 0.308129 0.819214
    outer loop
      vertex 67.518 47.7592 34.8202
      vertex 65.8121 50.437 34.8202
      vertex 67.3268 47.6374 34.9789
    endloop
  endfacet
  facet normal 0.483678 0.308129 0.819214
    outer loop
      vertex 67.3268 47.6374 34.9789
      vertex 65.8121 50.437 34.8202
      vertex 65.6209 50.3152 34.9789
    endloop
  endfacet
  facet normal 0.59648 0.379989 0.70698
    outer loop
      vertex 67.3268 47.6374 34.9789
      vertex 65.6209 50.3152 34.9789
      vertex 67.1618 47.5323 35.1746
    endloop
  endfacet
  facet normal 0.59648 0.379989 0.70698
    outer loop
      vertex 67.1618 47.5323 35.1746
      vertex 65.6209 50.3152 34.9789
      vertex 65.4559 50.2101 35.1746
    endloop
  endfacet
  facet normal 0.690736 0.440035 0.573806
    outer loop
      vertex 67.1618 47.5323 35.1746
      vertex 65.4559 50.2101 35.1746
      vertex 67.0279 47.447 35.4012
    endloop
  endfacet
  facet normal 0.690736 0.440035 0.573806
    outer loop
      vertex 67.0279 47.447 35.4012
      vertex 65.4559 50.2101 35.1746
      vertex 65.322 50.1248 35.4012
    endloop
  endfacet
  facet normal 0.764436 0.486986 0.422472
    outer loop
      vertex 67.0279 47.447 35.4012
      vertex 65.322 50.1248 35.4012
      vertex 66.9293 47.3842 35.652
    endloop
  endfacet
  facet normal 0.764365 0.486959 0.422632
    outer loop
      vertex 66.9293 47.3842 35.652
      vertex 65.322 50.1248 35.4012
      vertex 65.2234 50.0619 35.652
    endloop
  endfacet
  facet normal 0.814648 0.518993 0.258833
    outer loop
      vertex 66.9293 47.3842 35.652
      vertex 65.2234 50.0619 35.652
      vertex 66.8689 47.3457 35.9193
    endloop
  endfacet
  facet normal 0.814698 0.519006 0.258652
    outer loop
      vertex 66.8689 47.3457 35.9193
      vertex 65.2234 50.0619 35.652
      vertex 65.163 50.0235 35.9193
    endloop
  endfacet
  facet normal 0.84017 0.535233 0.0874048
    outer loop
      vertex 66.8689 47.3457 35.9193
      vertex 65.163 50.0235 35.9193
      vertex 66.8485 47.3327 36.195
    endloop
  endfacet
  facet normal 0.84017 0.535233 0.0874048
    outer loop
      vertex 66.8485 47.3327 36.195
      vertex 65.163 50.0235 35.9193
      vertex 65.1426 50.0105 36.195
    endloop
  endfacet
  facet normal -0.840183 -0.535261 0.0871118
    outer loop
      vertex 69.5263 49.0387 8.255
      vertex 67.8204 51.7164 8.255
      vertex 69.506 49.0257 7.97933
    endloop
  endfacet
  facet normal -0.84017 -0.535264 0.0872215
    outer loop
      vertex 69.506 49.0257 7.97933
      vertex 67.8204 51.7164 8.255
      vertex 67.8 51.7035 7.97933
    endloop
  endfacet
  facet normal -0.814641 -0.519 0.258842
    outer loop
      vertex 69.506 49.0257 7.97933
      vertex 67.8 51.7035 7.97933
      vertex 69.4456 48.9872 7.71204
    endloop
  endfacet
  facet normal -0.814641 -0.519 0.258842
    outer loop
      vertex 69.4456 48.9872 7.71204
      vertex 67.8 51.7035 7.97933
      vertex 67.7396 51.665 7.71204
    endloop
  endfacet
  facet normal -0.764319 -0.48694 0.422737
    outer loop
      vertex 69.4456 48.9872 7.71204
      vertex 67.7396 51.665 7.71204
      vertex 69.3469 48.9244 7.46125
    endloop
  endfacet
  facet normal -0.764359 -0.486955 0.422646
    outer loop
      vertex 69.3469 48.9244 7.46125
      vertex 67.7396 51.665 7.71204
      vertex 67.641 51.6021 7.46125
    endloop
  endfacet
  facet normal -0.690929 -0.440175 0.573466
    outer loop
      vertex 69.3469 48.9244 7.46125
      vertex 67.641 51.6021 7.46125
      vertex 69.2131 48.8391 7.23457
    endloop
  endfacet
  facet normal -0.691014 -0.440212 0.573335
    outer loop
      vertex 69.2131 48.8391 7.23457
      vertex 67.641 51.6021 7.46125
      vertex 67.5072 51.5169 7.23457
    endloop
  endfacet
  facet normal -0.596419 -0.37995 0.707052
    outer loop
      vertex 69.2131 48.8391 7.23457
      vertex 67.5072 51.5169 7.23457
      vertex 69.0481 48.734 7.03891
    endloop
  endfacet
  facet normal -0.596192 -0.379842 0.707302
    outer loop
      vertex 69.0481 48.734 7.03891
      vertex 67.5072 51.5169 7.23457
      vertex 67.3421 51.4117 7.03891
    endloop
  endfacet
  facet normal -0.483726 -0.308189 0.819163
    outer loop
      vertex 69.0481 48.734 7.03891
      vertex 67.3421 51.4117 7.03891
      vertex 68.8569 48.6122 6.88018
    endloop
  endfacet
  facet normal -0.483855 -0.308253 0.819063
    outer loop
      vertex 68.8569 48.6122 6.88018
      vertex 67.3421 51.4117 7.03891
      vertex 67.151 51.2899 6.88018
    endloop
  endfacet
  facet normal -0.356401 -0.227054 0.906325
    outer loop
      vertex 68.8569 48.6122 6.88018
      vertex 67.151 51.2899 6.88018
      vertex 68.6454 48.4774 6.76324
    endloop
  endfacet
  facet normal -0.356363 -0.227035 0.906345
    outer loop
      vertex 68.6454 48.4774 6.76324
      vertex 67.151 51.2899 6.88018
      vertex 66.9394 51.1552 6.76324
    endloop
  endfacet
  facet normal -0.218245 -0.139041 0.965938
    outer loop
      vertex 68.6454 48.4774 6.76324
      vertex 66.9394 51.1552 6.76324
      vertex 68.4199 48.3338 6.69162
    endloop
  endfacet
  facet normal -0.218313 -0.139077 0.965918
    outer loop
      vertex 68.4199 48.3338 6.69162
      vertex 66.9394 51.1552 6.76324
      vertex 66.714 51.0116 6.69162
    endloop
  endfacet
  facet normal -0.073515 -0.0468329 0.996194
    outer loop
      vertex 68.4199 48.3338 6.69162
      vertex 66.714 51.0116 6.69162
      vertex 68.1874 48.1857 6.6675
    endloop
  endfacet
  facet normal -0.073515 -0.0468329 0.996194
    outer loop
      vertex 68.1874 48.1857 6.6675
      vertex 66.714 51.0116 6.69162
      vertex 66.4815 50.8635 6.6675
    endloop
  endfacet
  facet normal 0.073515 0.0468329 0.996194
    outer loop
      vertex 68.1874 48.1857 6.6675
      vertex 66.4815 50.8635 6.6675
      vertex 67.9549 48.0376 6.69162
    endloop
  endfacet
  facet normal 0.0735 0.0468251 0.996195
    outer loop
      vertex 67.9549 48.0376 6.69162
      vertex 66.4815 50.8635 6.6675
      vertex 66.249 50.7153 6.69162
    endloop
  endfacet
  facet normal 0.21831 0.13908 0.965918
    outer loop
      vertex 67.9549 48.0376 6.69162
      vertex 66.249 50.7153 6.69162
      vertex 67.7295 47.894 6.76324
    endloop
  endfacet
  facet normal 0.21831 0.13908 0.965918
    outer loop
      vertex 67.7295 47.894 6.76324
      vertex 66.249 50.7153 6.69162
      vertex 66.0236 50.5717 6.76324
    endloop
  endfacet
  facet normal 0.356401 0.227054 0.906325
    outer loop
      vertex 67.7295 47.894 6.76324
      vertex 66.0236 50.5717 6.76324
      vertex 67.518 47.7592 6.88018
    endloop
  endfacet
  facet normal 0.356467 0.227088 0.90629
    outer loop
      vertex 67.518 47.7592 6.88018
      vertex 66.0236 50.5717 6.76324
      vertex 65.8121 50.437 6.88018
    endloop
  endfacet
  facet normal 0.48374 0.308168 0.819163
    outer loop
      vertex 67.518 47.7592 6.88018
      vertex 65.8121 50.437 6.88018
      vertex 67.3268 47.6374 7.03891
    endloop
  endfacet
  facet normal 0.48374 0.308168 0.819163
    outer loop
      vertex 67.3268 47.6374 7.03891
      vertex 65.8121 50.437 6.88018
      vertex 65.6209 50.3152 7.03891
    endloop
  endfacet
  facet normal 0.596419 0.37995 0.707052
    outer loop
      vertex 67.3268 47.6374 7.03891
      vertex 65.6209 50.3152 7.03891
      vertex 67.1618 47.5323 7.23457
    endloop
  endfacet
  facet normal 0.596419 0.37995 0.707052
    outer loop
      vertex 67.1618 47.5323 7.23457
      vertex 65.6209 50.3152 7.03891
      vertex 65.4559 50.2101 7.23457
    endloop
  endfacet
  facet normal 0.690816 0.440086 0.57367
    outer loop
      vertex 67.1618 47.5323 7.23457
      vertex 65.4559 50.2101 7.23457
      vertex 67.0279 47.447 7.46125
    endloop
  endfacet
  facet normal 0.690816 0.440086 0.57367
    outer loop
      vertex 67.0279 47.447 7.46125
      vertex 65.4559 50.2101 7.23457
      vertex 65.322 50.1248 7.46125
    endloop
  endfacet
  facet normal 0.76443 0.486982 0.422486
    outer loop
      vertex 67.0279 47.447 7.46125
      vertex 65.322 50.1248 7.46125
      vertex 66.9293 47.3842 7.71204
    endloop
  endfacet
  facet normal 0.764359 0.486955 0.422646
    outer loop
      vertex 66.9293 47.3842 7.71204
      vertex 65.322 50.1248 7.46125
      vertex 65.2234 50.0619 7.71204
    endloop
  endfacet
  facet normal 0.814646 0.518992 0.258842
    outer loop
      vertex 66.9293 47.3842 7.71204
      vertex 65.2234 50.0619 7.71204
      vertex 66.8689 47.3457 7.97933
    endloop
  endfacet
  facet normal 0.814696 0.519004 0.258661
    outer loop
      vertex 66.8689 47.3457 7.97933
      vertex 65.2234 50.0619 7.71204
      vertex 65.163 50.0235 7.97933
    endloop
  endfacet
  facet normal 0.84017 0.535232 0.0874142
    outer loop
      vertex 66.8689 47.3457 7.97933
      vertex 65.163 50.0235 7.97933
      vertex 66.8485 47.3327 8.255
    endloop
  endfacet
  facet normal 0.84017 0.535232 0.0874142
    outer loop
      vertex 66.8485 47.3327 8.255
      vertex 65.163 50.0235 7.97933
      vertex 65.1426 50.0105 8.255
    endloop
  endfacet
  facet normal -0.381231 0.920369 -0.0870836
    outer loop
      vertex 10.4751 10.6225 31.75
      vertex 6.0751 8.79995 31.75
      vertex 10.4566 10.667 32.3013
    endloop
  endfacet
  facet normal -0.381219 0.920366 -0.0871721
    outer loop
      vertex 10.4566 10.667 32.3013
      vertex 6.0751 8.79995 31.75
      vertex 6.05664 8.84452 32.3013
    endloop
  endfacet
  facet normal -0.369628 0.892383 -0.258898
    outer loop
      vertex 10.4566 10.667 32.3013
      vertex 6.05664 8.84452 32.3013
      vertex 10.4018 10.7994 32.8359
    endloop
  endfacet
  facet normal -0.369649 0.892402 -0.258802
    outer loop
      vertex 10.4018 10.7994 32.8359
      vertex 6.05664 8.84452 32.3013
      vertex 6.00182 8.97685 32.8359
    endloop
  endfacet
  facet normal -0.346832 0.837318 -0.422619
    outer loop
      vertex 10.4018 10.7994 32.8359
      vertex 6.00182 8.97685 32.8359
      vertex 10.3123 11.0155 33.3375
    endloop
  endfacet
  facet normal -0.346836 0.837323 -0.422605
    outer loop
      vertex 10.3123 11.0155 33.3375
      vertex 6.00182 8.97685 32.8359
      vertex 5.91232 9.19294 33.3375
    endloop
  endfacet
  facet normal -0.313511 0.756872 -0.573459
    outer loop
      vertex 10.3123 11.0155 33.3375
      vertex 5.91232 9.19294 33.3375
      vertex 10.1908 11.3087 33.7909
    endloop
  endfacet
  facet normal -0.313479 0.756824 -0.57354
    outer loop
      vertex 10.1908 11.3087 33.7909
      vertex 5.91232 9.19294 33.3375
      vertex 5.79084 9.48622 33.7909
    endloop
  endfacet
  facet normal -0.270571 0.653232 -0.707163
    outer loop
      vertex 10.1908 11.3087 33.7909
      vertex 5.79084 9.48622 33.7909
      vertex 10.0411 11.6703 34.1822
    endloop
  endfacet
  facet normal -0.270582 0.65325 -0.707142
    outer loop
      vertex 10.0411 11.6703 34.1822
      vertex 5.79084 9.48622 33.7909
      vertex 5.64108 9.84777 34.1822
    endloop
  endfacet
  facet normal -0.219485 0.52989 -0.819172
    outer loop
      vertex 10.0411 11.6703 34.1822
      vertex 5.64108 9.84777 34.1822
      vertex 9.86757 12.0891 34.4996
    endloop
  endfacet
  facet normal -0.21948 0.529881 -0.819179
    outer loop
      vertex 9.86757 12.0891 34.4996
      vertex 5.64108 9.84777 34.1822
      vertex 5.46759 10.2666 34.4996
    endloop
  endfacet
  facet normal -0.161731 0.390461 -0.906302
    outer loop
      vertex 9.86757 12.0891 34.4996
      vertex 5.46759 10.2666 34.4996
      vertex 9.67562 12.5525 34.7335
    endloop
  endfacet
  facet normal -0.161731 0.390461 -0.906302
    outer loop
      vertex 9.67562 12.5525 34.7335
      vertex 5.46759 10.2666 34.4996
      vertex 5.27564 10.73 34.7335
    endloop
  endfacet
  facet normal -0.0990805 0.239206 -0.9659
    outer loop
      vertex 9.67562 12.5525 34.7335
      vertex 5.27564 10.73 34.7335
      vertex 9.47104 13.0464 34.8768
    endloop
  endfacet
  facet normal -0.0990814 0.239207 -0.9659
    outer loop
      vertex 9.47104 13.0464 34.8768
      vertex 5.27564 10.73 34.7335
      vertex 5.07107 11.2239 34.8768
    endloop
  endfacet
  facet normal -0.0333266 0.0804586 -0.996201
    outer loop
      vertex 9.47104 13.0464 34.8768
      vertex 5.07107 11.2239 34.8768
      vertex 9.26006 13.5558 34.925
    endloop
  endfacet
  facet normal -0.0333263 0.0804581 -0.996201
    outer loop
      vertex 9.26006 13.5558 34.925
      vertex 5.07107 11.2239 34.8768
      vertex 4.86008 11.7333 34.925
    endloop
  endfacet
  facet normal 0.0333263 -0.0804581 -0.996201
    outer loop
      vertex 9.26006 13.5558 34.925
      vertex 4.86008 11.7333 34.925
      vertex 9.04907 14.0652 34.8768
    endloop
  endfacet
  facet normal 0.0333337 -0.0804714 -0.996199
    outer loop
      vertex 9.04907 14.0652 34.8768
      vertex 4.86008 11.7333 34.925
      vertex 4.6491 12.2426 34.8768
    endloop
  endfacet
  facet normal 0.0990853 -0.239204 -0.9659
    outer loop
      vertex 9.04907 14.0652 34.8768
      vertex 4.6491 12.2426 34.8768
      vertex 8.84449 14.5591 34.7335
    endloop
  endfacet
  facet normal 0.0990853 -0.239204 -0.9659
    outer loop
      vertex 8.84449 14.5591 34.7335
      vertex 4.6491 12.2426 34.8768
      vertex 4.44452 12.7365 34.7335
    endloop
  endfacet
  facet normal 0.16174 -0.39046 -0.906301
    outer loop
      vertex 8.84449 14.5591 34.7335
      vertex 4.44452 12.7365 34.7335
      vertex 8.65255 15.0225 34.4996
    endloop
  endfacet
  facet normal 0.161739 -0.390458 -0.906302
    outer loop
      vertex 8.65255 15.0225 34.4996
      vertex 4.44452 12.7365 34.7335
      vertex 4.25257 13.1999 34.4996
    endloop
  endfacet
  facet normal 0.219499 -0.529898 -0.819163
    outer loop
      vertex 8.65255 15.0225 34.4996
      vertex 4.25257 13.1999 34.4996
      vertex 8.47906 15.4413 34.1822
    endloop
  endfacet
  facet normal 0.219459 -0.52983 -0.819218
    outer loop
      vertex 8.47906 15.4413 34.1822
      vertex 4.25257 13.1999 34.4996
      vertex 4.07908 13.6188 34.1822
    endloop
  endfacet
  facet normal 0.270565 -0.653212 -0.707184
    outer loop
      vertex 8.47906 15.4413 34.1822
      vertex 4.07908 13.6188 34.1822
      vertex 8.3293 15.8029 33.7909
    endloop
  endfacet
  facet normal 0.270609 -0.653284 -0.707101
    outer loop
      vertex 8.3293 15.8029 33.7909
      vertex 4.07908 13.6188 34.1822
      vertex 3.92932 13.9803 33.7909
    endloop
  endfacet
  facet normal 0.31352 -0.756875 -0.57345
    outer loop
      vertex 8.3293 15.8029 33.7909
      vertex 3.92932 13.9803 33.7909
      vertex 8.20782 16.0961 33.3375
    endloop
  endfacet
  facet normal 0.313475 -0.756809 -0.573562
    outer loop
      vertex 8.20782 16.0961 33.3375
      vertex 3.92932 13.9803 33.7909
      vertex 3.80784 14.2736 33.3375
    endloop
  endfacet
  facet normal 0.346823 -0.837318 -0.422625
    outer loop
      vertex 8.20782 16.0961 33.3375
      vertex 3.80784 14.2736 33.3375
      vertex 8.11831 16.3122 32.8359
    endloop
  endfacet
  facet normal 0.346824 -0.837321 -0.422619
    outer loop
      vertex 8.11831 16.3122 32.8359
      vertex 3.80784 14.2736 33.3375
      vertex 3.71834 14.4897 32.8359
    endloop
  endfacet
  facet normal 0.36963 -0.89238 -0.258905
    outer loop
      vertex 8.11831 16.3122 32.8359
      vertex 3.71834 14.4897 32.8359
      vertex 8.0635 16.4446 32.3013
    endloop
  endfacet
  facet normal 0.369662 -0.89241 -0.258756
    outer loop
      vertex 8.0635 16.4446 32.3013
      vertex 3.71834 14.4897 32.8359
      vertex 3.66352 14.622 32.3013
    endloop
  endfacet
  facet normal 0.381243 -0.920367 -0.0870562
    outer loop
      vertex 8.0635 16.4446 32.3013
      vertex 3.66352 14.622 32.3013
      vertex 8.04504 16.4891 31.75
    endloop
  endfacet
  facet normal 0.381219 -0.920361 -0.0872218
    outer loop
      vertex 8.04504 16.4891 31.75
      vertex 3.66352 14.622 32.3013
      vertex 3.64506 14.6666 31.75
    endloop
  endfacet
  facet normal 0.381225 -0.920374 0.0870562
    outer loop
      vertex 8.04504 16.4891 31.75
      vertex 3.64506 14.6666 31.75
      vertex 8.0635 16.4446 31.1987
    endloop
  endfacet
  facet normal 0.381237 -0.920353 0.0872218
    outer loop
      vertex 8.0635 16.4446 31.1987
      vertex 3.64506 14.6666 31.75
      vertex 3.66352 14.622 31.1987
    endloop
  endfacet
  facet normal 0.369647 -0.892373 0.258905
    outer loop
      vertex 8.0635 16.4446 31.1987
      vertex 3.66352 14.622 31.1987
      vertex 8.11831 16.3122 30.6641
    endloop
  endfacet
  facet normal 0.369646 -0.892417 0.258756
    outer loop
      vertex 8.11831 16.3122 30.6641
      vertex 3.66352 14.622 31.1987
      vertex 3.71834 14.4897 30.6641
    endloop
  endfacet
  facet normal 0.346823 -0.837318 0.422625
    outer loop
      vertex 8.11831 16.3122 30.6641
      vertex 3.71834 14.4897 30.6641
      vertex 8.20782 16.0961 30.1625
    endloop
  endfacet
  facet normal 0.346824 -0.837321 0.422619
    outer loop
      vertex 8.20782 16.0961 30.1625
      vertex 3.71834 14.4897 30.6641
      vertex 3.80784 14.2736 30.1625
    endloop
  endfacet
  facet normal 0.313505 -0.756881 0.57345
    outer loop
      vertex 8.20782 16.0961 30.1625
      vertex 3.80784 14.2736 30.1625
      vertex 8.3293 15.8029 29.7091
    endloop
  endfacet
  facet normal 0.31349 -0.756803 0.573562
    outer loop
      vertex 8.3293 15.8029 29.7091
      vertex 3.80784 14.2736 30.1625
      vertex 3.92932 13.9803 29.7091
    endloop
  endfacet
  facet normal 0.270577 -0.653207 0.707184
    outer loop
      vertex 8.3293 15.8029 29.7091
      vertex 3.92932 13.9803 29.7091
      vertex 8.47906 15.4413 29.3178
    endloop
  endfacet
  facet normal 0.270596 -0.653289 0.707101
    outer loop
      vertex 8.47906 15.4413 29.3178
      vertex 3.92932 13.9803 29.7091
      vertex 4.07908 13.6188 29.3178
    endloop
  endfacet
  facet normal 0.219489 -0.529902 0.819163
    outer loop
      vertex 8.47906 15.4413 29.3178
      vertex 4.07908 13.6188 29.3178
      vertex 8.65255 15.0225 29.0004
    endloop
  endfacet
  facet normal 0.219469 -0.529826 0.819218
    outer loop
      vertex 8.65255 15.0225 29.0004
      vertex 4.07908 13.6188 29.3178
      vertex 4.25257 13.1999 29.0004
    endloop
  endfacet
  facet normal 0.16174 -0.39046 0.906301
    outer loop
      vertex 8.65255 15.0225 29.0004
      vertex 4.25257 13.1999 29.0004
      vertex 8.84449 14.5591 28.7665
    endloop
  endfacet
  facet normal 0.161739 -0.390458 0.906302
    outer loop
      vertex 8.84449 14.5591 28.7665
      vertex 4.25257 13.1999 29.0004
      vertex 4.44452 12.7365 28.7665
    endloop
  endfacet
  facet normal 0.0990853 -0.239204 0.9659
    outer loop
      vertex 8.84449 14.5591 28.7665
      vertex 4.44452 12.7365 28.7665
      vertex 9.04907 14.0652 28.6232
    endloop
  endfacet
  facet normal 0.0990853 -0.239204 0.9659
    outer loop
      vertex 9.04907 14.0652 28.6232
      vertex 4.44452 12.7365 28.7665
      vertex 4.6491 12.2426 28.6232
    endloop
  endfacet
  facet normal 0.0333279 -0.0804574 0.996201
    outer loop
      vertex 9.04907 14.0652 28.6232
      vertex 4.6491 12.2426 28.6232
      vertex 9.26006 13.5558 28.575
    endloop
  endfacet
  facet normal 0.033332 -0.0804721 0.996199
    outer loop
      vertex 9.26006 13.5558 28.575
      vertex 4.6491 12.2426 28.6232
      vertex 4.86008 11.7333 28.575
    endloop
  endfacet
  facet normal -0.0333265 0.0804587 0.996201
    outer loop
      vertex 9.26006 13.5558 28.575
      vertex 4.86008 11.7333 28.575
      vertex 9.47104 13.0464 28.6232
    endloop
  endfacet
  facet normal -0.0333263 0.0804581 0.996201
    outer loop
      vertex 9.47104 13.0464 28.6232
      vertex 4.86008 11.7333 28.575
      vertex 5.07107 11.2239 28.6232
    endloop
  endfacet
  facet normal -0.0990807 0.239206 0.9659
    outer loop
      vertex 9.47104 13.0464 28.6232
      vertex 5.07107 11.2239 28.6232
      vertex 9.67562 12.5525 28.7665
    endloop
  endfacet
  facet normal -0.0990812 0.239207 0.9659
    outer loop
      vertex 9.67562 12.5525 28.7665
      vertex 5.07107 11.2239 28.6232
      vertex 5.27564 10.73 28.7665
    endloop
  endfacet
  facet normal -0.161731 0.390461 0.906302
    outer loop
      vertex 9.67562 12.5525 28.7665
      vertex 5.27564 10.73 28.7665
      vertex 9.86757 12.0891 29.0004
    endloop
  endfacet
  facet normal -0.161731 0.390461 0.906302
    outer loop
      vertex 9.86757 12.0891 29.0004
      vertex 5.27564 10.73 28.7665
      vertex 5.46759 10.2666 29.0004
    endloop
  endfacet
  facet normal -0.219484 0.52989 0.819172
    outer loop
      vertex 9.86757 12.0891 29.0004
      vertex 5.46759 10.2666 29.0004
      vertex 10.0411 11.6703 29.3178
    endloop
  endfacet
  facet normal -0.219481 0.52988 0.819179
    outer loop
      vertex 10.0411 11.6703 29.3178
      vertex 5.46759 10.2666 29.0004
      vertex 5.64108 9.84777 29.3178
    endloop
  endfacet
  facet normal -0.270574 0.65323 0.707163
    outer loop
      vertex 10.0411 11.6703 29.3178
      vertex 5.64108 9.84777 29.3178
      vertex 10.1908 11.3087 29.7091
    endloop
  endfacet
  facet normal -0.270579 0.653251 0.707142
    outer loop
      vertex 10.1908 11.3087 29.7091
      vertex 5.64108 9.84777 29.3178
      vertex 5.79084 9.48622 29.7091
    endloop
  endfacet
  facet normal -0.313501 0.756876 0.573459
    outer loop
      vertex 10.1908 11.3087 29.7091
      vertex 5.79084 9.48622 29.7091
      vertex 10.3123 11.0155 30.1625
    endloop
  endfacet
  facet normal -0.31349 0.75682 0.57354
    outer loop
      vertex 10.3123 11.0155 30.1625
      vertex 5.79084 9.48622 29.7091
      vertex 5.91232 9.19294 30.1625
    endloop
  endfacet
  facet normal -0.346833 0.837317 0.422619
    outer loop
      vertex 10.3123 11.0155 30.1625
      vertex 5.91232 9.19294 30.1625
      vertex 10.4018 10.7994 30.6641
    endloop
  endfacet
  facet normal -0.346834 0.837323 0.422605
    outer loop
      vertex 10.4018 10.7994 30.6641
      vertex 5.91232 9.19294 30.1625
      vertex 6.00182 8.97685 30.6641
    endloop
  endfacet
  facet normal -0.369639 0.892378 0.258898
    outer loop
      vertex 10.4018 10.7994 30.6641
      vertex 6.00182 8.97685 30.6641
      vertex 10.4566 10.667 31.1987
    endloop
  endfacet
  facet normal -0.369638 0.892406 0.258802
    outer loop
      vertex 10.4566 10.667 31.1987
      vertex 6.00182 8.97685 30.6641
      vertex 6.05664 8.84452 31.1987
    endloop
  endfacet
  facet normal -0.381222 0.920373 0.0870836
    outer loop
      vertex 10.4566 10.667 31.1987
      vertex 6.05664 8.84452 31.1987
      vertex 10.4751 10.6225 31.75
    endloop
  endfacet
  facet normal -0.381229 0.920362 0.0871721
    outer loop
      vertex 10.4751 10.6225 31.75
      vertex 6.05664 8.84452 31.1987
      vertex 6.0751 8.79995 31.75
    endloop
  endfacet
  facet normal -0.381231 0.920369 -0.0870836
    outer loop
      vertex 10.4751 10.6225 57.15
      vertex 6.0751 8.79995 57.15
      vertex 10.4566 10.667 57.7013
    endloop
  endfacet
  facet normal -0.381219 0.920366 -0.0871721
    outer loop
      vertex 10.4566 10.667 57.7013
      vertex 6.0751 8.79995 57.15
      vertex 6.05664 8.84452 57.7013
    endloop
  endfacet
  facet normal -0.369628 0.892383 -0.258898
    outer loop
      vertex 10.4566 10.667 57.7013
      vertex 6.05664 8.84452 57.7013
      vertex 10.4018 10.7994 58.2359
    endloop
  endfacet
  facet normal -0.369649 0.892402 -0.258802
    outer loop
      vertex 10.4018 10.7994 58.2359
      vertex 6.05664 8.84452 57.7013
      vertex 6.00182 8.97685 58.2359
    endloop
  endfacet
  facet normal -0.346832 0.837318 -0.422619
    outer loop
      vertex 10.4018 10.7994 58.2359
      vertex 6.00182 8.97685 58.2359
      vertex 10.3123 11.0155 58.7375
    endloop
  endfacet
  facet normal -0.346836 0.837323 -0.422605
    outer loop
      vertex 10.3123 11.0155 58.7375
      vertex 6.00182 8.97685 58.2359
      vertex 5.91232 9.19294 58.7375
    endloop
  endfacet
  facet normal -0.313489 0.756817 -0.573544
    outer loop
      vertex 10.3123 11.0155 58.7375
      vertex 5.91232 9.19294 58.7375
      vertex 10.1908 11.3087 59.1908
    endloop
  endfacet
  facet normal -0.313457 0.756769 -0.573625
    outer loop
      vertex 10.1908 11.3087 59.1908
      vertex 5.91232 9.19294 58.7375
      vertex 5.79084 9.48622 59.1908
    endloop
  endfacet
  facet normal -0.270606 0.653315 -0.707073
    outer loop
      vertex 10.1908 11.3087 59.1908
      vertex 5.79084 9.48622 59.1908
      vertex 10.0411 11.6703 59.5822
    endloop
  endfacet
  facet normal -0.270617 0.653333 -0.707052
    outer loop
      vertex 10.0411 11.6703 59.5822
      vertex 5.79084 9.48622 59.1908
      vertex 5.64108 9.84777 59.5822
    endloop
  endfacet
  facet normal -0.219485 0.52989 -0.819172
    outer loop
      vertex 10.0411 11.6703 59.5822
      vertex 5.64108 9.84777 59.5822
      vertex 9.86757 12.0891 59.8996
    endloop
  endfacet
  facet normal -0.21948 0.529881 -0.819179
    outer loop
      vertex 9.86757 12.0891 59.8996
      vertex 5.64108 9.84777 59.5822
      vertex 5.46759 10.2666 59.8996
    endloop
  endfacet
  facet normal -0.161731 0.390461 -0.906302
    outer loop
      vertex 9.86757 12.0891 59.8996
      vertex 5.46759 10.2666 59.8996
      vertex 9.67562 12.5525 60.1335
    endloop
  endfacet
  facet normal -0.161731 0.390461 -0.906302
    outer loop
      vertex 9.67562 12.5525 60.1335
      vertex 5.46759 10.2666 59.8996
      vertex 5.27564 10.73 60.1335
    endloop
  endfacet
  facet normal -0.0990805 0.239206 -0.9659
    outer loop
      vertex 9.67562 12.5525 60.1335
      vertex 5.27564 10.73 60.1335
      vertex 9.47104 13.0464 60.2768
    endloop
  endfacet
  facet normal -0.0990814 0.239207 -0.9659
    outer loop
      vertex 9.47104 13.0464 60.2768
      vertex 5.27564 10.73 60.1335
      vertex 5.07107 11.2239 60.2768
    endloop
  endfacet
  facet normal -0.0333266 0.0804586 -0.996201
    outer loop
      vertex 9.47104 13.0464 60.2768
      vertex 5.07107 11.2239 60.2768
      vertex 9.26006 13.5558 60.325
    endloop
  endfacet
  facet normal -0.0333263 0.0804581 -0.996201
    outer loop
      vertex 9.26006 13.5558 60.325
      vertex 5.07107 11.2239 60.2768
      vertex 4.86008 11.7333 60.325
    endloop
  endfacet
  facet normal 0.0333263 -0.0804581 -0.996201
    outer loop
      vertex 9.26006 13.5558 60.325
      vertex 4.86008 11.7333 60.325
      vertex 9.04907 14.0652 60.2768
    endloop
  endfacet
  facet normal 0.0333337 -0.0804714 -0.996199
    outer loop
      vertex 9.04907 14.0652 60.2768
      vertex 4.86008 11.7333 60.325
      vertex 4.6491 12.2426 60.2768
    endloop
  endfacet
  facet normal 0.0990853 -0.239204 -0.9659
    outer loop
      vertex 9.04907 14.0652 60.2768
      vertex 4.6491 12.2426 60.2768
      vertex 8.84449 14.5591 60.1335
    endloop
  endfacet
  facet normal 0.0990853 -0.239204 -0.9659
    outer loop
      vertex 8.84449 14.5591 60.1335
      vertex 4.6491 12.2426 60.2768
      vertex 4.44452 12.7365 60.1335
    endloop
  endfacet
  facet normal 0.16174 -0.39046 -0.906301
    outer loop
      vertex 8.84449 14.5591 60.1335
      vertex 4.44452 12.7365 60.1335
      vertex 8.65255 15.0225 59.8996
    endloop
  endfacet
  facet normal 0.161739 -0.390458 -0.906302
    outer loop
      vertex 8.65255 15.0225 59.8996
      vertex 4.44452 12.7365 60.1335
      vertex 4.25257 13.1999 59.8996
    endloop
  endfacet
  facet normal 0.219499 -0.529898 -0.819163
    outer loop
      vertex 8.65255 15.0225 59.8996
      vertex 4.25257 13.1999 59.8996
      vertex 8.47906 15.4413 59.5822
    endloop
  endfacet
  facet normal 0.219459 -0.52983 -0.819218
    outer loop
      vertex 8.47906 15.4413 59.5822
      vertex 4.25257 13.1999 59.8996
      vertex 4.07908 13.6188 59.5822
    endloop
  endfacet
  facet normal 0.270599 -0.653295 -0.707094
    outer loop
      vertex 8.47906 15.4413 59.5822
      vertex 4.07908 13.6188 59.5822
      vertex 8.3293 15.8029 59.1908
    endloop
  endfacet
  facet normal 0.270644 -0.653367 -0.70701
    outer loop
      vertex 8.3293 15.8029 59.1908
      vertex 4.07908 13.6188 59.5822
      vertex 3.92932 13.9803 59.1908
    endloop
  endfacet
  facet normal 0.313497 -0.75682 -0.573535
    outer loop
      vertex 8.3293 15.8029 59.1908
      vertex 3.92932 13.9803 59.1908
      vertex 8.20782 16.0961 58.7375
    endloop
  endfacet
  facet normal 0.313452 -0.756754 -0.573647
    outer loop
      vertex 8.20782 16.0961 58.7375
      vertex 3.92932 13.9803 59.1908
      vertex 3.80784 14.2736 58.7375
    endloop
  endfacet
  facet normal 0.346823 -0.837318 -0.422625
    outer loop
      vertex 8.20782 16.0961 58.7375
      vertex 3.80784 14.2736 58.7375
      vertex 8.11831 16.3122 58.2359
    endloop
  endfacet
  facet normal 0.346824 -0.837321 -0.422619
    outer loop
      vertex 8.11831 16.3122 58.2359
      vertex 3.80784 14.2736 58.7375
      vertex 3.71834 14.4897 58.2359
    endloop
  endfacet
  facet normal 0.36963 -0.89238 -0.258905
    outer loop
      vertex 8.11831 16.3122 58.2359
      vertex 3.71834 14.4897 58.2359
      vertex 8.0635 16.4446 57.7013
    endloop
  endfacet
  facet normal 0.369662 -0.89241 -0.258756
    outer loop
      vertex 8.0635 16.4446 57.7013
      vertex 3.71834 14.4897 58.2359
      vertex 3.66352 14.622 57.7013
    endloop
  endfacet
  facet normal 0.381243 -0.920367 -0.0870562
    outer loop
      vertex 8.0635 16.4446 57.7013
      vertex 3.66352 14.622 57.7013
      vertex 8.04504 16.4891 57.15
    endloop
  endfacet
  facet normal 0.381219 -0.920361 -0.0872218
    outer loop
      vertex 8.04504 16.4891 57.15
      vertex 3.66352 14.622 57.7013
      vertex 3.64506 14.6666 57.15
    endloop
  endfacet
  facet normal 0.381225 -0.920374 0.0870562
    outer loop
      vertex 8.04504 16.4891 57.15
      vertex 3.64506 14.6666 57.15
      vertex 8.0635 16.4446 56.5987
    endloop
  endfacet
  facet normal 0.381237 -0.920353 0.0872218
    outer loop
      vertex 8.0635 16.4446 56.5987
      vertex 3.64506 14.6666 57.15
      vertex 3.66352 14.622 56.5987
    endloop
  endfacet
  facet normal 0.369647 -0.892373 0.258905
    outer loop
      vertex 8.0635 16.4446 56.5987
      vertex 3.66352 14.622 56.5987
      vertex 8.11831 16.3122 56.0641
    endloop
  endfacet
  facet normal 0.369646 -0.892417 0.258756
    outer loop
      vertex 8.11831 16.3122 56.0641
      vertex 3.66352 14.622 56.5987
      vertex 3.71834 14.4897 56.0641
    endloop
  endfacet
  facet normal 0.346823 -0.837318 0.422625
    outer loop
      vertex 8.11831 16.3122 56.0641
      vertex 3.71834 14.4897 56.0641
      vertex 8.20782 16.0961 55.5625
    endloop
  endfacet
  facet normal 0.346824 -0.837321 0.422619
    outer loop
      vertex 8.20782 16.0961 55.5625
      vertex 3.71834 14.4897 56.0641
      vertex 3.80784 14.2736 55.5625
    endloop
  endfacet
  facet normal 0.313505 -0.756881 0.57345
    outer loop
      vertex 8.20782 16.0961 55.5625
      vertex 3.80784 14.2736 55.5625
      vertex 8.3293 15.8029 55.1091
    endloop
  endfacet
  facet normal 0.31349 -0.756803 0.573562
    outer loop
      vertex 8.3293 15.8029 55.1091
      vertex 3.80784 14.2736 55.5625
      vertex 3.92932 13.9803 55.1091
    endloop
  endfacet
  facet normal 0.270577 -0.653207 0.707184
    outer loop
      vertex 8.3293 15.8029 55.1091
      vertex 3.92932 13.9803 55.1091
      vertex 8.47906 15.4413 54.7178
    endloop
  endfacet
  facet normal 0.270596 -0.653289 0.707101
    outer loop
      vertex 8.47906 15.4413 54.7178
      vertex 3.92932 13.9803 55.1091
      vertex 4.07908 13.6188 54.7178
    endloop
  endfacet
  facet normal 0.219489 -0.529902 0.819163
    outer loop
      vertex 8.47906 15.4413 54.7178
      vertex 4.07908 13.6188 54.7178
      vertex 8.65255 15.0225 54.4004
    endloop
  endfacet
  facet normal 0.219469 -0.529826 0.819218
    outer loop
      vertex 8.65255 15.0225 54.4004
      vertex 4.07908 13.6188 54.7178
      vertex 4.25257 13.1999 54.4004
    endloop
  endfacet
  facet normal 0.16174 -0.39046 0.906301
    outer loop
      vertex 8.65255 15.0225 54.4004
      vertex 4.25257 13.1999 54.4004
      vertex 8.84449 14.5591 54.1665
    endloop
  endfacet
  facet normal 0.161739 -0.390458 0.906302
    outer loop
      vertex 8.84449 14.5591 54.1665
      vertex 4.25257 13.1999 54.4004
      vertex 4.44452 12.7365 54.1665
    endloop
  endfacet
  facet normal 0.0990853 -0.239204 0.9659
    outer loop
      vertex 8.84449 14.5591 54.1665
      vertex 4.44452 12.7365 54.1665
      vertex 9.04907 14.0652 54.0232
    endloop
  endfacet
  facet normal 0.0990853 -0.239204 0.9659
    outer loop
      vertex 9.04907 14.0652 54.0232
      vertex 4.44452 12.7365 54.1665
      vertex 4.6491 12.2426 54.0232
    endloop
  endfacet
  facet normal 0.0333279 -0.0804574 0.996201
    outer loop
      vertex 9.04907 14.0652 54.0232
      vertex 4.6491 12.2426 54.0232
      vertex 9.26006 13.5558 53.975
    endloop
  endfacet
  facet normal 0.033332 -0.0804721 0.996199
    outer loop
      vertex 9.26006 13.5558 53.975
      vertex 4.6491 12.2426 54.0232
      vertex 4.86008 11.7333 53.975
    endloop
  endfacet
  facet normal -0.0333265 0.0804587 0.996201
    outer loop
      vertex 9.26006 13.5558 53.975
      vertex 4.86008 11.7333 53.975
      vertex 9.47104 13.0464 54.0232
    endloop
  endfacet
  facet normal -0.0333263 0.0804581 0.996201
    outer loop
      vertex 9.47104 13.0464 54.0232
      vertex 4.86008 11.7333 53.975
      vertex 5.07107 11.2239 54.0232
    endloop
  endfacet
  facet normal -0.0990807 0.239206 0.9659
    outer loop
      vertex 9.47104 13.0464 54.0232
      vertex 5.07107 11.2239 54.0232
      vertex 9.67562 12.5525 54.1665
    endloop
  endfacet
  facet normal -0.0990812 0.239207 0.9659
    outer loop
      vertex 9.67562 12.5525 54.1665
      vertex 5.07107 11.2239 54.0232
      vertex 5.27564 10.73 54.1665
    endloop
  endfacet
  facet normal -0.161731 0.390461 0.906302
    outer loop
      vertex 9.67562 12.5525 54.1665
      vertex 5.27564 10.73 54.1665
      vertex 9.86757 12.0891 54.4004
    endloop
  endfacet
  facet normal -0.161731 0.390461 0.906302
    outer loop
      vertex 9.86757 12.0891 54.4004
      vertex 5.27564 10.73 54.1665
      vertex 5.46759 10.2666 54.4004
    endloop
  endfacet
  facet normal -0.219484 0.52989 0.819172
    outer loop
      vertex 9.86757 12.0891 54.4004
      vertex 5.46759 10.2666 54.4004
      vertex 10.0411 11.6703 54.7178
    endloop
  endfacet
  facet normal -0.219481 0.52988 0.819179
    outer loop
      vertex 10.0411 11.6703 54.7178
      vertex 5.46759 10.2666 54.4004
      vertex 5.64108 9.84777 54.7178
    endloop
  endfacet
  facet normal -0.270574 0.65323 0.707163
    outer loop
      vertex 10.0411 11.6703 54.7178
      vertex 5.64108 9.84777 54.7178
      vertex 10.1908 11.3087 55.1091
    endloop
  endfacet
  facet normal -0.270579 0.653251 0.707142
    outer loop
      vertex 10.1908 11.3087 55.1091
      vertex 5.64108 9.84777 54.7178
      vertex 5.79084 9.48622 55.1091
    endloop
  endfacet
  facet normal -0.313501 0.756876 0.573459
    outer loop
      vertex 10.1908 11.3087 55.1091
      vertex 5.79084 9.48622 55.1091
      vertex 10.3123 11.0155 55.5625
    endloop
  endfacet
  facet normal -0.31349 0.75682 0.57354
    outer loop
      vertex 10.3123 11.0155 55.5625
      vertex 5.79084 9.48622 55.1091
      vertex 5.91232 9.19294 55.5625
    endloop
  endfacet
  facet normal -0.346833 0.837317 0.422619
    outer loop
      vertex 10.3123 11.0155 55.5625
      vertex 5.91232 9.19294 55.5625
      vertex 10.4018 10.7994 56.0641
    endloop
  endfacet
  facet normal -0.346834 0.837323 0.422605
    outer loop
      vertex 10.4018 10.7994 56.0641
      vertex 5.91232 9.19294 55.5625
      vertex 6.00182 8.97685 56.0641
    endloop
  endfacet
  facet normal -0.369639 0.892378 0.258898
    outer loop
      vertex 10.4018 10.7994 56.0641
      vertex 6.00182 8.97685 56.0641
      vertex 10.4566 10.667 56.5987
    endloop
  endfacet
  facet normal -0.369638 0.892406 0.258802
    outer loop
      vertex 10.4566 10.667 56.5987
      vertex 6.00182 8.97685 56.0641
      vertex 6.05664 8.84452 56.5987
    endloop
  endfacet
  facet normal -0.381222 0.920373 0.0870836
    outer loop
      vertex 10.4566 10.667 56.5987
      vertex 6.05664 8.84452 56.5987
      vertex 10.4751 10.6225 57.15
    endloop
  endfacet
  facet normal -0.381229 0.920362 0.0871721
    outer loop
      vertex 10.4751 10.6225 57.15
      vertex 6.05664 8.84452 56.5987
      vertex 6.0751 8.79995 57.15
    endloop
  endfacet
  facet normal -0.59634 -0.379906 0.707142
    outer loop
      vertex 57.1034 48.8378 64.6341
      vertex 56.9836 48.2975 64.2428
      vertex 60.2007 43.2476 64.2428
    endloop
  endfacet
  facet normal -0.513421 -0.327081 0.793358
    outer loop
      vertex 60.2007 43.2476 64.2428
      vertex 56.9836 48.2975 64.2428
      vertex 56.8889 48.0372 64.0742
    endloop
  endfacet
  facet normal -0.484614 -0.306247 0.819367
    outer loop
      vertex 60.2007 43.2476 64.2428
      vertex 56.8889 48.0372 64.0742
      vertex 59.7754 43.0714 63.9254
    endloop
  endfacet
  facet normal -0.453084 -0.28864 0.843446
    outer loop
      vertex 56.8889 48.0372 64.0742
      vertex 56.7718 47.7862 63.9254
      vertex 59.7754 43.0714 63.9254
    endloop
  endfacet
  facet normal -0.389421 -0.248083 0.887021
    outer loop
      vertex 59.7754 43.0714 63.9254
      vertex 56.7718 47.7862 63.9254
      vertex 56.6333 47.5463 63.7975
    endloop
  endfacet
  facet normal -0.357395 -0.225042 0.906435
    outer loop
      vertex 59.7754 43.0714 63.9254
      vertex 56.6333 47.5463 63.7975
      vertex 59.3049 42.8765 63.6915
    endloop
  endfacet
  facet normal -0.322726 -0.205603 0.923891
    outer loop
      vertex 56.6333 47.5463 63.7975
      vertex 56.4744 47.3194 63.6915
      vertex 59.3049 42.8765 63.6915
    endloop
  endfacet
  facet normal -0.253706 -0.161632 0.953682
    outer loop
      vertex 59.3049 42.8765 63.6915
      vertex 56.4744 47.3194 63.6915
      vertex 56.2964 47.1073 63.6082
    endloop
  endfacet
  facet normal -0.219314 -0.136934 0.965997
    outer loop
      vertex 59.3049 42.8765 63.6915
      vertex 56.2964 47.1073 63.6082
      vertex 58.8034 42.6688 63.5482
    endloop
  endfacet
  facet normal -0.0368407 -0.0234695 0.999046
    outer loop
      vertex 55.6615 46.5745 63.5
      vertex 58.2861 42.4546 63.5
      vertex 55.8884 46.7334 63.5121
    endloop
  endfacet
  facet normal -0.0743963 -0.0445065 0.996235
    outer loop
      vertex 55.8884 46.7334 63.5121
      vertex 58.2861 42.4546 63.5
      vertex 58.8034 42.6688 63.5482
    endloop
  endfacet
  facet normal -0.109959 -0.0700534 0.991464
    outer loop
      vertex 55.8884 46.7334 63.5121
      vertex 58.8034 42.6688 63.5482
      vertex 56.1005 46.9114 63.5482
    endloop
  endfacet
  facet normal -0.182648 -0.116362 0.976268
    outer loop
      vertex 56.1005 46.9114 63.5482
      vertex 58.8034 42.6688 63.5482
      vertex 56.2964 47.1073 63.6082
    endloop
  endfacet
  facet normal -0.58335 -0.373689 0.721152
    outer loop
      vertex 60.2007 43.2476 64.2428
      vertex 60.4889 43.367 64.5378
      vertex 57.1034 48.8378 64.6341
    endloop
  endfacet
  facet normal -0.635247 -0.404689 0.657791
    outer loop
      vertex 57.1034 48.8378 64.6341
      vertex 60.4889 43.367 64.5378
      vertex 60.5673 43.4003 64.634
    endloop
  endfacet
  facet normal -0.690928 -0.440159 0.573479
    outer loop
      vertex 57.1034 48.8378 64.6341
      vertex 60.5673 43.4003 64.634
      vertex 57.1275 49.3907 65.0875
    endloop
  endfacet
  facet normal -0.667472 -0.429334 0.608403
    outer loop
      vertex 60.5673 43.4003 64.634
      vertex 60.7228 43.4713 64.8547
      vertex 57.1275 49.3907 65.0875
    endloop
  endfacet
  facet normal -0.711286 -0.45315 0.537333
    outer loop
      vertex 57.1275 49.3907 65.0875
      vertex 60.7228 43.4713 64.8547
      vertex 60.8563 43.5378 65.0875
    endloop
  endfacet
  facet normal -0.76435 -0.486956 0.422661
    outer loop
      vertex 57.1275 49.3907 65.0875
      vertex 60.8563 43.5378 65.0875
      vertex 57.0553 49.9394 65.5891
    endloop
  endfacet
  facet normal -0.746447 -0.479373 0.461539
    outer loop
      vertex 60.8563 43.5378 65.0875
      vertex 60.969 43.5981 65.3324
      vertex 57.0553 49.9394 65.5891
    endloop
  endfacet
  facet normal -0.779065 -0.496326 0.383039
    outer loop
      vertex 57.0553 49.9394 65.5891
      vertex 60.969 43.5981 65.3324
      vertex 61.0617 43.6507 65.5891
    endloop
  endfacet
  facet normal -0.814628 -0.518983 0.258917
    outer loop
      vertex 57.0553 49.9394 65.5891
      vertex 61.0617 43.6507 65.5891
      vertex 56.8889 50.4673 66.1237
    endloop
  endfacet
  facet normal -0.802827 -0.515011 0.300387
    outer loop
      vertex 61.0617 43.6507 65.5891
      vertex 61.1336 43.6933 65.8543
      vertex 56.8889 50.4673 66.1237
    endloop
  endfacet
  facet normal -0.823444 -0.524583 0.216223
    outer loop
      vertex 56.8889 50.4673 66.1237
      vertex 61.1336 43.6933 65.8543
      vertex 61.1844 43.7246 66.1237
    endloop
  endfacet
  facet normal -0.840192 -0.535252 0.087071
    outer loop
      vertex 56.8889 50.4673 66.1237
      vertex 61.1844 43.7246 66.1237
      vertex 56.6333 50.9582 66.675
    endloop
  endfacet
  facet normal -0.834603 -0.535075 0.130893
    outer loop
      vertex 56.6333 50.9582 66.675
      vertex 61.1844 43.7246 66.1237
      vertex 61.215 43.7438 66.3973
    endloop
  endfacet
  facet normal -0.842595 -0.536787 0.0435131
    outer loop
      vertex 56.6333 50.9582 66.675
      vertex 61.215 43.7438 66.3973
      vertex 61.2252 43.7503 66.675
    endloop
  endfacet
  facet normal -0.0734476 -0.0467901 -0.996201
    outer loop
      vertex 58.8034 42.6688 25.3518
      vertex 58.2861 42.4546 25.4
      vertex 55.6615 46.5745 25.4
    endloop
  endfacet
  facet normal -0.0396004 -0.0195272 -0.999025
    outer loop
      vertex 55.6615 46.5745 25.4
      vertex 55.8884 46.7334 25.3879
      vertex 58.8034 42.6688 25.3518
    endloop
  endfacet
  facet normal -0.109959 -0.0700534 -0.991464
    outer loop
      vertex 58.8034 42.6688 25.3518
      vertex 55.8884 46.7334 25.3879
      vertex 56.1005 46.9114 25.3518
    endloop
  endfacet
  facet normal -0.218378 -0.139125 -0.965896
    outer loop
      vertex 58.8034 42.6688 25.3518
      vertex 56.1005 46.9114 25.3518
      vertex 59.3049 42.8765 25.2085
    endloop
  endfacet
  facet normal -0.185938 -0.113003 -0.976042
    outer loop
      vertex 56.1005 46.9114 25.3518
      vertex 56.2964 47.1073 25.2918
      vertex 59.3049 42.8765 25.2085
    endloop
  endfacet
  facet normal -0.253706 -0.161632 -0.953682
    outer loop
      vertex 59.3049 42.8765 25.2085
      vertex 56.2964 47.1073 25.2918
      vertex 56.4744 47.3194 25.2085
    endloop
  endfacet
  facet normal -0.356469 -0.2271 -0.906287
    outer loop
      vertex 59.3049 42.8765 25.2085
      vertex 56.4744 47.3194 25.2085
      vertex 59.7754 43.0714 24.9746
    endloop
  endfacet
  facet normal -0.326351 -0.202763 -0.923246
    outer loop
      vertex 56.4744 47.3194 25.2085
      vertex 56.6333 47.5463 25.1025
      vertex 59.7754 43.0714 24.9746
    endloop
  endfacet
  facet normal -0.389421 -0.248083 -0.887021
    outer loop
      vertex 59.7754 43.0714 24.9746
      vertex 56.6333 47.5463 25.1025
      vertex 56.7718 47.7862 24.9746
    endloop
  endfacet
  facet normal -0.4837 -0.308145 -0.819195
    outer loop
      vertex 59.7754 43.0714 24.9746
      vertex 56.7718 47.7862 24.9746
      vertex 60.2007 43.2476 24.6572
    endloop
  endfacet
  facet normal -0.4568 -0.286209 -0.84227
    outer loop
      vertex 56.7718 47.7862 24.9746
      vertex 56.8889 48.0372 24.8258
      vertex 60.2007 43.2476 24.6572
    endloop
  endfacet
  facet normal -0.513421 -0.327081 -0.793358
    outer loop
      vertex 60.2007 43.2476 24.6572
      vertex 56.8889 48.0372 24.8258
      vertex 56.9836 48.2975 24.6572
    endloop
  endfacet
  facet normal -0.584149 -0.372139 -0.721306
    outer loop
      vertex 60.2007 43.2476 24.6572
      vertex 56.9836 48.2975 24.6572
      vertex 60.4889 43.367 24.3622
    endloop
  endfacet
  facet normal -0.595036 -0.380686 -0.70782
    outer loop
      vertex 60.4889 43.367 24.3622
      vertex 56.9836 48.2975 24.6572
      vertex 57.1034 48.8378 24.2659
    endloop
  endfacet
  facet normal -0.635256 -0.404695 -0.657778
    outer loop
      vertex 60.4889 43.367 24.3622
      vertex 57.1034 48.8378 24.2659
      vertex 60.5674 43.4003 24.2659
    endloop
  endfacet
  facet normal -0.669178 -0.426305 -0.608659
    outer loop
      vertex 60.5674 43.4003 24.2659
      vertex 57.1034 48.8378 24.2659
      vertex 60.7224 43.4711 24.0459
    endloop
  endfacet
  facet normal -0.68924 -0.441226 -0.57469
    outer loop
      vertex 60.7224 43.4711 24.0459
      vertex 57.1034 48.8378 24.2659
      vertex 57.1275 49.3907 23.8125
    endloop
  endfacet
  facet normal -0.7112 -0.453095 -0.537494
    outer loop
      vertex 60.7224 43.4711 24.0459
      vertex 57.1275 49.3907 23.8125
      vertex 60.8563 43.5378 23.8125
    endloop
  endfacet
  facet normal -0.748139 -0.476629 -0.461641
    outer loop
      vertex 60.8563 43.5378 23.8125
      vertex 57.1275 49.3907 23.8125
      vertex 60.969 43.5981 23.5676
    endloop
  endfacet
  facet normal -0.762914 -0.488018 -0.424029
    outer loop
      vertex 60.969 43.5981 23.5676
      vertex 57.1275 49.3907 23.8125
      vertex 57.0553 49.9394 23.3109
    endloop
  endfacet
  facet normal -0.779065 -0.496326 -0.383039
    outer loop
      vertex 60.969 43.5981 23.5676
      vertex 57.0553 49.9394 23.3109
      vertex 61.0617 43.6507 23.3109
    endloop
  endfacet
  facet normal -0.804377 -0.512452 -0.300617
    outer loop
      vertex 61.0617 43.6507 23.3109
      vertex 57.0553 49.9394 23.3109
      vertex 61.1334 43.6932 23.0466
    endloop
  endfacet
  facet normal -0.813461 -0.520086 -0.260369
    outer loop
      vertex 61.1334 43.6932 23.0466
      vertex 57.0553 49.9394 23.3109
      vertex 56.8889 50.4673 22.7763
    endloop
  endfacet
  facet normal -0.823429 -0.524573 -0.216302
    outer loop
      vertex 61.1334 43.6932 23.0466
      vertex 56.8889 50.4673 22.7763
      vertex 61.1844 43.7246 22.7763
    endloop
  endfacet
  facet normal -0.836144 -0.532674 -0.130849
    outer loop
      vertex 61.1844 43.7246 22.7763
      vertex 56.8889 50.4673 22.7763
      vertex 61.215 43.7438 22.5026
    endloop
  endfacet
  facet normal -0.839293 -0.536422 -0.0885297
    outer loop
      vertex 61.215 43.7438 22.5026
      vertex 56.8889 50.4673 22.7763
      vertex 56.6333 50.9582 22.225
    endloop
  endfacet
  facet normal -0.842594 -0.536787 -0.0435287
    outer loop
      vertex 61.215 43.7438 22.5026
      vertex 56.6333 50.9582 22.225
      vertex 61.2252 43.7503 22.225
    endloop
  endfacet
  facet normal -0.765996 0.642845 0
    outer loop
      vertex 56.4744 47.3194 63.6915
      vertex 56.4744 47.3194 25.2085
      vertex 56.2964 47.1073 25.2918
    endloop
  endfacet
  facet normal -0.461825 0.886971 0
    outer loop
      vertex 55.1706 46.3189 25.4
      vertex 55.1706 46.3189 63.5
      vertex 55.6615 46.5745 25.4
    endloop
  endfacet
  facet normal -0.461825 0.886971 0
    outer loop
      vertex 55.6615 46.5745 25.4
      vertex 55.1706 46.3189 63.5
      vertex 55.6615 46.5745 63.5
    endloop
  endfacet
  facet normal -0.573632 0.819113 0
    outer loop
      vertex 55.6615 46.5745 25.4
      vertex 55.6615 46.5745 63.5
      vertex 55.8884 46.7334 25.3879
    endloop
  endfacet
  facet normal -0.573632 0.819113 0
    outer loop
      vertex 55.8884 46.7334 25.3879
      vertex 55.6615 46.5745 63.5
      vertex 55.8884 46.7334 63.5121
    endloop
  endfacet
  facet normal -0.642845 0.765996 0
    outer loop
      vertex 55.8884 46.7334 25.3879
      vertex 55.8884 46.7334 63.5121
      vertex 56.1005 46.9114 25.3518
    endloop
  endfacet
  facet normal -0.642845 0.765996 0
    outer loop
      vertex 56.1005 46.9114 25.3518
      vertex 55.8884 46.7334 63.5121
      vertex 56.1005 46.9114 63.5482
    endloop
  endfacet
  facet normal -0.707107 0.707107 0
    outer loop
      vertex 56.1005 46.9114 25.3518
      vertex 56.1005 46.9114 63.5482
      vertex 56.2964 47.1073 25.2918
    endloop
  endfacet
  facet normal -0.707107 0.707107 0
    outer loop
      vertex 56.2964 47.1073 25.2918
      vertex 56.1005 46.9114 63.5482
      vertex 56.2964 47.1073 63.6082
    endloop
  endfacet
  facet normal -0.765996 0.642845 0
    outer loop
      vertex 56.2964 47.1073 25.2918
      vertex 56.2964 47.1073 63.6082
      vertex 56.4744 47.3194 63.6915
    endloop
  endfacet
  facet normal -0.819113 0.573632 0
    outer loop
      vertex 56.4744 47.3194 25.2085
      vertex 56.4744 47.3194 63.6915
      vertex 56.6333 47.5463 25.1025
    endloop
  endfacet
  facet normal -0.819113 0.573632 0
    outer loop
      vertex 56.6333 47.5463 25.1025
      vertex 56.4744 47.3194 63.6915
      vertex 56.6333 47.5463 63.7975
    endloop
  endfacet
  facet normal -0.866035 0.499983 0
    outer loop
      vertex 56.6333 47.5463 25.1025
      vertex 56.6333 47.5463 63.7975
      vertex 56.7718 47.7862 24.9746
    endloop
  endfacet
  facet normal -0.866035 0.499983 0
    outer loop
      vertex 56.7718 47.7862 24.9746
      vertex 56.6333 47.5463 63.7975
      vertex 56.7718 47.7862 63.9254
    endloop
  endfacet
  facet normal -0.906229 0.422787 0
    outer loop
      vertex 56.7718 47.7862 24.9746
      vertex 56.7718 47.7862 63.9254
      vertex 56.8889 48.0372 24.8258
    endloop
  endfacet
  facet normal -0.906229 0.422787 0
    outer loop
      vertex 56.7718 47.7862 63.9254
      vertex 56.8889 48.0372 64.0742
      vertex 56.8889 48.0372 24.8258
    endloop
  endfacet
  facet normal -0.939741 0.341888 0
    outer loop
      vertex 56.8889 48.0372 24.8258
      vertex 56.8889 48.0372 64.0742
      vertex 56.9836 48.2975 64.2428
    endloop
  endfacet
  facet normal -0.939741 0.341888 0
    outer loop
      vertex 56.8889 48.0372 24.8258
      vertex 56.9836 48.2975 64.2428
      vertex 56.9836 48.2975 24.6572
    endloop
  endfacet
  facet normal -0.976289 0.216471 0
    outer loop
      vertex 56.9836 48.2975 24.6572
      vertex 56.9836 48.2975 64.2428
      vertex 57.1034 48.8378 64.6341
    endloop
  endfacet
  facet normal -0.976289 0.216471 0
    outer loop
      vertex 56.9836 48.2975 24.6572
      vertex 57.1034 48.8378 64.6341
      vertex 57.1034 48.8378 24.2659
    endloop
  endfacet
  facet normal -0.999051 0.043547 0
    outer loop
      vertex 57.1034 48.8378 24.2659
      vertex 57.1034 48.8378 64.6341
      vertex 57.1275 49.3907 65.0875
    endloop
  endfacet
  facet normal -0.999051 0.043547 0
    outer loop
      vertex 57.1034 48.8378 24.2659
      vertex 57.1275 49.3907 65.0875
      vertex 57.1275 49.3907 23.8125
    endloop
  endfacet
  facet normal -0.991454 -0.130459 0
    outer loop
      vertex 57.1275 49.3907 23.8125
      vertex 57.1275 49.3907 65.0875
      vertex 57.0553 49.9394 65.5891
    endloop
  endfacet
  facet normal -0.991454 -0.130459 0
    outer loop
      vertex 57.1275 49.3907 23.8125
      vertex 57.0553 49.9394 65.5891
      vertex 57.0553 49.9394 23.3109
    endloop
  endfacet
  facet normal -0.953741 -0.30063 0
    outer loop
      vertex 57.0553 49.9394 23.3109
      vertex 57.0553 49.9394 65.5891
      vertex 56.8889 50.4673 66.1237
    endloop
  endfacet
  facet normal -0.953741 -0.30063 0
    outer loop
      vertex 57.0553 49.9394 23.3109
      vertex 56.8889 50.4673 66.1237
      vertex 56.8889 50.4673 22.7763
    endloop
  endfacet
  facet normal -0.886971 -0.461825 0
    outer loop
      vertex 56.8889 50.4673 22.7763
      vertex 56.8889 50.4673 66.1237
      vertex 56.6333 50.9582 66.675
    endloop
  endfacet
  facet normal -0.886971 -0.461825 0
    outer loop
      vertex 56.8889 50.4673 22.7763
      vertex 56.6333 50.9582 66.675
      vertex 56.6333 50.9582 22.225
    endloop
  endfacet
  facet normal 0.381507 -0.921031 -0.0784548
    outer loop
      vertex 14.1201 1.82253 28.575
      vertex 9.72016 0 28.575
      vertex 9.7052 0.036113 28.0783
    endloop
  endfacet
  facet normal 0.381503 -0.921036 -0.0784035
    outer loop
      vertex 14.1201 1.82253 28.575
      vertex 9.7052 0.036113 28.0783
      vertex 14.1052 1.85864 28.0783
    endloop
  endfacet
  facet normal 0.372106 -0.898349 -0.233468
    outer loop
      vertex 14.1052 1.85864 28.0783
      vertex 9.7052 0.036113 28.0783
      vertex 9.66069 0.143565 27.5939
    endloop
  endfacet
  facet normal 0.372106 -0.898347 -0.233475
    outer loop
      vertex 14.1052 1.85864 28.0783
      vertex 9.66069 0.143565 27.5939
      vertex 14.0607 1.9661 27.5939
    endloop
  endfacet
  facet normal 0.353553 -0.853556 -0.382678
    outer loop
      vertex 14.0607 1.9661 27.5939
      vertex 9.66069 0.143565 27.5939
      vertex 9.58773 0.319712 27.1336
    endloop
  endfacet
  facet normal 0.353552 -0.85355 -0.382693
    outer loop
      vertex 14.0607 1.9661 27.5939
      vertex 9.58773 0.319712 27.1336
      vertex 13.9877 2.14224 27.1336
    endloop
  endfacet
  facet normal 0.326292 -0.787737 -0.522497
    outer loop
      vertex 13.9877 2.14224 27.1336
      vertex 9.58773 0.319712 27.1336
      vertex 9.48811 0.560213 26.7088
    endloop
  endfacet
  facet normal 0.326293 -0.787745 -0.522485
    outer loop
      vertex 13.9877 2.14224 27.1336
      vertex 9.48811 0.560213 26.7088
      vertex 13.8881 2.38274 26.7088
    endloop
  endfacet
  facet normal 0.291011 -0.702567 -0.649394
    outer loop
      vertex 13.8881 2.38274 26.7088
      vertex 9.48811 0.560213 26.7088
      vertex 9.36429 0.859149 26.3299
    endloop
  endfacet
  facet normal 0.291012 -0.70257 -0.64939
    outer loop
      vertex 13.8881 2.38274 26.7088
      vertex 9.36429 0.859149 26.3299
      vertex 13.7643 2.68168 26.3299
    endloop
  endfacet
  facet normal 0.248501 -0.599939 -0.760473
    outer loop
      vertex 13.7643 2.68168 26.3299
      vertex 9.36429 0.859149 26.3299
      vertex 9.21931 1.20916 26.0064
    endloop
  endfacet
  facet normal 0.2485 -0.599933 -0.760479
    outer loop
      vertex 13.7643 2.68168 26.3299
      vertex 9.21931 1.20916 26.0064
      vertex 13.6193 3.03169 26.0064
    endloop
  endfacet
  facet normal 0.199943 -0.482706 -0.852653
    outer loop
      vertex 13.6193 3.03169 26.0064
      vertex 9.21931 1.20916 26.0064
      vertex 9.05675 1.60162 25.7461
    endloop
  endfacet
  facet normal 0.199939 -0.482693 -0.852662
    outer loop
      vertex 13.6193 3.03169 26.0064
      vertex 9.05675 1.60162 25.7461
      vertex 13.4567 3.42415 25.7461
    endloop
  endfacet
  facet normal 0.146475 -0.353619 -0.92385
    outer loop
      vertex 13.4567 3.42415 25.7461
      vertex 9.05675 1.60162 25.7461
      vertex 8.8806 2.02687 25.5554
    endloop
  endfacet
  facet normal 0.146479 -0.353632 -0.923844
    outer loop
      vertex 13.4567 3.42415 25.7461
      vertex 8.8806 2.02687 25.5554
      vertex 13.2806 3.8494 25.5554
    endloop
  endfacet
  facet normal 0.0893298 -0.215662 -0.972373
    outer loop
      vertex 13.2806 3.8494 25.5554
      vertex 8.8806 2.02687 25.5554
      vertex 8.69521 2.47445 25.4391
    endloop
  endfacet
  facet normal 0.0893293 -0.215661 -0.972374
    outer loop
      vertex 13.2806 3.8494 25.5554
      vertex 8.69521 2.47445 25.4391
      vertex 13.0952 4.29698 25.4391
    endloop
  endfacet
  facet normal 0.0300331 -0.0725064 -0.996916
    outer loop
      vertex 13.0952 4.29698 25.4391
      vertex 8.69521 2.47445 25.4391
      vertex 8.50514 2.93332 25.4
    endloop
  endfacet
  facet normal 0.0300325 -0.0725047 -0.996916
    outer loop
      vertex 13.0952 4.29698 25.4391
      vertex 8.50514 2.93332 25.4
      vertex 12.9051 4.75585 25.4
    endloop
  endfacet
  facet normal 0.381231 -0.920366 0.0871144
    outer loop
      vertex 9.72016 0 60.325
      vertex 14.1201 1.82253 60.325
      vertex 14.1017 1.86709 60.8763
    endloop
  endfacet
  facet normal 0.381224 -0.920364 0.0871649
    outer loop
      vertex 9.72016 0 60.325
      vertex 14.1017 1.86709 60.8763
      vertex 9.7017 0.0445656 60.8763
    endloop
  endfacet
  facet normal 0.369643 -0.892404 0.258805
    outer loop
      vertex 9.7017 0.0445656 60.8763
      vertex 14.1017 1.86709 60.8763
      vertex 14.0469 1.99943 61.4109
    endloop
  endfacet
  facet normal 0.369642 -0.892403 0.258808
    outer loop
      vertex 9.7017 0.0445656 60.8763
      vertex 14.0469 1.99943 61.4109
      vertex 9.64688 0.176899 61.4109
    endloop
  endfacet
  facet normal 0.346829 -0.837326 0.422605
    outer loop
      vertex 9.64688 0.176899 61.4109
      vertex 14.0469 1.99943 61.4109
      vertex 13.9574 2.21552 61.9125
    endloop
  endfacet
  facet normal 0.346827 -0.837324 0.42261
    outer loop
      vertex 9.64688 0.176899 61.4109
      vertex 13.9574 2.21552 61.9125
      vertex 9.55738 0.392992 61.9125
    endloop
  endfacet
  facet normal 0.313458 -0.756762 0.573634
    outer loop
      vertex 9.55738 0.392992 61.9125
      vertex 13.9574 2.21552 61.9125
      vertex 13.8359 2.5088 62.3658
    endloop
  endfacet
  facet normal 0.313464 -0.756771 0.573618
    outer loop
      vertex 9.55738 0.392992 61.9125
      vertex 13.8359 2.5088 62.3658
      vertex 9.4359 0.686266 62.3658
    endloop
  endfacet
  facet normal 0.270613 -0.65332 0.707066
    outer loop
      vertex 9.4359 0.686266 62.3658
      vertex 13.8359 2.5088 62.3658
      vertex 13.6861 2.87035 62.7572
    endloop
  endfacet
  facet normal 0.270619 -0.653329 0.707055
    outer loop
      vertex 9.4359 0.686266 62.3658
      vertex 13.6861 2.87035 62.7572
      vertex 9.28614 1.04782 62.7572
    endloop
  endfacet
  facet normal 0.21948 -0.529869 0.819187
    outer loop
      vertex 9.28614 1.04782 62.7572
      vertex 13.6861 2.87035 62.7572
      vertex 13.5126 3.28919 63.0746
    endloop
  endfacet
  facet normal 0.219481 -0.529872 0.819185
    outer loop
      vertex 9.28614 1.04782 62.7572
      vertex 13.5126 3.28919 63.0746
      vertex 9.11265 1.46666 63.0746
    endloop
  endfacet
  facet normal 0.16174 -0.390472 0.906296
    outer loop
      vertex 9.11265 1.46666 63.0746
      vertex 13.5126 3.28919 63.0746
      vertex 13.3207 3.75259 63.3085
    endloop
  endfacet
  facet normal 0.16173 -0.390455 0.906305
    outer loop
      vertex 9.11265 1.46666 63.0746
      vertex 13.3207 3.75259 63.3085
      vertex 8.9207 1.93007 63.3085
    endloop
  endfacet
  facet normal 0.0990813 -0.239206 0.9659
    outer loop
      vertex 8.9207 1.93007 63.3085
      vertex 13.3207 3.75259 63.3085
      vertex 13.1161 4.24648 63.4518
    endloop
  endfacet
  facet normal 0.0990859 -0.239214 0.965898
    outer loop
      vertex 8.9207 1.93007 63.3085
      vertex 13.1161 4.24648 63.4518
      vertex 8.71613 2.42395 63.4518
    endloop
  endfacet
  facet normal 0.0333282 -0.0804614 0.9962
    outer loop
      vertex 8.71613 2.42395 63.4518
      vertex 13.1161 4.24648 63.4518
      vertex 12.9051 4.75585 63.5
    endloop
  endfacet
  facet normal 0.0333285 -0.0804619 0.9962
    outer loop
      vertex 8.71613 2.42395 63.4518
      vertex 12.9051 4.75585 63.5
      vertex 8.50514 2.93332 63.5
    endloop
  endfacet
  facet normal 0.461683 -0.887045 0
    outer loop
      vertex 9.15582 22.1041 25.4
      vertex 9.15582 22.1041 63.5
      vertex 8.66492 21.8486 25.4
    endloop
  endfacet
  facet normal 0.461683 -0.887045 0
    outer loop
      vertex 8.66492 21.8486 25.4
      vertex 9.15582 22.1041 63.5
      vertex 8.66492 21.8486 63.5
    endloop
  endfacet
  facet normal 0.60875 -0.793362 0
    outer loop
      vertex 8.66492 21.8486 25.4
      vertex 8.66492 21.8486 63.5
      vertex 8.22585 21.5117 25.4
    endloop
  endfacet
  facet normal 0.60875 -0.793362 0
    outer loop
      vertex 8.22585 21.5117 25.4
      vertex 8.66492 21.8486 63.5
      vertex 8.22585 21.5117 63.5
    endloop
  endfacet
  facet normal 0.737327 -0.675536 0
    outer loop
      vertex 8.22585 21.5117 25.4
      vertex 8.22585 21.5117 63.5
      vertex 7.85195 21.1036 25.4
    endloop
  endfacet
  facet normal 0.737327 -0.675536 0
    outer loop
      vertex 7.85195 21.1036 25.4
      vertex 8.22585 21.5117 63.5
      vertex 7.85195 21.1036 63.5
    endloop
  endfacet
  facet normal 0.843403 -0.537281 0
    outer loop
      vertex 7.85195 21.1036 25.4
      vertex 7.85195 21.1036 63.5
      vertex 7.55458 20.6368 25.4
    endloop
  endfacet
  facet normal 0.843403 -0.537281 0
    outer loop
      vertex 7.55458 20.6368 25.4
      vertex 7.85195 21.1036 63.5
      vertex 7.55458 20.6368 63.5
    endloop
  endfacet
  facet normal 0.923878 -0.382687 0
    outer loop
      vertex 7.55458 20.6368 25.4
      vertex 7.55458 20.6368 63.5
      vertex 7.34279 20.1255 25.4
    endloop
  endfacet
  facet normal 0.923878 -0.382687 0
    outer loop
      vertex 7.34279 20.1255 25.4
      vertex 7.55458 20.6368 63.5
      vertex 7.34279 20.1255 63.5
    endloop
  endfacet
  facet normal 0.976297 -0.216437 0
    outer loop
      vertex 7.34279 20.1255 25.4
      vertex 7.34279 20.1255 63.5
      vertex 7.22301 19.5852 25.4
    endloop
  endfacet
  facet normal 0.976297 -0.216437 0
    outer loop
      vertex 7.22301 19.5852 25.4
      vertex 7.34279 20.1255 63.5
      vertex 7.22301 19.5852 63.5
    endloop
  endfacet
  facet normal 0.999047 -0.0436372 0
    outer loop
      vertex 7.22301 19.5852 25.4
      vertex 7.22301 19.5852 63.5
      vertex 7.19886 19.0323 25.4
    endloop
  endfacet
  facet normal 0.999047 -0.0436372 0
    outer loop
      vertex 7.19886 19.0323 25.4
      vertex 7.22301 19.5852 63.5
      vertex 7.19886 19.0323 63.5
    endloop
  endfacet
  facet normal 0.991444 0.13053 -0
    outer loop
      vertex 7.19886 19.0323 25.4
      vertex 7.19886 19.0323 63.5
      vertex 7.2711 18.4836 25.4
    endloop
  endfacet
  facet normal 0.991444 0.13053 -0
    outer loop
      vertex 7.2711 18.4836 25.4
      vertex 7.19886 19.0323 63.5
      vertex 7.2711 18.4836 63.5
    endloop
  endfacet
  facet normal 0.953709 0.300731 -0
    outer loop
      vertex 7.2711 18.4836 25.4
      vertex 7.2711 18.4836 63.5
      vertex 7.43753 17.9558 25.4
    endloop
  endfacet
  facet normal 0.953709 0.300731 -0
    outer loop
      vertex 7.43753 17.9558 25.4
      vertex 7.2711 18.4836 63.5
      vertex 7.43753 17.9558 63.5
    endloop
  endfacet
endsolid OpenSCAD_Model
