solid OpenSCAD_Model
  facet normal 0.49603 -0.868305 -0.000568743
    outer loop
      vertex 60.9975 43.615 64.3873
      vertex 60.9978 43.6145 65.4123
      vertex 60.969 43.5981 65.3324
    endloop
  endfacet
  facet normal 0.474202 -0.880415 -0.00144351
    outer loop
      vertex 60.8563 43.5378 65.0875
      vertex 60.9975 43.615 64.3873
      vertex 60.969 43.5981 65.3324
    endloop
  endfacet
  facet normal 0.474115 -0.880462 -0.00146608
    outer loop
      vertex 60.9975 43.615 64.3873
      vertex 60.8563 43.5378 65.0875
      vertex 60.9956 43.618 61.9712
    endloop
  endfacet
  facet normal 0.449881 -0.893084 -0.00287419
    outer loop
      vertex 60.7228 43.4713 64.8547
      vertex 60.9956 43.618 61.9712
      vertex 60.8563 43.5378 65.0875
    endloop
  endfacet
  facet normal 0.449688 -0.893181 -0.00289743
    outer loop
      vertex 60.9956 43.618 61.9712
      vertex 60.7228 43.4713 64.8547
      vertex 60.9933 43.6215 60.5353
    endloop
  endfacet
  facet normal 0.421375 -0.906872 -0.00514662
    outer loop
      vertex 60.5673 43.4003 64.634
      vertex 60.9933 43.6215 60.5353
      vertex 60.7228 43.4713 64.8547
    endloop
  endfacet
  facet normal 0.42081 -0.907134 -0.00521943
    outer loop
      vertex 60.9933 43.6215 60.5353
      vertex 60.5673 43.4003 64.634
      vertex 60.9907 43.6256 59.6131
    endloop
  endfacet
  facet normal 0.398739 -0.917034 -0.00752489
    outer loop
      vertex 60.4889 43.367 64.5378
      vertex 60.9907 43.6256 59.6131
      vertex 60.5673 43.4003 64.634
    endloop
  endfacet
  facet normal 0.398849 -0.916986 -0.0075111
    outer loop
      vertex 60.9907 43.6256 59.6131
      vertex 60.4889 43.367 64.5378
      vertex 60.9894 43.6276 59.2999
    endloop
  endfacet
  facet normal 0.461827 -0.88697 0
    outer loop
      vertex 60.4889 43.367 64.5378
      vertex 60.9894 43.6276 29.6001
      vertex 60.9894 43.6276 59.2999
    endloop
  endfacet
  facet normal 0.461827 -0.88697 0
    outer loop
      vertex 60.9894 43.6276 29.6001
      vertex 60.4889 43.367 64.5378
      vertex 60.4889 43.367 24.3622
    endloop
  endfacet
  facet normal 0.396438 -0.918028 0.00779339
    outer loop
      vertex 60.4889 43.367 24.3622
      vertex 60.9907 43.6255 29.2866
      vertex 60.9894 43.6276 29.6001
    endloop
  endfacet
  facet normal 0.398349 -0.917203 0.00755528
    outer loop
      vertex 60.9907 43.6255 29.2866
      vertex 60.4889 43.367 24.3622
      vertex 60.5674 43.4003 24.2659
    endloop
  endfacet
  facet normal 0.42147 -0.906828 0.00514055
    outer loop
      vertex 60.5674 43.4003 24.2659
      vertex 60.9933 43.6215 28.3678
      vertex 60.9907 43.6255 29.2866
    endloop
  endfacet
  facet normal 0.4215 -0.906814 0.00513673
    outer loop
      vertex 60.9933 43.6215 28.3678
      vertex 60.5674 43.4003 24.2659
      vertex 60.7224 43.4711 24.0459
    endloop
  endfacet
  facet normal 0.449741 -0.893154 0.00289121
    outer loop
      vertex 60.7224 43.4711 24.0459
      vertex 60.9956 43.618 26.9288
      vertex 60.9933 43.6215 28.3678
    endloop
  endfacet
  facet normal 0.449884 -0.893083 0.00287406
    outer loop
      vertex 60.9956 43.618 26.9288
      vertex 60.7224 43.4711 24.0459
      vertex 60.8563 43.5378 23.8125
    endloop
  endfacet
  facet normal 0.474115 -0.880462 0.00146608
    outer loop
      vertex 60.8563 43.5378 23.8125
      vertex 60.9975 43.615 24.5127
      vertex 60.9956 43.618 26.9288
    endloop
  endfacet
  facet normal 0.474202 -0.880415 0.00144351
    outer loop
      vertex 60.9975 43.615 24.5127
      vertex 60.8563 43.5378 23.8125
      vertex 60.969 43.5981 23.5676
    endloop
  endfacet
  facet normal 0.49603 -0.868305 0.000568743
    outer loop
      vertex 60.9978 43.6145 23.4877
      vertex 60.9975 43.615 24.5127
      vertex 60.969 43.5981 23.5676
    endloop
  endfacet
  facet normal -0.382683 0.92388 0
    outer loop
      vertex 55.1706 46.3189 25.4
      vertex 0 23.4665 63.5
      vertex 55.1706 46.3189 63.5
    endloop
  endfacet
  facet normal -0.382683 0.92388 0
    outer loop
      vertex 0 23.4665 63.5
      vertex 55.1706 46.3189 25.4
      vertex 0 23.4665 25.4
    endloop
  endfacet
  facet normal -0.923878 -0.382686 -7.47587e-06
    outer loop
      vertex 4.44452 12.7365 28.7665
      vertex 4.25257 13.1999 29.0004
      vertex 0 23.4665 25.4
    endloop
  endfacet
  facet normal -0.923885 -0.382669 4.8287e-05
    outer loop
      vertex 4.25257 13.1999 29.0004
      vertex 4.07908 13.6188 29.3178
      vertex 0 23.4665 25.4
    endloop
  endfacet
  facet normal -0.923874 -0.382698 -3.57881e-05
    outer loop
      vertex 4.07908 13.6188 29.3178
      vertex 3.92932 13.9803 29.7091
      vertex 0 23.4665 25.4
    endloop
  endfacet
  facet normal -0.923882 -0.382679 1.42743e-05
    outer loop
      vertex 3.92932 13.9803 29.7091
      vertex 3.80784 14.2736 30.1625
      vertex 0 23.4665 25.4
    endloop
  endfacet
  facet normal -0.923873 -0.3827 2.88814e-05
    outer loop
      vertex 3.66352 14.622 57.7013
      vertex 3.71834 14.4897 58.2359
      vertex 0 23.4665 63.5
    endloop
  endfacet
  facet normal -0.923882 -0.382678 -1.37398e-05
    outer loop
      vertex 6.05664 8.84452 32.3013
      vertex 9.72016 0 28.575
      vertex 6.00182 8.97685 32.8359
    endloop
  endfacet
  facet normal -0.92388 -0.382683 -7.87997e-07
    outer loop
      vertex 8.50514 2.93332 25.4
      vertex 5.91232 9.19294 30.1625
      vertex 5.79084 9.48622 29.7091
    endloop
  endfacet
  facet normal -0.923879 -0.382684 1.60005e-06
    outer loop
      vertex 8.50514 2.93332 25.4
      vertex 5.79084 9.48622 29.7091
      vertex 5.64108 9.84777 29.3178
    endloop
  endfacet
  facet normal -0.923878 -0.382687 8.11277e-06
    outer loop
      vertex 8.50514 2.93332 25.4
      vertex 5.64108 9.84777 29.3178
      vertex 5.46759 10.2666 29.0004
    endloop
  endfacet
  facet normal -0.923878 -0.382687 6.12318e-06
    outer loop
      vertex 8.50514 2.93332 25.4
      vertex 5.46759 10.2666 29.0004
      vertex 5.27564 10.73 28.7665
    endloop
  endfacet
  facet normal -0.923883 -0.382674 -2.76577e-05
    outer loop
      vertex 8.50514 2.93332 25.4
      vertex 5.27564 10.73 28.7665
      vertex 5.07107 11.2239 28.6232
    endloop
  endfacet
  facet normal -0.923885 -0.38267 -3.88216e-05
    outer loop
      vertex 8.50514 2.93332 25.4
      vertex 5.07107 11.2239 28.6232
      vertex 4.86008 11.7333 28.575
    endloop
  endfacet
  facet normal -0.923879 -0.382684 5.50996e-06
    outer loop
      vertex 8.50514 2.93332 25.4
      vertex 4.86008 11.7333 28.575
      vertex 0 23.4665 25.4
    endloop
  endfacet
  facet normal -0.923869 -0.382708 -9.81163e-05
    outer loop
      vertex 4.86008 11.7333 28.575
      vertex 4.6491 12.2426 28.6232
      vertex 0 23.4665 25.4
    endloop
  endfacet
  facet normal -0.923879 -0.382684 1.4515e-06
    outer loop
      vertex 4.6491 12.2426 28.6232
      vertex 4.44452 12.7365 28.7665
      vertex 0 23.4665 25.4
    endloop
  endfacet
  facet normal -0.92386 -0.382731 0
    outer loop
      vertex 4.07908 13.6188 34.1822
      vertex 3.92932 13.9803 55.1091
      vertex 3.92932 13.9803 33.7909
    endloop
  endfacet
  facet normal -0.923898 -0.382639 -1.85476e-06
    outer loop
      vertex 4.07908 13.6188 34.1822
      vertex 4.25257 13.1999 34.4996
      vertex 3.92932 13.9803 55.1091
    endloop
  endfacet
  facet normal -0.923884 -0.382672 -2.22257e-05
    outer loop
      vertex 3.64506 14.6666 57.15
      vertex 3.66352 14.622 57.7013
      vertex 0 23.4665 63.5
    endloop
  endfacet
  facet normal -0.923879 -0.382684 2.59853e-06
    outer loop
      vertex 6.0751 8.79995 31.75
      vertex 9.72016 0 28.575
      vertex 6.05664 8.84452 32.3013
    endloop
  endfacet
  facet normal -0.92388 -0.382683 -2.45123e-06
    outer loop
      vertex 9.72016 0 28.575
      vertex 6.0751 8.79995 31.75
      vertex 6.05664 8.84452 31.1987
    endloop
  endfacet
  facet normal -0.923879 -0.382684 2.89324e-06
    outer loop
      vertex 9.7052 0.0361128 28.0783
      vertex 9.72016 0 28.575
      vertex 6.05664 8.84452 31.1987
    endloop
  endfacet
  facet normal -0.923878 -0.382687 1.13526e-05
    outer loop
      vertex 9.7052 0.0361128 28.0783
      vertex 6.05664 8.84452 31.1987
      vertex 6.00182 8.97685 30.6641
    endloop
  endfacet
  facet normal -0.923879 -0.382685 3.9266e-06
    outer loop
      vertex 9.66069 0.143564 27.5939
      vertex 9.7052 0.0361128 28.0783
      vertex 6.00182 8.97685 30.6641
    endloop
  endfacet
  facet normal -0.923879 -0.382685 6.25229e-07
    outer loop
      vertex 9.21931 1.20916 26.0064
      vertex 9.36429 0.859149 26.3299
      vertex 6.00182 8.97685 30.6641
    endloop
  endfacet
  facet normal -0.923877 -0.382689 3.5406e-07
    outer loop
      vertex 4.25257 13.1999 34.4996
      vertex 4.44452 12.7365 34.7335
      vertex 3.92932 13.9803 55.1091
    endloop
  endfacet
  facet normal -0.92388 -0.382683 -6.09801e-08
    outer loop
      vertex 4.44452 12.7365 34.7335
      vertex 4.6491 12.2426 34.8768
      vertex 3.92932 13.9803 55.1091
    endloop
  endfacet
  facet normal -0.923858 -0.382736 5.21977e-06
    outer loop
      vertex 4.6491 12.2426 34.8768
      vertex 4.07908 13.6188 54.7178
      vertex 3.92932 13.9803 55.1091
    endloop
  endfacet
  facet normal -0.923886 -0.382668 6.10353e-06
    outer loop
      vertex 3.92932 13.9803 55.1091
      vertex 3.80784 14.2736 55.5625
      vertex 0 23.4665 25.4
    endloop
  endfacet
  facet normal -0.92389 -0.382659 9.10452e-06
    outer loop
      vertex 3.80784 14.2736 55.5625
      vertex 3.71834 14.4897 56.0641
      vertex 0 23.4665 25.4
    endloop
  endfacet
  facet normal -0.923879 -0.382686 0
    outer loop
      vertex 3.71834 14.4897 56.0641
      vertex 0 23.4665 63.5
      vertex 0 23.4665 25.4
    endloop
  endfacet
  facet normal -0.923891 -0.382656 -4.16014e-05
    outer loop
      vertex 3.71834 14.4897 56.0641
      vertex 3.66352 14.622 56.5987
      vertex 0 23.4665 63.5
    endloop
  endfacet
  facet normal -0.923872 -0.382701 2.49812e-05
    outer loop
      vertex 3.66352 14.622 56.5987
      vertex 3.64506 14.6666 57.15
      vertex 0 23.4665 63.5
    endloop
  endfacet
  facet normal -0.923885 -0.382669 -4.8287e-05
    outer loop
      vertex 4.07908 13.6188 59.5822
      vertex 4.25257 13.1999 59.8996
      vertex 0 23.4665 63.5
    endloop
  endfacet
  facet normal -0.923878 -0.382686 7.47587e-06
    outer loop
      vertex 4.25257 13.1999 59.8996
      vertex 4.44452 12.7365 60.1335
      vertex 0 23.4665 63.5
    endloop
  endfacet
  facet normal -0.92388 -0.382683 2.45123e-06
    outer loop
      vertex 6.0751 8.79995 57.15
      vertex 9.72016 0 60.325
      vertex 6.05664 8.84452 57.7013
    endloop
  endfacet
  facet normal -0.923879 -0.382684 -8.0264e-07
    outer loop
      vertex 9.72016 0 60.325
      vertex 9.7017 0.0445652 60.8763
      vertex 6.05664 8.84452 57.7013
    endloop
  endfacet
  facet normal -0.923878 -0.382687 -1.13096e-05
    outer loop
      vertex 6.05664 8.84452 57.7013
      vertex 9.7017 0.0445652 60.8763
      vertex 6.00182 8.97685 58.2359
    endloop
  endfacet
  facet normal -0.92388 -0.382683 -5.09439e-07
    outer loop
      vertex 8.50514 2.93332 25.4
      vertex 8.69521 2.47445 25.4391
      vertex 5.91232 9.19294 30.1625
    endloop
  endfacet
  facet normal -0.923882 -0.382679 -7.99137e-06
    outer loop
      vertex 8.69521 2.47445 25.4391
      vertex 8.8806 2.02687 25.5554
      vertex 5.91232 9.19294 30.1625
    endloop
  endfacet
  facet normal -0.923882 -0.382677 -1.0539e-05
    outer loop
      vertex 8.8806 2.02687 25.5554
      vertex 6.00182 8.97685 30.6641
      vertex 5.91232 9.19294 30.1625
    endloop
  endfacet
  facet normal -0.923877 -0.38269 9.97929e-06
    outer loop
      vertex 8.8806 2.02687 25.5554
      vertex 9.05675 1.60162 25.7461
      vertex 6.00182 8.97685 30.6641
    endloop
  endfacet
  facet normal -0.92388 -0.382682 -4.90486e-06
    outer loop
      vertex 9.05675 1.60162 25.7461
      vertex 9.21931 1.20916 26.0064
      vertex 6.00182 8.97685 30.6641
    endloop
  endfacet
  facet normal -0.923881 -0.382681 -6.96518e-06
    outer loop
      vertex 9.36429 0.859149 26.3299
      vertex 9.48811 0.560212 26.7088
      vertex 6.00182 8.97685 30.6641
    endloop
  endfacet
  facet normal -0.923879 -0.382685 2.59869e-06
    outer loop
      vertex 9.48811 0.560212 26.7088
      vertex 9.58773 0.319712 27.1336
      vertex 6.00182 8.97685 30.6641
    endloop
  endfacet
  facet normal -0.92388 -0.382682 -5.23154e-06
    outer loop
      vertex 9.58773 0.319712 27.1336
      vertex 9.66069 0.143564 27.5939
      vertex 6.00182 8.97685 30.6641
    endloop
  endfacet
  facet normal -0.923882 -0.382677 1.79645e-05
    outer loop
      vertex 3.80784 14.2736 30.1625
      vertex 3.71834 14.4897 30.6641
      vertex 0 23.4665 25.4
    endloop
  endfacet
  facet normal -0.923873 -0.3827 -2.88814e-05
    outer loop
      vertex 3.71834 14.4897 30.6641
      vertex 3.66352 14.622 31.1987
      vertex 0 23.4665 25.4
    endloop
  endfacet
  facet normal -0.923884 -0.382672 2.22257e-05
    outer loop
      vertex 3.66352 14.622 31.1987
      vertex 3.64506 14.6666 31.75
      vertex 0 23.4665 25.4
    endloop
  endfacet
  facet normal -0.923879 -0.382684 -2.59853e-06
    outer loop
      vertex 9.72016 0 60.325
      vertex 6.0751 8.79995 57.15
      vertex 6.05664 8.84452 56.5987
    endloop
  endfacet
  facet normal -0.923882 -0.382678 1.37398e-05
    outer loop
      vertex 9.72016 0 60.325
      vertex 6.05664 8.84452 56.5987
      vertex 6.00182 8.97685 56.0641
    endloop
  endfacet
  facet normal -0.923879 -0.382684 0
    outer loop
      vertex 9.72016 0 28.575
      vertex 9.72016 0 60.325
      vertex 6.00182 8.97685 56.0641
    endloop
  endfacet
  facet normal -0.923886 -0.382668 -6.01735e-06
    outer loop
      vertex 9.72016 0 28.575
      vertex 6.00182 8.97685 56.0641
      vertex 5.91232 9.19294 55.5625
    endloop
  endfacet
  facet normal -0.92388 -0.382682 -3.79554e-07
    outer loop
      vertex 9.72016 0 28.575
      vertex 5.91232 9.19294 55.5625
      vertex 5.79084 9.48622 55.1091
    endloop
  endfacet
  facet normal -0.923879 -0.382685 7.40277e-07
    outer loop
      vertex 9.72016 0 28.575
      vertex 5.79084 9.48622 55.1091
      vertex 5.64108 9.84777 54.7178
    endloop
  endfacet
  facet normal -0.923877 -0.382691 3.18619e-06
    outer loop
      vertex 9.72016 0 28.575
      vertex 5.64108 9.84777 54.7178
      vertex 5.46759 10.2666 54.4004
    endloop
  endfacet
  facet normal -0.923877 -0.382688 2.11744e-06
    outer loop
      vertex 9.72016 0 28.575
      vertex 5.46759 10.2666 54.4004
      vertex 5.27564 10.73 54.1665
    endloop
  endfacet
  facet normal -0.923882 -0.382677 -1.79645e-05
    outer loop
      vertex 3.71834 14.4897 58.2359
      vertex 3.80784 14.2736 58.7375
      vertex 0 23.4665 63.5
    endloop
  endfacet
  facet normal -0.923882 -0.382679 -1.42767e-05
    outer loop
      vertex 3.80784 14.2736 58.7375
      vertex 3.92932 13.9803 59.1908
      vertex 0 23.4665 63.5
    endloop
  endfacet
  facet normal -0.923874 -0.382698 3.57814e-05
    outer loop
      vertex 3.92932 13.9803 59.1908
      vertex 4.07908 13.6188 59.5822
      vertex 0 23.4665 63.5
    endloop
  endfacet
  facet normal -0.923878 -0.382687 -6.12318e-06
    outer loop
      vertex 5.46759 10.2666 59.8996
      vertex 8.50514 2.93332 63.5
      vertex 5.27564 10.73 60.1335
    endloop
  endfacet
  facet normal -0.923872 -0.382701 -2.49812e-05
    outer loop
      vertex 3.64506 14.6666 31.75
      vertex 3.66352 14.622 32.3013
      vertex 0 23.4665 25.4
    endloop
  endfacet
  facet normal -0.923891 -0.382656 4.16014e-05
    outer loop
      vertex 3.66352 14.622 32.3013
      vertex 3.71834 14.4897 32.8359
      vertex 0 23.4665 25.4
    endloop
  endfacet
  facet normal -0.923878 -0.382687 -9.28484e-07
    outer loop
      vertex 3.71834 14.4897 32.8359
      vertex 3.92932 13.9803 55.1091
      vertex 0 23.4665 25.4
    endloop
  endfacet
  facet normal -0.923897 -0.382641 2.99606e-07
    outer loop
      vertex 3.80784 14.2736 33.3375
      vertex 3.92932 13.9803 55.1091
      vertex 3.71834 14.4897 32.8359
    endloop
  endfacet
  facet normal -0.923889 -0.38266 0
    outer loop
      vertex 3.92932 13.9803 33.7909
      vertex 3.92932 13.9803 55.1091
      vertex 3.80784 14.2736 33.3375
    endloop
  endfacet
  facet normal -0.92388 -0.382683 0
    outer loop
      vertex 4.6491 12.2426 34.8768
      vertex 4.6491 12.2426 54.0232
      vertex 4.44452 12.7365 54.1665
    endloop
  endfacet
  facet normal -0.923877 -0.382689 1.8146e-07
    outer loop
      vertex 4.6491 12.2426 34.8768
      vertex 4.44452 12.7365 54.1665
      vertex 4.25257 13.1999 54.4004
    endloop
  endfacet
  facet normal -0.923899 -0.382636 -2.86746e-06
    outer loop
      vertex 4.6491 12.2426 34.8768
      vertex 4.25257 13.1999 54.4004
      vertex 4.07908 13.6188 54.7178
    endloop
  endfacet
  facet normal -0.923878 -0.382686 -8.77485e-06
    outer loop
      vertex 9.7017 0.0445652 60.8763
      vertex 9.64688 0.176899 61.4109
      vertex 6.00182 8.97685 58.2359
    endloop
  endfacet
  facet normal -0.923881 -0.382679 1.31678e-05
    outer loop
      vertex 9.64688 0.176899 61.4109
      vertex 9.55738 0.392991 61.9125
      vertex 6.00182 8.97685 58.2359
    endloop
  endfacet
  facet normal -0.923879 -0.382685 -1.92095e-06
    outer loop
      vertex 9.55738 0.392991 61.9125
      vertex 9.4359 0.686266 62.3658
      vertex 6.00182 8.97685 58.2359
    endloop
  endfacet
  facet normal -0.923879 -0.382684 1.46251e-06
    outer loop
      vertex 9.4359 0.686266 62.3658
      vertex 9.28614 1.04782 62.7572
      vertex 6.00182 8.97685 58.2359
    endloop
  endfacet
  facet normal -0.923879 -0.382685 -5.91965e-07
    outer loop
      vertex 9.28614 1.04782 62.7572
      vertex 9.11265 1.46666 63.0746
      vertex 6.00182 8.97685 58.2359
    endloop
  endfacet
  facet normal -0.923882 -0.382678 1.09901e-05
    outer loop
      vertex 6.00182 8.97685 58.2359
      vertex 9.11265 1.46666 63.0746
      vertex 5.91232 9.19294 58.7375
    endloop
  endfacet
  facet normal -0.923876 -0.382693 9.67842e-08
    outer loop
      vertex 5.46759 10.2666 34.4996
      vertex 5.64108 9.84777 34.1822
      vertex 5.27564 10.73 54.1665
    endloop
  endfacet
  facet normal -0.923879 -0.382686 -2.77589e-07
    outer loop
      vertex 5.64108 9.84777 34.1822
      vertex 5.79084 9.48622 33.7909
      vertex 5.27564 10.73 54.1665
    endloop
  endfacet
  facet normal -0.92388 -0.382683 -4.49647e-07
    outer loop
      vertex 5.79084 9.48622 33.7909
      vertex 9.72016 0 28.575
      vertex 5.27564 10.73 54.1665
    endloop
  endfacet
  facet normal -0.923879 -0.382684 1.65485e-06
    outer loop
      vertex 5.91232 9.19294 33.3375
      vertex 9.72016 0 28.575
      vertex 5.79084 9.48622 33.7909
    endloop
  endfacet
  facet normal -0.923876 -0.382691 1.75425e-05
    outer loop
      vertex 6.00182 8.97685 32.8359
      vertex 9.72016 0 28.575
      vertex 5.91232 9.19294 33.3375
    endloop
  endfacet
  facet normal -0.923878 -0.382687 -8.11277e-06
    outer loop
      vertex 5.64108 9.84777 59.5822
      vertex 8.50514 2.93332 63.5
      vertex 5.46759 10.2666 59.8996
    endloop
  endfacet
  facet normal -0.923879 -0.382684 -1.59978e-06
    outer loop
      vertex 5.79084 9.48622 59.1908
      vertex 8.50514 2.93332 63.5
      vertex 5.64108 9.84777 59.5822
    endloop
  endfacet
  facet normal -0.923878 -0.382686 -4.92328e-06
    outer loop
      vertex 8.71613 2.42395 63.4518
      vertex 8.50514 2.93332 63.5
      vertex 5.79084 9.48622 59.1908
    endloop
  endfacet
  facet normal -0.92388 -0.382683 9.32308e-07
    outer loop
      vertex 5.91232 9.19294 58.7375
      vertex 8.71613 2.42395 63.4518
      vertex 5.79084 9.48622 59.1908
    endloop
  endfacet
  facet normal -0.92388 -0.382681 3.75303e-06
    outer loop
      vertex 8.9207 1.93007 63.3085
      vertex 8.71613 2.42395 63.4518
      vertex 5.91232 9.19294 58.7375
    endloop
  endfacet
  facet normal -0.92388 -0.382683 1.32622e-06
    outer loop
      vertex 9.11265 1.46666 63.0746
      vertex 8.9207 1.93007 63.3085
      vertex 5.91232 9.19294 58.7375
    endloop
  endfacet
  facet normal -0.923866 -0.382716 0
    outer loop
      vertex 4.86008 11.7333 34.925
      vertex 4.6491 12.2426 54.0232
      vertex 4.6491 12.2426 34.8768
    endloop
  endfacet
  facet normal -0.923866 -0.382716 0
    outer loop
      vertex 4.6491 12.2426 54.0232
      vertex 4.86008 11.7333 34.925
      vertex 4.86008 11.7333 53.975
    endloop
  endfacet
  facet normal -0.923886 -0.382667 0
    outer loop
      vertex 5.07107 11.2239 34.8768
      vertex 4.86008 11.7333 53.975
      vertex 4.86008 11.7333 34.925
    endloop
  endfacet
  facet normal -0.923886 -0.382667 0
    outer loop
      vertex 4.86008 11.7333 53.975
      vertex 5.07107 11.2239 34.8768
      vertex 5.07107 11.2239 54.0232
    endloop
  endfacet
  facet normal -0.923886 -0.382667 0
    outer loop
      vertex 5.27564 10.73 34.7335
      vertex 5.07107 11.2239 54.0232
      vertex 5.07107 11.2239 34.8768
    endloop
  endfacet
  facet normal -0.923886 -0.382667 0
    outer loop
      vertex 5.07107 11.2239 54.0232
      vertex 5.27564 10.73 34.7335
      vertex 5.27564 10.73 54.1665
    endloop
  endfacet
  facet normal -0.923877 -0.382689 0
    outer loop
      vertex 5.46759 10.2666 34.4996
      vertex 5.27564 10.73 54.1665
      vertex 5.27564 10.73 34.7335
    endloop
  endfacet
  facet normal -0.923879 -0.382684 -1.4515e-06
    outer loop
      vertex 4.44452 12.7365 60.1335
      vertex 4.6491 12.2426 60.2768
      vertex 0 23.4665 63.5
    endloop
  endfacet
  facet normal -0.923869 -0.382708 9.81163e-05
    outer loop
      vertex 4.6491 12.2426 60.2768
      vertex 4.86008 11.7333 60.325
      vertex 0 23.4665 63.5
    endloop
  endfacet
  facet normal -0.923879 -0.382684 -5.50996e-06
    outer loop
      vertex 4.86008 11.7333 60.325
      vertex 8.50514 2.93332 63.5
      vertex 0 23.4665 63.5
    endloop
  endfacet
  facet normal -0.923885 -0.38267 3.88216e-05
    outer loop
      vertex 5.07107 11.2239 60.2768
      vertex 8.50514 2.93332 63.5
      vertex 4.86008 11.7333 60.325
    endloop
  endfacet
  facet normal -0.923883 -0.382674 2.76577e-05
    outer loop
      vertex 5.27564 10.73 60.1335
      vertex 8.50514 2.93332 63.5
      vertex 5.07107 11.2239 60.2768
    endloop
  endfacet
  facet normal 0.382686 -0.923878 0
    outer loop
      vertex 9.72016 0 28.575
      vertex 14.1201 1.82253 60.325
      vertex 9.72016 0 60.325
    endloop
  endfacet
  facet normal 0.382686 -0.923878 0
    outer loop
      vertex 14.1201 1.82253 60.325
      vertex 9.72016 0 28.575
      vertex 14.1201 1.82253 28.575
    endloop
  endfacet
  facet normal 0.923847 0.382763 6.42117e-06
    outer loop
      vertex 8.20782 16.0961 55.5625
      vertex 8.3293 15.8029 55.1091
      vertex 7.43753 17.9558 25.4
    endloop
  endfacet
  facet normal 0.923917 0.382594 2.90585e-05
    outer loop
      vertex 8.11831 16.3122 58.2359
      vertex 8.0635 16.4446 57.7013
      vertex 7.43753 17.9558 63.5
    endloop
  endfacet
  facet normal 0.923867 0.382713 8.08146e-05
    outer loop
      vertex 10.4566 10.667 56.5987
      vertex 14.1201 1.82253 60.325
      vertex 10.4018 10.7994 56.0641
    endloop
  endfacet
  facet normal 0.923917 0.382594 -2.90585e-05
    outer loop
      vertex 8.0635 16.4446 31.1987
      vertex 8.11831 16.3122 30.6641
      vertex 7.43753 17.9558 25.4
    endloop
  endfacet
  facet normal 0.923883 0.382676 9.78505e-07
    outer loop
      vertex 8.11831 16.3122 30.6641
      vertex 8.20782 16.0961 30.1625
      vertex 7.43753 17.9558 25.4
    endloop
  endfacet
  facet normal 0.923858 0.382734 2.77741e-05
    outer loop
      vertex 8.20782 16.0961 30.1625
      vertex 8.3293 15.8029 29.7091
      vertex 7.43753 17.9558 25.4
    endloop
  endfacet
  facet normal 0.923878 0.382686 -7.08143e-06
    outer loop
      vertex 9.86757 12.0891 29.0004
      vertex 12.9051 4.75585 25.4
      vertex 9.67562 12.5525 28.7665
    endloop
  endfacet
  facet normal 0.92383 0.382803 -3.47861e-05
    outer loop
      vertex 8.0635 16.4446 57.7013
      vertex 8.04504 16.4891 57.15
      vertex 7.43753 17.9558 63.5
    endloop
  endfacet
  facet normal 0.923994 0.382408 7.21729e-05
    outer loop
      vertex 8.04504 16.4891 57.15
      vertex 8.0635 16.4446 56.5987
      vertex 7.43753 17.9558 63.5
    endloop
  endfacet
  facet normal 0.923877 0.382689 0
    outer loop
      vertex 7.43753 17.9558 63.5
      vertex 8.0635 16.4446 56.5987
      vertex 7.43753 17.9558 25.4
    endloop
  endfacet
  facet normal 0.923945 0.382526 -9.27126e-06
    outer loop
      vertex 8.0635 16.4446 56.5987
      vertex 8.11831 16.3122 56.0641
      vertex 7.43753 17.9558 25.4
    endloop
  endfacet
  facet normal 0.923882 0.382677 2.57662e-07
    outer loop
      vertex 8.11831 16.3122 56.0641
      vertex 8.20782 16.0961 55.5625
      vertex 7.43753 17.9558 25.4
    endloop
  endfacet
  facet normal 0.92388 0.382683 0
    outer loop
      vertex 10.1908 11.3087 55.1091
      vertex 14.1201 1.82253 60.325
      vertex 10.1908 11.3087 33.7909
    endloop
  endfacet
  facet normal 0.923912 0.382605 -0.000166299
    outer loop
      vertex 10.3123 11.0155 55.5625
      vertex 14.1201 1.82253 60.325
      vertex 10.1908 11.3087 55.1091
    endloop
  endfacet
  facet normal 0.923877 0.38269 2.44419e-05
    outer loop
      vertex 10.4018 10.7994 56.0641
      vertex 14.1201 1.82253 60.325
      vertex 10.3123 11.0155 55.5625
    endloop
  endfacet
  facet normal 0.923897 0.382641 -0.000117091
    outer loop
      vertex 10.4751 10.6225 57.15
      vertex 14.1201 1.82253 60.325
      vertex 10.4566 10.667 56.5987
    endloop
  endfacet
  facet normal 0.923868 0.382711 0.000110461
    outer loop
      vertex 14.1201 1.82253 60.325
      vertex 10.4751 10.6225 57.15
      vertex 10.4566 10.667 57.7013
    endloop
  endfacet
  facet normal 0.923889 0.38266 -9.38739e-05
    outer loop
      vertex 14.1017 1.86709 60.8763
      vertex 14.1201 1.82253 60.325
      vertex 10.4566 10.667 57.7013
    endloop
  endfacet
  facet normal 0.923886 0.382668 -6.78153e-05
    outer loop
      vertex 14.1017 1.86709 60.8763
      vertex 10.4566 10.667 57.7013
      vertex 10.4018 10.7994 58.2359
    endloop
  endfacet
  facet normal 0.923882 0.382678 -2.77955e-05
    outer loop
      vertex 14.0469 1.99943 61.4109
      vertex 14.1017 1.86709 60.8763
      vertex 10.4018 10.7994 58.2359
    endloop
  endfacet
  facet normal 0.92388 0.382683 2.82821e-07
    outer loop
      vertex 9.04907 14.0652 60.2768
      vertex 8.84449 14.5591 60.1335
      vertex 7.43753 17.9558 63.5
    endloop
  endfacet
  facet normal 0.923883 0.382676 8.89382e-06
    outer loop
      vertex 8.84449 14.5591 60.1335
      vertex 8.65255 15.0225 59.8996
      vertex 7.43753 17.9558 63.5
    endloop
  endfacet
  facet normal 0.923871 0.382704 -1.81226e-05
    outer loop
      vertex 8.65255 15.0225 59.8996
      vertex 8.47906 15.4413 59.5822
      vertex 7.43753 17.9558 63.5
    endloop
  endfacet
  facet normal 0.923891 0.382657 -1.75988e-05
    outer loop
      vertex 8.3293 15.8029 29.7091
      vertex 8.47906 15.4413 29.3178
      vertex 7.43753 17.9558 25.4
    endloop
  endfacet
  facet normal 0.923871 0.382704 1.81226e-05
    outer loop
      vertex 8.47906 15.4413 29.3178
      vertex 8.65255 15.0225 29.0004
      vertex 7.43753 17.9558 25.4
    endloop
  endfacet
  facet normal 0.923883 0.382676 -8.89382e-06
    outer loop
      vertex 8.65255 15.0225 29.0004
      vertex 8.84449 14.5591 28.7665
      vertex 7.43753 17.9558 25.4
    endloop
  endfacet
  facet normal 0.923868 0.382711 -0.000110461
    outer loop
      vertex 10.4751 10.6225 31.75
      vertex 14.1201 1.82253 28.575
      vertex 10.4566 10.667 31.1987
    endloop
  endfacet
  facet normal 0.923867 0.382713 6.49354e-05
    outer loop
      vertex 13.6861 2.87035 62.7572
      vertex 13.8359 2.5088 62.3658
      vertex 10.4018 10.7994 58.2359
    endloop
  endfacet
  facet normal 0.923874 0.382698 2.88264e-05
    outer loop
      vertex 13.8359 2.5088 62.3658
      vertex 13.9574 2.21552 61.9125
      vertex 10.4018 10.7994 58.2359
    endloop
  endfacet
  facet normal 0.92388 0.382682 -1.31049e-05
    outer loop
      vertex 13.9574 2.21552 61.9125
      vertex 14.0469 1.99943 61.4109
      vertex 10.4018 10.7994 58.2359
    endloop
  endfacet
  facet normal 0.923878 0.382686 7.08143e-06
    outer loop
      vertex 12.9051 4.75585 63.5
      vertex 9.86757 12.0891 59.8996
      vertex 9.67562 12.5525 60.1335
    endloop
  endfacet
  facet normal 0.92388 0.382683 -5.03486e-07
    outer loop
      vertex 12.9051 4.75585 63.5
      vertex 9.67562 12.5525 60.1335
      vertex 9.47104 13.0464 60.2768
    endloop
  endfacet
  facet normal 0.92388 0.382682 -5.59881e-06
    outer loop
      vertex 12.9051 4.75585 63.5
      vertex 9.47104 13.0464 60.2768
      vertex 7.43753 17.9558 63.5
    endloop
  endfacet
  facet normal 0.923894 0.382647 5.57401e-05
    outer loop
      vertex 9.47104 13.0464 60.2768
      vertex 9.26006 13.5558 60.325
      vertex 7.43753 17.9558 63.5
    endloop
  endfacet
  facet normal 0.923886 0.382669 2.05955e-05
    outer loop
      vertex 9.26006 13.5558 60.325
      vertex 9.04907 14.0652 60.2768
      vertex 7.43753 17.9558 63.5
    endloop
  endfacet
  facet normal 0.923891 0.382657 1.75969e-05
    outer loop
      vertex 8.47906 15.4413 59.5822
      vertex 8.3293 15.8029 59.1908
      vertex 7.43753 17.9558 63.5
    endloop
  endfacet
  facet normal 0.923858 0.382734 -2.77764e-05
    outer loop
      vertex 8.3293 15.8029 59.1908
      vertex 8.20782 16.0961 58.7375
      vertex 7.43753 17.9558 63.5
    endloop
  endfacet
  facet normal 0.923883 0.382676 -9.78505e-07
    outer loop
      vertex 8.20782 16.0961 58.7375
      vertex 8.11831 16.3122 58.2359
      vertex 7.43753 17.9558 63.5
    endloop
  endfacet
  facet normal 0.923897 0.382641 0.000117091
    outer loop
      vertex 14.1201 1.82253 28.575
      vertex 10.4751 10.6225 31.75
      vertex 10.4566 10.667 32.3013
    endloop
  endfacet
  facet normal 0.923867 0.382713 -8.08146e-05
    outer loop
      vertex 14.1201 1.82253 28.575
      vertex 10.4566 10.667 32.3013
      vertex 10.4018 10.7994 32.8359
    endloop
  endfacet
  facet normal 0.923881 0.38268 0
    outer loop
      vertex 14.1201 1.82253 60.325
      vertex 14.1201 1.82253 28.575
      vertex 10.4018 10.7994 32.8359
    endloop
  endfacet
  facet normal 0.92389 0.382658 -8.38369e-06
    outer loop
      vertex 14.1201 1.82253 60.325
      vertex 10.4018 10.7994 32.8359
      vertex 10.3123 11.0155 33.3375
    endloop
  endfacet
  facet normal 0.923842 0.382774 3.81514e-05
    outer loop
      vertex 14.1201 1.82253 60.325
      vertex 10.3123 11.0155 33.3375
      vertex 10.1908 11.3087 33.7909
    endloop
  endfacet
  facet normal 0.923883 0.382675 -1.51948e-06
    outer loop
      vertex 8.3293 15.8029 55.1091
      vertex 8.20782 16.0961 33.3375
      vertex 8.11831 16.3122 32.8359
    endloop
  endfacet
  facet normal 0.923968 0.382469 -7.02219e-06
    outer loop
      vertex 8.3293 15.8029 55.1091
      vertex 8.11831 16.3122 32.8359
      vertex 8.0635 16.4446 32.3013
    endloop
  endfacet
  facet normal 0.923877 0.38269 2.45712e-07
    outer loop
      vertex 8.3293 15.8029 55.1091
      vertex 8.0635 16.4446 32.3013
      vertex 7.43753 17.9558 25.4
    endloop
  endfacet
  facet normal 0.923994 0.382408 -7.21729e-05
    outer loop
      vertex 8.0635 16.4446 32.3013
      vertex 8.04504 16.4891 31.75
      vertex 7.43753 17.9558 25.4
    endloop
  endfacet
  facet normal 0.92383 0.382803 3.47861e-05
    outer loop
      vertex 8.04504 16.4891 31.75
      vertex 8.0635 16.4446 31.1987
      vertex 7.43753 17.9558 25.4
    endloop
  endfacet
  facet normal 0.923861 0.382727 7.38665e-05
    outer loop
      vertex 12.9051 4.75585 63.5
      vertex 10.3123 11.0155 58.7375
      vertex 10.1908 11.3087 59.1908
    endloop
  endfacet
  facet normal 0.923906 0.382619 -0.000118594
    outer loop
      vertex 12.9051 4.75585 63.5
      vertex 10.1908 11.3087 59.1908
      vertex 10.0411 11.6703 59.5822
    endloop
  endfacet
  facet normal 0.923862 0.382726 0.000101483
    outer loop
      vertex 12.9051 4.75585 63.5
      vertex 10.0411 11.6703 59.5822
      vertex 9.86757 12.0891 59.8996
    endloop
  endfacet
  facet normal 0.92388 0.382683 -2.82821e-07
    outer loop
      vertex 8.84449 14.5591 28.7665
      vertex 9.04907 14.0652 28.6232
      vertex 7.43753 17.9558 25.4
    endloop
  endfacet
  facet normal 0.923886 0.382669 -2.05955e-05
    outer loop
      vertex 9.04907 14.0652 28.6232
      vertex 9.26006 13.5558 28.575
      vertex 7.43753 17.9558 25.4
    endloop
  endfacet
  facet normal 0.92388 0.382682 6.8922e-08
    outer loop
      vertex 9.26006 13.5558 28.575
      vertex 12.9051 4.75585 25.4
      vertex 7.43753 17.9558 25.4
    endloop
  endfacet
  facet normal 0.92389 0.382658 7.69002e-05
    outer loop
      vertex 9.47104 13.0464 28.6232
      vertex 12.9051 4.75585 25.4
      vertex 9.26006 13.5558 28.575
    endloop
  endfacet
  facet normal 0.92388 0.382683 5.03486e-07
    outer loop
      vertex 9.67562 12.5525 28.7665
      vertex 12.9051 4.75585 25.4
      vertex 9.47104 13.0464 28.6232
    endloop
  endfacet
  facet normal 0.923873 0.3827 3.10309e-05
    outer loop
      vertex 12.9051 4.75585 63.5
      vertex 13.1161 4.24648 63.4518
      vertex 10.3123 11.0155 58.7375
    endloop
  endfacet
  facet normal 0.923869 0.38271 4.83762e-05
    outer loop
      vertex 13.1161 4.24648 63.4518
      vertex 13.3207 3.75259 63.3085
      vertex 10.3123 11.0155 58.7375
    endloop
  endfacet
  facet normal 0.923883 0.382675 -1.69171e-05
    outer loop
      vertex 13.3207 3.75259 63.3085
      vertex 10.4018 10.7994 58.2359
      vertex 10.3123 11.0155 58.7375
    endloop
  endfacet
  facet normal 0.923899 0.382638 -7.74952e-05
    outer loop
      vertex 13.3207 3.75259 63.3085
      vertex 13.5126 3.28919 63.0746
      vertex 10.4018 10.7994 58.2359
    endloop
  endfacet
  facet normal 0.923876 0.382691 1.96831e-05
    outer loop
      vertex 13.5126 3.28919 63.0746
      vertex 13.6861 2.87035 62.7572
      vertex 10.4018 10.7994 58.2359
    endloop
  endfacet
  facet normal 0.923887 0.382666 6.74297e-05
    outer loop
      vertex 10.4566 10.667 31.1987
      vertex 14.1201 1.82253 28.575
      vertex 10.4018 10.7994 30.6641
    endloop
  endfacet
  facet normal 0.92389 0.382659 0.000104416
    outer loop
      vertex 14.1201 1.82253 28.575
      vertex 14.1052 1.85864 28.0783
      vertex 10.4018 10.7994 30.6641
    endloop
  endfacet
  facet normal 0.923881 0.38268 2.07566e-05
    outer loop
      vertex 14.1052 1.85864 28.0783
      vertex 14.0607 1.9661 27.5939
      vertex 10.4018 10.7994 30.6641
    endloop
  endfacet
  facet normal 0.923896 0.382643 -2.02839e-06
    outer loop
      vertex 8.3293 15.8029 55.1091
      vertex 8.47906 15.4413 54.7178
      vertex 8.20782 16.0961 33.3375
    endloop
  endfacet
  facet normal 0.923866 0.382716 5.98977e-07
    outer loop
      vertex 8.47906 15.4413 54.7178
      vertex 8.65255 15.0225 54.4004
      vertex 8.20782 16.0961 33.3375
    endloop
  endfacet
  facet normal 0.923841 0.382777 4.23719e-06
    outer loop
      vertex 8.65255 15.0225 54.4004
      vertex 8.3293 15.8029 33.7909
      vertex 8.20782 16.0961 33.3375
    endloop
  endfacet
  facet normal 0.923898 0.382639 -1.8739e-06
    outer loop
      vertex 8.65255 15.0225 54.4004
      vertex 8.47906 15.4413 34.1822
      vertex 8.3293 15.8029 33.7909
    endloop
  endfacet
  facet normal 0.923862 0.382726 -0.000101483
    outer loop
      vertex 10.0411 11.6703 29.3178
      vertex 12.9051 4.75585 25.4
      vertex 9.86757 12.0891 29.0004
    endloop
  endfacet
  facet normal 0.923906 0.382619 0.000118614
    outer loop
      vertex 10.1908 11.3087 29.7091
      vertex 12.9051 4.75585 25.4
      vertex 10.0411 11.6703 29.3178
    endloop
  endfacet
  facet normal 0.923861 0.382729 -7.69124e-05
    outer loop
      vertex 13.0952 4.29698 25.4391
      vertex 12.9051 4.75585 25.4
      vertex 10.1908 11.3087 29.7091
    endloop
  endfacet
  facet normal 0.923861 0.382727 -7.37867e-05
    outer loop
      vertex 10.3123 11.0155 30.1625
      vertex 13.0952 4.29698 25.4391
      vertex 10.1908 11.3087 29.7091
    endloop
  endfacet
  facet normal 0.92388 0.382683 -3.02862e-07
    outer loop
      vertex 9.04907 14.0652 34.8768
      vertex 8.84449 14.5591 34.7335
      vertex 8.65255 15.0225 54.4004
    endloop
  endfacet
  facet normal 0.923884 0.382672 0
    outer loop
      vertex 8.65255 15.0225 54.4004
      vertex 8.84449 14.5591 34.7335
      vertex 8.65255 15.0225 34.4996
    endloop
  endfacet
  facet normal 0.923866 0.382716 0
    outer loop
      vertex 8.65255 15.0225 54.4004
      vertex 8.65255 15.0225 34.4996
      vertex 8.47906 15.4413 34.1822
    endloop
  endfacet
  facet normal 0.923951 0.38251 0
    outer loop
      vertex 10.1908 11.3087 55.1091
      vertex 10.1908 11.3087 33.7909
      vertex 10.0411 11.6703 34.1822
    endloop
  endfacet
  facet normal 0.923836 0.382788 5.62774e-06
    outer loop
      vertex 10.1908 11.3087 55.1091
      vertex 10.0411 11.6703 34.1822
      vertex 9.86757 12.0891 34.4996
    endloop
  endfacet
  facet normal 0.923954 0.382503 -6.9924e-06
    outer loop
      vertex 10.0411 11.6703 54.7178
      vertex 10.1908 11.3087 55.1091
      vertex 9.86757 12.0891 34.4996
    endloop
  endfacet
  facet normal 0.923835 0.382791 0
    outer loop
      vertex 9.86757 12.0891 54.4004
      vertex 10.0411 11.6703 54.7178
      vertex 9.86757 12.0891 34.4996
    endloop
  endfacet
  facet normal 0.92387 0.382707 -7.06434e-05
    outer loop
      vertex 14.0607 1.9661 27.5939
      vertex 13.9877 2.14224 27.1336
      vertex 10.4018 10.7994 30.6641
    endloop
  endfacet
  facet normal 0.923885 0.382671 3.18015e-05
    outer loop
      vertex 13.9877 2.14224 27.1336
      vertex 13.8881 2.38274 26.7088
      vertex 10.4018 10.7994 30.6641
    endloop
  endfacet
  facet normal 0.923887 0.382666 4.4808e-05
    outer loop
      vertex 13.8881 2.38274 26.7088
      vertex 13.7643 2.68168 26.3299
      vertex 10.4018 10.7994 30.6641
    endloop
  endfacet
  facet normal 0.923872 0.382703 -3.58513e-05
    outer loop
      vertex 13.7643 2.68168 26.3299
      vertex 13.6193 3.03169 26.0064
      vertex 10.4018 10.7994 30.6641
    endloop
  endfacet
  facet normal 0.923864 0.38272 -6.94947e-05
    outer loop
      vertex 13.6193 3.03169 26.0064
      vertex 13.4567 3.42415 25.7461
      vertex 10.4018 10.7994 30.6641
    endloop
  endfacet
  facet normal 0.923884 0.382672 1.53292e-05
    outer loop
      vertex 10.4018 10.7994 30.6641
      vertex 13.4567 3.42415 25.7461
      vertex 10.3123 11.0155 30.1625
    endloop
  endfacet
  facet normal 0.9239 0.382635 8.87203e-05
    outer loop
      vertex 13.4567 3.42415 25.7461
      vertex 13.2806 3.8494 25.5554
      vertex 10.3123 11.0155 30.1625
    endloop
  endfacet
  facet normal 0.923876 0.382691 -1.37924e-05
    outer loop
      vertex 13.2806 3.8494 25.5554
      vertex 13.0952 4.29698 25.4391
      vertex 10.3123 11.0155 30.1625
    endloop
  endfacet
  facet normal 0.923877 0.382689 0
    outer loop
      vertex 9.86757 12.0891 54.4004
      vertex 9.67562 12.5525 34.7335
      vertex 9.67562 12.5525 54.1665
    endloop
  endfacet
  facet normal 0.923877 0.382689 0
    outer loop
      vertex 9.67562 12.5525 34.7335
      vertex 9.86757 12.0891 54.4004
      vertex 9.86757 12.0891 34.4996
    endloop
  endfacet
  facet normal 0.923884 0.382672 3.35698e-07
    outer loop
      vertex 8.84449 14.5591 54.1665
      vertex 9.04907 14.0652 34.8768
      vertex 8.65255 15.0225 54.4004
    endloop
  endfacet
  facet normal 0.92388 0.382683 0
    outer loop
      vertex 9.04907 14.0652 54.0232
      vertex 9.04907 14.0652 34.8768
      vertex 8.84449 14.5591 54.1665
    endloop
  endfacet
  facet normal 0.923886 0.382667 0
    outer loop
      vertex 9.26006 13.5558 53.975
      vertex 9.04907 14.0652 34.8768
      vertex 9.04907 14.0652 54.0232
    endloop
  endfacet
  facet normal 0.923886 0.382667 0
    outer loop
      vertex 9.04907 14.0652 34.8768
      vertex 9.26006 13.5558 53.975
      vertex 9.26006 13.5558 34.925
    endloop
  endfacet
  facet normal 0.923893 0.382652 0
    outer loop
      vertex 9.47104 13.0464 54.0232
      vertex 9.26006 13.5558 34.925
      vertex 9.26006 13.5558 53.975
    endloop
  endfacet
  facet normal 0.923893 0.382652 0
    outer loop
      vertex 9.26006 13.5558 34.925
      vertex 9.47104 13.0464 54.0232
      vertex 9.47104 13.0464 34.8768
    endloop
  endfacet
  facet normal 0.92388 0.382683 0
    outer loop
      vertex 9.67562 12.5525 54.1665
      vertex 9.47104 13.0464 34.8768
      vertex 9.47104 13.0464 54.0232
    endloop
  endfacet
  facet normal 0.92388 0.382683 0
    outer loop
      vertex 9.47104 13.0464 34.8768
      vertex 9.67562 12.5525 54.1665
      vertex 9.67562 12.5525 34.7335
    endloop
  endfacet
  facet normal 0.382704 -0.923871 0
    outer loop
      vertex 59.3049 42.8765 25.2085
      vertex 59.7754 43.0714 63.9254
      vertex 59.3049 42.8765 63.6915
    endloop
  endfacet
  facet normal 0.382704 -0.923871 0
    outer loop
      vertex 59.7754 43.0714 63.9254
      vertex 59.3049 42.8765 25.2085
      vertex 59.7754 43.0714 24.9746
    endloop
  endfacet
  facet normal 0.382748 -0.923853 0
    outer loop
      vertex 60.4889 43.367 24.3622
      vertex 60.4889 43.367 64.5378
      vertex 60.2007 43.2476 64.2428
    endloop
  endfacet
  facet normal 0.382748 -0.923853 1.08353e-09
    outer loop
      vertex 60.4889 43.367 24.3622
      vertex 60.2007 43.2476 64.2428
      vertex 59.7754 43.0714 63.9254
    endloop
  endfacet
  facet normal 0.382748 -0.923853 -1.65097e-09
    outer loop
      vertex 60.2007 43.2476 24.6572
      vertex 60.4889 43.367 24.3622
      vertex 59.7754 43.0714 63.9254
    endloop
  endfacet
  facet normal 0.382748 -0.923853 0
    outer loop
      vertex 60.2007 43.2476 24.6572
      vertex 59.7754 43.0714 63.9254
      vertex 59.7754 43.0714 24.9746
    endloop
  endfacet
  facet normal 0.382639 -0.923898 0
    outer loop
      vertex 58.8034 42.6688 25.3518
      vertex 59.3049 42.8765 63.6915
      vertex 58.8034 42.6688 63.5482
    endloop
  endfacet
  facet normal 0.382639 -0.923898 0
    outer loop
      vertex 59.3049 42.8765 63.6915
      vertex 58.8034 42.6688 25.3518
      vertex 59.3049 42.8765 25.2085
    endloop
  endfacet
  facet normal 0.382573 -0.923925 0
    outer loop
      vertex 58.2861 42.4546 25.4
      vertex 58.8034 42.6688 63.5482
      vertex 58.2861 42.4546 63.5
    endloop
  endfacet
  facet normal 0.382573 -0.923925 0
    outer loop
      vertex 58.8034 42.6688 63.5482
      vertex 58.2861 42.4546 25.4
      vertex 58.8034 42.6688 25.3518
    endloop
  endfacet
  facet normal 0.382685 -0.923879 0
    outer loop
      vertex 9.15582 22.1041 25.4
      vertex 58.2861 42.4546 63.5
      vertex 9.15582 22.1041 63.5
    endloop
  endfacet
  facet normal 0.382685 -0.923879 0
    outer loop
      vertex 58.2861 42.4546 63.5
      vertex 9.15582 22.1041 25.4
      vertex 58.2861 42.4546 25.4
    endloop
  endfacet
  facet normal -0 0 1
    outer loop
      vertex 55.1706 46.3189 63.5
      vertex 58.2861 42.4546 63.5
      vertex 55.6615 46.5745 63.5
    endloop
  endfacet
  facet normal 0 0 1
    outer loop
      vertex 55.1706 46.3189 63.5
      vertex 9.15582 22.1041 63.5
      vertex 58.2861 42.4546 63.5
    endloop
  endfacet
  facet normal -0 0 1
    outer loop
      vertex 0 23.4665 63.5
      vertex 9.15582 22.1041 63.5
      vertex 55.1706 46.3189 63.5
    endloop
  endfacet
  facet normal 0 0 1
    outer loop
      vertex 7.22301 19.5852 63.5
      vertex 0 23.4665 63.5
      vertex 7.19886 19.0323 63.5
    endloop
  endfacet
  facet normal 0 0 1
    outer loop
      vertex 7.34279 20.1255 63.5
      vertex 0 23.4665 63.5
      vertex 7.22301 19.5852 63.5
    endloop
  endfacet
  facet normal 0 0 1
    outer loop
      vertex 7.55458 20.6368 63.5
      vertex 0 23.4665 63.5
      vertex 7.34279 20.1255 63.5
    endloop
  endfacet
  facet normal 0 0 1
    outer loop
      vertex 7.85195 21.1036 63.5
      vertex 0 23.4665 63.5
      vertex 7.55458 20.6368 63.5
    endloop
  endfacet
  facet normal 0 0 1
    outer loop
      vertex 8.22585 21.5117 63.5
      vertex 0 23.4665 63.5
      vertex 7.85195 21.1036 63.5
    endloop
  endfacet
  facet normal 0 0 1
    outer loop
      vertex 8.66492 21.8486 63.5
      vertex 0 23.4665 63.5
      vertex 8.22585 21.5117 63.5
    endloop
  endfacet
  facet normal 0 0 1
    outer loop
      vertex 9.15582 22.1041 63.5
      vertex 0 23.4665 63.5
      vertex 8.66492 21.8486 63.5
    endloop
  endfacet
  facet normal 0 0 1
    outer loop
      vertex 7.43753 17.9558 63.5
      vertex 8.50514 2.93332 63.5
      vertex 12.9051 4.75585 63.5
    endloop
  endfacet
  facet normal 0 0 1
    outer loop
      vertex 0 23.4665 63.5
      vertex 7.43753 17.9558 63.5
      vertex 7.2711 18.4836 63.5
    endloop
  endfacet
  facet normal 0 0 1
    outer loop
      vertex 0 23.4665 63.5
      vertex 7.2711 18.4836 63.5
      vertex 7.19886 19.0323 63.5
    endloop
  endfacet
  facet normal 0 0 1
    outer loop
      vertex 7.43753 17.9558 63.5
      vertex 0 23.4665 63.5
      vertex 8.50514 2.93332 63.5
    endloop
  endfacet
  facet normal 0 0 -1
    outer loop
      vertex 8.50514 2.93332 25.4
      vertex 7.43753 17.9558 25.4
      vertex 12.9051 4.75585 25.4
    endloop
  endfacet
  facet normal 0 0 -1
    outer loop
      vertex 0 23.4665 25.4
      vertex 7.43753 17.9558 25.4
      vertex 8.50514 2.93332 25.4
    endloop
  endfacet
  facet normal 0 0 -1
    outer loop
      vertex 7.43753 17.9558 25.4
      vertex 0 23.4665 25.4
      vertex 7.2711 18.4836 25.4
    endloop
  endfacet
  facet normal 0 0 -1
    outer loop
      vertex 7.2711 18.4836 25.4
      vertex 0 23.4665 25.4
      vertex 7.19886 19.0323 25.4
    endloop
  endfacet
  facet normal 0 0 -1
    outer loop
      vertex 58.2861 42.4546 25.4
      vertex 55.1706 46.3189 25.4
      vertex 55.6615 46.5745 25.4
    endloop
  endfacet
  facet normal 0 0 -1
    outer loop
      vertex 9.15582 22.1041 25.4
      vertex 55.1706 46.3189 25.4
      vertex 58.2861 42.4546 25.4
    endloop
  endfacet
  facet normal 0 0 -1
    outer loop
      vertex 0 23.4665 25.4
      vertex 9.15582 22.1041 25.4
      vertex 8.66492 21.8486 25.4
    endloop
  endfacet
  facet normal 0 0 -1
    outer loop
      vertex 9.15582 22.1041 25.4
      vertex 0 23.4665 25.4
      vertex 55.1706 46.3189 25.4
    endloop
  endfacet
  facet normal 0 0 -1
    outer loop
      vertex 8.22585 21.5117 25.4
      vertex 0 23.4665 25.4
      vertex 8.66492 21.8486 25.4
    endloop
  endfacet
  facet normal 0 0 -1
    outer loop
      vertex 7.85195 21.1036 25.4
      vertex 0 23.4665 25.4
      vertex 8.22585 21.5117 25.4
    endloop
  endfacet
  facet normal 0 0 -1
    outer loop
      vertex 7.55458 20.6368 25.4
      vertex 0 23.4665 25.4
      vertex 7.85195 21.1036 25.4
    endloop
  endfacet
  facet normal 0 0 -1
    outer loop
      vertex 7.34279 20.1255 25.4
      vertex 0 23.4665 25.4
      vertex 7.55458 20.6368 25.4
    endloop
  endfacet
  facet normal 0 0 -1
    outer loop
      vertex 7.22301 19.5852 25.4
      vertex 0 23.4665 25.4
      vertex 7.34279 20.1255 25.4
    endloop
  endfacet
  facet normal 0 0 -1
    outer loop
      vertex 0 23.4665 25.4
      vertex 7.22301 19.5852 25.4
      vertex 7.19886 19.0323 25.4
    endloop
  endfacet
  facet normal -0.381231 0.920369 -0.0870836
    outer loop
      vertex 10.4566 10.667 32.3013
      vertex 10.4751 10.6225 31.75
      vertex 6.0751 8.79995 31.75
    endloop
  endfacet
  facet normal -0.381219 0.920366 -0.0871721
    outer loop
      vertex 10.4566 10.667 32.3013
      vertex 6.0751 8.79995 31.75
      vertex 6.05664 8.84452 32.3013
    endloop
  endfacet
  facet normal -0.369628 0.892383 -0.258898
    outer loop
      vertex 10.4018 10.7994 32.8359
      vertex 10.4566 10.667 32.3013
      vertex 6.05664 8.84452 32.3013
    endloop
  endfacet
  facet normal -0.369649 0.892402 -0.258802
    outer loop
      vertex 10.4018 10.7994 32.8359
      vertex 6.05664 8.84452 32.3013
      vertex 6.00182 8.97685 32.8359
    endloop
  endfacet
  facet normal -0.346832 0.837318 -0.422619
    outer loop
      vertex 10.3123 11.0155 33.3375
      vertex 10.4018 10.7994 32.8359
      vertex 6.00182 8.97685 32.8359
    endloop
  endfacet
  facet normal -0.346836 0.837323 -0.422605
    outer loop
      vertex 10.3123 11.0155 33.3375
      vertex 6.00182 8.97685 32.8359
      vertex 5.91232 9.19294 33.3375
    endloop
  endfacet
  facet normal -0.313511 0.756872 -0.573459
    outer loop
      vertex 10.1908 11.3087 33.7909
      vertex 10.3123 11.0155 33.3375
      vertex 5.91232 9.19294 33.3375
    endloop
  endfacet
  facet normal -0.313479 0.756824 -0.57354
    outer loop
      vertex 10.1908 11.3087 33.7909
      vertex 5.91232 9.19294 33.3375
      vertex 5.79084 9.48622 33.7909
    endloop
  endfacet
  facet normal -0.270571 0.653232 -0.707163
    outer loop
      vertex 10.0411 11.6703 34.1822
      vertex 10.1908 11.3087 33.7909
      vertex 5.79084 9.48622 33.7909
    endloop
  endfacet
  facet normal -0.270582 0.65325 -0.707142
    outer loop
      vertex 10.0411 11.6703 34.1822
      vertex 5.79084 9.48622 33.7909
      vertex 5.64108 9.84777 34.1822
    endloop
  endfacet
  facet normal -0.219485 0.52989 -0.819172
    outer loop
      vertex 9.86757 12.0891 34.4996
      vertex 10.0411 11.6703 34.1822
      vertex 5.64108 9.84777 34.1822
    endloop
  endfacet
  facet normal -0.21948 0.529881 -0.819179
    outer loop
      vertex 9.86757 12.0891 34.4996
      vertex 5.64108 9.84777 34.1822
      vertex 5.46759 10.2666 34.4996
    endloop
  endfacet
  facet normal -0.161731 0.390461 -0.906302
    outer loop
      vertex 9.67562 12.5525 34.7335
      vertex 9.86757 12.0891 34.4996
      vertex 5.46759 10.2666 34.4996
    endloop
  endfacet
  facet normal -0.161731 0.390461 -0.906302
    outer loop
      vertex 9.67562 12.5525 34.7335
      vertex 5.46759 10.2666 34.4996
      vertex 5.27564 10.73 34.7335
    endloop
  endfacet
  facet normal -0.0990805 0.239206 -0.9659
    outer loop
      vertex 9.47104 13.0464 34.8768
      vertex 9.67562 12.5525 34.7335
      vertex 5.27564 10.73 34.7335
    endloop
  endfacet
  facet normal -0.0990814 0.239207 -0.9659
    outer loop
      vertex 9.47104 13.0464 34.8768
      vertex 5.27564 10.73 34.7335
      vertex 5.07107 11.2239 34.8768
    endloop
  endfacet
  facet normal -0.0333266 0.0804586 -0.996201
    outer loop
      vertex 9.26006 13.5558 34.925
      vertex 9.47104 13.0464 34.8768
      vertex 5.07107 11.2239 34.8768
    endloop
  endfacet
  facet normal -0.0333263 0.0804581 -0.996201
    outer loop
      vertex 9.26006 13.5558 34.925
      vertex 5.07107 11.2239 34.8768
      vertex 4.86008 11.7333 34.925
    endloop
  endfacet
  facet normal 0.0333263 -0.0804581 -0.996201
    outer loop
      vertex 9.04907 14.0652 34.8768
      vertex 9.26006 13.5558 34.925
      vertex 4.86008 11.7333 34.925
    endloop
  endfacet
  facet normal 0.0333337 -0.0804714 -0.996199
    outer loop
      vertex 9.04907 14.0652 34.8768
      vertex 4.86008 11.7333 34.925
      vertex 4.6491 12.2426 34.8768
    endloop
  endfacet
  facet normal 0.0990853 -0.239204 -0.9659
    outer loop
      vertex 8.84449 14.5591 34.7335
      vertex 9.04907 14.0652 34.8768
      vertex 4.6491 12.2426 34.8768
    endloop
  endfacet
  facet normal 0.0990853 -0.239204 -0.9659
    outer loop
      vertex 8.84449 14.5591 34.7335
      vertex 4.6491 12.2426 34.8768
      vertex 4.44452 12.7365 34.7335
    endloop
  endfacet
  facet normal 0.16174 -0.39046 -0.906301
    outer loop
      vertex 8.65255 15.0225 34.4996
      vertex 8.84449 14.5591 34.7335
      vertex 4.44452 12.7365 34.7335
    endloop
  endfacet
  facet normal 0.161739 -0.390458 -0.906302
    outer loop
      vertex 8.65255 15.0225 34.4996
      vertex 4.44452 12.7365 34.7335
      vertex 4.25257 13.1999 34.4996
    endloop
  endfacet
  facet normal 0.219499 -0.529898 -0.819163
    outer loop
      vertex 8.47906 15.4413 34.1822
      vertex 8.65255 15.0225 34.4996
      vertex 4.25257 13.1999 34.4996
    endloop
  endfacet
  facet normal 0.219459 -0.52983 -0.819218
    outer loop
      vertex 8.47906 15.4413 34.1822
      vertex 4.25257 13.1999 34.4996
      vertex 4.07908 13.6188 34.1822
    endloop
  endfacet
  facet normal 0.270565 -0.653212 -0.707184
    outer loop
      vertex 8.3293 15.8029 33.7909
      vertex 8.47906 15.4413 34.1822
      vertex 4.07908 13.6188 34.1822
    endloop
  endfacet
  facet normal 0.270609 -0.653284 -0.707101
    outer loop
      vertex 8.3293 15.8029 33.7909
      vertex 4.07908 13.6188 34.1822
      vertex 3.92932 13.9803 33.7909
    endloop
  endfacet
  facet normal 0.31352 -0.756875 -0.57345
    outer loop
      vertex 8.20782 16.0961 33.3375
      vertex 8.3293 15.8029 33.7909
      vertex 3.92932 13.9803 33.7909
    endloop
  endfacet
  facet normal 0.313475 -0.756809 -0.573562
    outer loop
      vertex 8.20782 16.0961 33.3375
      vertex 3.92932 13.9803 33.7909
      vertex 3.80784 14.2736 33.3375
    endloop
  endfacet
  facet normal 0.346823 -0.837318 -0.422625
    outer loop
      vertex 8.11831 16.3122 32.8359
      vertex 8.20782 16.0961 33.3375
      vertex 3.80784 14.2736 33.3375
    endloop
  endfacet
  facet normal 0.346824 -0.837321 -0.422619
    outer loop
      vertex 8.11831 16.3122 32.8359
      vertex 3.80784 14.2736 33.3375
      vertex 3.71834 14.4897 32.8359
    endloop
  endfacet
  facet normal 0.36963 -0.89238 -0.258905
    outer loop
      vertex 8.0635 16.4446 32.3013
      vertex 8.11831 16.3122 32.8359
      vertex 3.71834 14.4897 32.8359
    endloop
  endfacet
  facet normal 0.369662 -0.89241 -0.258756
    outer loop
      vertex 8.0635 16.4446 32.3013
      vertex 3.71834 14.4897 32.8359
      vertex 3.66352 14.622 32.3013
    endloop
  endfacet
  facet normal 0.381243 -0.920367 -0.0870562
    outer loop
      vertex 8.04504 16.4891 31.75
      vertex 8.0635 16.4446 32.3013
      vertex 3.66352 14.622 32.3013
    endloop
  endfacet
  facet normal 0.381219 -0.920361 -0.0872218
    outer loop
      vertex 8.04504 16.4891 31.75
      vertex 3.66352 14.622 32.3013
      vertex 3.64506 14.6666 31.75
    endloop
  endfacet
  facet normal 0.381225 -0.920374 0.0870562
    outer loop
      vertex 8.0635 16.4446 31.1987
      vertex 8.04504 16.4891 31.75
      vertex 3.64506 14.6666 31.75
    endloop
  endfacet
  facet normal 0.381237 -0.920353 0.0872218
    outer loop
      vertex 3.66352 14.622 31.1987
      vertex 8.0635 16.4446 31.1987
      vertex 3.64506 14.6666 31.75
    endloop
  endfacet
  facet normal 0.369647 -0.892373 0.258905
    outer loop
      vertex 8.11831 16.3122 30.6641
      vertex 8.0635 16.4446 31.1987
      vertex 3.66352 14.622 31.1987
    endloop
  endfacet
  facet normal 0.369646 -0.892417 0.258756
    outer loop
      vertex 3.71834 14.4897 30.6641
      vertex 8.11831 16.3122 30.6641
      vertex 3.66352 14.622 31.1987
    endloop
  endfacet
  facet normal 0.346823 -0.837318 0.422625
    outer loop
      vertex 8.20782 16.0961 30.1625
      vertex 8.11831 16.3122 30.6641
      vertex 3.71834 14.4897 30.6641
    endloop
  endfacet
  facet normal 0.346824 -0.837321 0.422619
    outer loop
      vertex 3.80784 14.2736 30.1625
      vertex 8.20782 16.0961 30.1625
      vertex 3.71834 14.4897 30.6641
    endloop
  endfacet
  facet normal 0.313505 -0.756881 0.57345
    outer loop
      vertex 8.3293 15.8029 29.7091
      vertex 8.20782 16.0961 30.1625
      vertex 3.80784 14.2736 30.1625
    endloop
  endfacet
  facet normal 0.31349 -0.756803 0.573562
    outer loop
      vertex 3.92932 13.9803 29.7091
      vertex 8.3293 15.8029 29.7091
      vertex 3.80784 14.2736 30.1625
    endloop
  endfacet
  facet normal 0.270577 -0.653207 0.707184
    outer loop
      vertex 8.47906 15.4413 29.3178
      vertex 8.3293 15.8029 29.7091
      vertex 3.92932 13.9803 29.7091
    endloop
  endfacet
  facet normal 0.270596 -0.653289 0.707101
    outer loop
      vertex 4.07908 13.6188 29.3178
      vertex 8.47906 15.4413 29.3178
      vertex 3.92932 13.9803 29.7091
    endloop
  endfacet
  facet normal 0.219489 -0.529902 0.819163
    outer loop
      vertex 8.65255 15.0225 29.0004
      vertex 8.47906 15.4413 29.3178
      vertex 4.07908 13.6188 29.3178
    endloop
  endfacet
  facet normal 0.219469 -0.529826 0.819218
    outer loop
      vertex 4.25257 13.1999 29.0004
      vertex 8.65255 15.0225 29.0004
      vertex 4.07908 13.6188 29.3178
    endloop
  endfacet
  facet normal 0.16174 -0.39046 0.906301
    outer loop
      vertex 8.84449 14.5591 28.7665
      vertex 8.65255 15.0225 29.0004
      vertex 4.25257 13.1999 29.0004
    endloop
  endfacet
  facet normal 0.161739 -0.390458 0.906302
    outer loop
      vertex 4.44452 12.7365 28.7665
      vertex 8.84449 14.5591 28.7665
      vertex 4.25257 13.1999 29.0004
    endloop
  endfacet
  facet normal 0.0990853 -0.239204 0.9659
    outer loop
      vertex 9.04907 14.0652 28.6232
      vertex 8.84449 14.5591 28.7665
      vertex 4.44452 12.7365 28.7665
    endloop
  endfacet
  facet normal 0.0990853 -0.239204 0.9659
    outer loop
      vertex 4.6491 12.2426 28.6232
      vertex 9.04907 14.0652 28.6232
      vertex 4.44452 12.7365 28.7665
    endloop
  endfacet
  facet normal 0.0333279 -0.0804574 0.996201
    outer loop
      vertex 9.26006 13.5558 28.575
      vertex 9.04907 14.0652 28.6232
      vertex 4.6491 12.2426 28.6232
    endloop
  endfacet
  facet normal 0.033332 -0.0804721 0.996199
    outer loop
      vertex 4.86008 11.7333 28.575
      vertex 9.26006 13.5558 28.575
      vertex 4.6491 12.2426 28.6232
    endloop
  endfacet
  facet normal -0.0333265 0.0804587 0.996201
    outer loop
      vertex 9.47104 13.0464 28.6232
      vertex 9.26006 13.5558 28.575
      vertex 4.86008 11.7333 28.575
    endloop
  endfacet
  facet normal -0.0333263 0.0804581 0.996201
    outer loop
      vertex 5.07107 11.2239 28.6232
      vertex 9.47104 13.0464 28.6232
      vertex 4.86008 11.7333 28.575
    endloop
  endfacet
  facet normal -0.0990807 0.239206 0.9659
    outer loop
      vertex 9.67562 12.5525 28.7665
      vertex 9.47104 13.0464 28.6232
      vertex 5.07107 11.2239 28.6232
    endloop
  endfacet
  facet normal -0.0990812 0.239207 0.9659
    outer loop
      vertex 5.27564 10.73 28.7665
      vertex 9.67562 12.5525 28.7665
      vertex 5.07107 11.2239 28.6232
    endloop
  endfacet
  facet normal -0.161731 0.390461 0.906302
    outer loop
      vertex 9.86757 12.0891 29.0004
      vertex 9.67562 12.5525 28.7665
      vertex 5.27564 10.73 28.7665
    endloop
  endfacet
  facet normal -0.161731 0.390461 0.906302
    outer loop
      vertex 5.46759 10.2666 29.0004
      vertex 9.86757 12.0891 29.0004
      vertex 5.27564 10.73 28.7665
    endloop
  endfacet
  facet normal -0.219484 0.52989 0.819172
    outer loop
      vertex 10.0411 11.6703 29.3178
      vertex 9.86757 12.0891 29.0004
      vertex 5.46759 10.2666 29.0004
    endloop
  endfacet
  facet normal -0.219481 0.52988 0.819179
    outer loop
      vertex 5.64108 9.84777 29.3178
      vertex 10.0411 11.6703 29.3178
      vertex 5.46759 10.2666 29.0004
    endloop
  endfacet
  facet normal -0.270574 0.65323 0.707163
    outer loop
      vertex 10.1908 11.3087 29.7091
      vertex 10.0411 11.6703 29.3178
      vertex 5.64108 9.84777 29.3178
    endloop
  endfacet
  facet normal -0.270579 0.653251 0.707142
    outer loop
      vertex 5.79084 9.48622 29.7091
      vertex 10.1908 11.3087 29.7091
      vertex 5.64108 9.84777 29.3178
    endloop
  endfacet
  facet normal -0.313501 0.756876 0.573459
    outer loop
      vertex 10.3123 11.0155 30.1625
      vertex 10.1908 11.3087 29.7091
      vertex 5.79084 9.48622 29.7091
    endloop
  endfacet
  facet normal -0.31349 0.75682 0.57354
    outer loop
      vertex 5.91232 9.19294 30.1625
      vertex 10.3123 11.0155 30.1625
      vertex 5.79084 9.48622 29.7091
    endloop
  endfacet
  facet normal -0.346833 0.837317 0.422619
    outer loop
      vertex 10.4018 10.7994 30.6641
      vertex 10.3123 11.0155 30.1625
      vertex 5.91232 9.19294 30.1625
    endloop
  endfacet
  facet normal -0.346834 0.837323 0.422605
    outer loop
      vertex 6.00182 8.97685 30.6641
      vertex 10.4018 10.7994 30.6641
      vertex 5.91232 9.19294 30.1625
    endloop
  endfacet
  facet normal -0.369639 0.892378 0.258898
    outer loop
      vertex 10.4566 10.667 31.1987
      vertex 10.4018 10.7994 30.6641
      vertex 6.00182 8.97685 30.6641
    endloop
  endfacet
  facet normal -0.369638 0.892406 0.258802
    outer loop
      vertex 6.05664 8.84452 31.1987
      vertex 10.4566 10.667 31.1987
      vertex 6.00182 8.97685 30.6641
    endloop
  endfacet
  facet normal -0.381222 0.920373 0.0870836
    outer loop
      vertex 10.4751 10.6225 31.75
      vertex 10.4566 10.667 31.1987
      vertex 6.05664 8.84452 31.1987
    endloop
  endfacet
  facet normal -0.381229 0.920362 0.0871721
    outer loop
      vertex 6.0751 8.79995 31.75
      vertex 10.4751 10.6225 31.75
      vertex 6.05664 8.84452 31.1987
    endloop
  endfacet
  facet normal -0.381231 0.920369 -0.0870836
    outer loop
      vertex 10.4566 10.667 57.7013
      vertex 10.4751 10.6225 57.15
      vertex 6.0751 8.79995 57.15
    endloop
  endfacet
  facet normal -0.381219 0.920366 -0.0871721
    outer loop
      vertex 10.4566 10.667 57.7013
      vertex 6.0751 8.79995 57.15
      vertex 6.05664 8.84452 57.7013
    endloop
  endfacet
  facet normal -0.369628 0.892383 -0.258898
    outer loop
      vertex 10.4018 10.7994 58.2359
      vertex 10.4566 10.667 57.7013
      vertex 6.05664 8.84452 57.7013
    endloop
  endfacet
  facet normal -0.369649 0.892402 -0.258802
    outer loop
      vertex 10.4018 10.7994 58.2359
      vertex 6.05664 8.84452 57.7013
      vertex 6.00182 8.97685 58.2359
    endloop
  endfacet
  facet normal -0.346832 0.837318 -0.422619
    outer loop
      vertex 10.3123 11.0155 58.7375
      vertex 10.4018 10.7994 58.2359
      vertex 6.00182 8.97685 58.2359
    endloop
  endfacet
  facet normal -0.346836 0.837323 -0.422605
    outer loop
      vertex 10.3123 11.0155 58.7375
      vertex 6.00182 8.97685 58.2359
      vertex 5.91232 9.19294 58.7375
    endloop
  endfacet
  facet normal -0.313489 0.756817 -0.573544
    outer loop
      vertex 10.1908 11.3087 59.1908
      vertex 10.3123 11.0155 58.7375
      vertex 5.91232 9.19294 58.7375
    endloop
  endfacet
  facet normal -0.313457 0.756769 -0.573625
    outer loop
      vertex 10.1908 11.3087 59.1908
      vertex 5.91232 9.19294 58.7375
      vertex 5.79084 9.48622 59.1908
    endloop
  endfacet
  facet normal -0.270606 0.653315 -0.707073
    outer loop
      vertex 10.0411 11.6703 59.5822
      vertex 10.1908 11.3087 59.1908
      vertex 5.79084 9.48622 59.1908
    endloop
  endfacet
  facet normal -0.270617 0.653333 -0.707052
    outer loop
      vertex 10.0411 11.6703 59.5822
      vertex 5.79084 9.48622 59.1908
      vertex 5.64108 9.84777 59.5822
    endloop
  endfacet
  facet normal -0.219485 0.52989 -0.819172
    outer loop
      vertex 9.86757 12.0891 59.8996
      vertex 10.0411 11.6703 59.5822
      vertex 5.64108 9.84777 59.5822
    endloop
  endfacet
  facet normal -0.21948 0.529881 -0.819179
    outer loop
      vertex 9.86757 12.0891 59.8996
      vertex 5.64108 9.84777 59.5822
      vertex 5.46759 10.2666 59.8996
    endloop
  endfacet
  facet normal -0.161731 0.390461 -0.906302
    outer loop
      vertex 9.67562 12.5525 60.1335
      vertex 9.86757 12.0891 59.8996
      vertex 5.46759 10.2666 59.8996
    endloop
  endfacet
  facet normal -0.161731 0.390461 -0.906302
    outer loop
      vertex 9.67562 12.5525 60.1335
      vertex 5.46759 10.2666 59.8996
      vertex 5.27564 10.73 60.1335
    endloop
  endfacet
  facet normal -0.0990805 0.239206 -0.9659
    outer loop
      vertex 9.47104 13.0464 60.2768
      vertex 9.67562 12.5525 60.1335
      vertex 5.27564 10.73 60.1335
    endloop
  endfacet
  facet normal -0.0990814 0.239207 -0.9659
    outer loop
      vertex 9.47104 13.0464 60.2768
      vertex 5.27564 10.73 60.1335
      vertex 5.07107 11.2239 60.2768
    endloop
  endfacet
  facet normal -0.0333266 0.0804586 -0.996201
    outer loop
      vertex 9.26006 13.5558 60.325
      vertex 9.47104 13.0464 60.2768
      vertex 5.07107 11.2239 60.2768
    endloop
  endfacet
  facet normal -0.0333263 0.0804581 -0.996201
    outer loop
      vertex 9.26006 13.5558 60.325
      vertex 5.07107 11.2239 60.2768
      vertex 4.86008 11.7333 60.325
    endloop
  endfacet
  facet normal 0.0333263 -0.0804581 -0.996201
    outer loop
      vertex 9.04907 14.0652 60.2768
      vertex 9.26006 13.5558 60.325
      vertex 4.86008 11.7333 60.325
    endloop
  endfacet
  facet normal 0.0333337 -0.0804714 -0.996199
    outer loop
      vertex 9.04907 14.0652 60.2768
      vertex 4.86008 11.7333 60.325
      vertex 4.6491 12.2426 60.2768
    endloop
  endfacet
  facet normal 0.0990853 -0.239204 -0.9659
    outer loop
      vertex 8.84449 14.5591 60.1335
      vertex 9.04907 14.0652 60.2768
      vertex 4.6491 12.2426 60.2768
    endloop
  endfacet
  facet normal 0.0990853 -0.239204 -0.9659
    outer loop
      vertex 8.84449 14.5591 60.1335
      vertex 4.6491 12.2426 60.2768
      vertex 4.44452 12.7365 60.1335
    endloop
  endfacet
  facet normal 0.16174 -0.39046 -0.906301
    outer loop
      vertex 8.65255 15.0225 59.8996
      vertex 8.84449 14.5591 60.1335
      vertex 4.44452 12.7365 60.1335
    endloop
  endfacet
  facet normal 0.161739 -0.390458 -0.906302
    outer loop
      vertex 8.65255 15.0225 59.8996
      vertex 4.44452 12.7365 60.1335
      vertex 4.25257 13.1999 59.8996
    endloop
  endfacet
  facet normal 0.219499 -0.529898 -0.819163
    outer loop
      vertex 8.47906 15.4413 59.5822
      vertex 8.65255 15.0225 59.8996
      vertex 4.25257 13.1999 59.8996
    endloop
  endfacet
  facet normal 0.219459 -0.52983 -0.819218
    outer loop
      vertex 8.47906 15.4413 59.5822
      vertex 4.25257 13.1999 59.8996
      vertex 4.07908 13.6188 59.5822
    endloop
  endfacet
  facet normal 0.270599 -0.653295 -0.707094
    outer loop
      vertex 8.3293 15.8029 59.1908
      vertex 8.47906 15.4413 59.5822
      vertex 4.07908 13.6188 59.5822
    endloop
  endfacet
  facet normal 0.270644 -0.653367 -0.70701
    outer loop
      vertex 8.3293 15.8029 59.1908
      vertex 4.07908 13.6188 59.5822
      vertex 3.92932 13.9803 59.1908
    endloop
  endfacet
  facet normal 0.313497 -0.75682 -0.573535
    outer loop
      vertex 8.20782 16.0961 58.7375
      vertex 8.3293 15.8029 59.1908
      vertex 3.92932 13.9803 59.1908
    endloop
  endfacet
  facet normal 0.313452 -0.756754 -0.573647
    outer loop
      vertex 8.20782 16.0961 58.7375
      vertex 3.92932 13.9803 59.1908
      vertex 3.80784 14.2736 58.7375
    endloop
  endfacet
  facet normal 0.346823 -0.837318 -0.422625
    outer loop
      vertex 8.11831 16.3122 58.2359
      vertex 8.20782 16.0961 58.7375
      vertex 3.80784 14.2736 58.7375
    endloop
  endfacet
  facet normal 0.346824 -0.837321 -0.422619
    outer loop
      vertex 8.11831 16.3122 58.2359
      vertex 3.80784 14.2736 58.7375
      vertex 3.71834 14.4897 58.2359
    endloop
  endfacet
  facet normal 0.36963 -0.89238 -0.258905
    outer loop
      vertex 8.0635 16.4446 57.7013
      vertex 8.11831 16.3122 58.2359
      vertex 3.71834 14.4897 58.2359
    endloop
  endfacet
  facet normal 0.369662 -0.89241 -0.258756
    outer loop
      vertex 8.0635 16.4446 57.7013
      vertex 3.71834 14.4897 58.2359
      vertex 3.66352 14.622 57.7013
    endloop
  endfacet
  facet normal 0.381243 -0.920367 -0.0870562
    outer loop
      vertex 8.04504 16.4891 57.15
      vertex 8.0635 16.4446 57.7013
      vertex 3.66352 14.622 57.7013
    endloop
  endfacet
  facet normal 0.381219 -0.920361 -0.0872218
    outer loop
      vertex 8.04504 16.4891 57.15
      vertex 3.66352 14.622 57.7013
      vertex 3.64506 14.6666 57.15
    endloop
  endfacet
  facet normal 0.381225 -0.920374 0.0870562
    outer loop
      vertex 8.0635 16.4446 56.5987
      vertex 8.04504 16.4891 57.15
      vertex 3.64506 14.6666 57.15
    endloop
  endfacet
  facet normal 0.381237 -0.920353 0.0872218
    outer loop
      vertex 3.66352 14.622 56.5987
      vertex 8.0635 16.4446 56.5987
      vertex 3.64506 14.6666 57.15
    endloop
  endfacet
  facet normal 0.369647 -0.892373 0.258905
    outer loop
      vertex 8.11831 16.3122 56.0641
      vertex 8.0635 16.4446 56.5987
      vertex 3.66352 14.622 56.5987
    endloop
  endfacet
  facet normal 0.369646 -0.892417 0.258756
    outer loop
      vertex 3.71834 14.4897 56.0641
      vertex 8.11831 16.3122 56.0641
      vertex 3.66352 14.622 56.5987
    endloop
  endfacet
  facet normal 0.346823 -0.837318 0.422625
    outer loop
      vertex 8.20782 16.0961 55.5625
      vertex 8.11831 16.3122 56.0641
      vertex 3.71834 14.4897 56.0641
    endloop
  endfacet
  facet normal 0.346824 -0.837321 0.422619
    outer loop
      vertex 3.80784 14.2736 55.5625
      vertex 8.20782 16.0961 55.5625
      vertex 3.71834 14.4897 56.0641
    endloop
  endfacet
  facet normal 0.313505 -0.756881 0.57345
    outer loop
      vertex 8.3293 15.8029 55.1091
      vertex 8.20782 16.0961 55.5625
      vertex 3.80784 14.2736 55.5625
    endloop
  endfacet
  facet normal 0.31349 -0.756803 0.573562
    outer loop
      vertex 3.92932 13.9803 55.1091
      vertex 8.3293 15.8029 55.1091
      vertex 3.80784 14.2736 55.5625
    endloop
  endfacet
  facet normal 0.270577 -0.653207 0.707184
    outer loop
      vertex 8.47906 15.4413 54.7178
      vertex 8.3293 15.8029 55.1091
      vertex 3.92932 13.9803 55.1091
    endloop
  endfacet
  facet normal 0.270596 -0.653289 0.707101
    outer loop
      vertex 4.07908 13.6188 54.7178
      vertex 8.47906 15.4413 54.7178
      vertex 3.92932 13.9803 55.1091
    endloop
  endfacet
  facet normal 0.219489 -0.529902 0.819163
    outer loop
      vertex 8.65255 15.0225 54.4004
      vertex 8.47906 15.4413 54.7178
      vertex 4.07908 13.6188 54.7178
    endloop
  endfacet
  facet normal 0.219469 -0.529826 0.819218
    outer loop
      vertex 4.25257 13.1999 54.4004
      vertex 8.65255 15.0225 54.4004
      vertex 4.07908 13.6188 54.7178
    endloop
  endfacet
  facet normal 0.16174 -0.39046 0.906301
    outer loop
      vertex 8.84449 14.5591 54.1665
      vertex 8.65255 15.0225 54.4004
      vertex 4.25257 13.1999 54.4004
    endloop
  endfacet
  facet normal 0.161739 -0.390458 0.906302
    outer loop
      vertex 4.44452 12.7365 54.1665
      vertex 8.84449 14.5591 54.1665
      vertex 4.25257 13.1999 54.4004
    endloop
  endfacet
  facet normal 0.0990853 -0.239204 0.9659
    outer loop
      vertex 9.04907 14.0652 54.0232
      vertex 8.84449 14.5591 54.1665
      vertex 4.44452 12.7365 54.1665
    endloop
  endfacet
  facet normal 0.0990853 -0.239204 0.9659
    outer loop
      vertex 4.6491 12.2426 54.0232
      vertex 9.04907 14.0652 54.0232
      vertex 4.44452 12.7365 54.1665
    endloop
  endfacet
  facet normal 0.0333279 -0.0804574 0.996201
    outer loop
      vertex 9.26006 13.5558 53.975
      vertex 9.04907 14.0652 54.0232
      vertex 4.6491 12.2426 54.0232
    endloop
  endfacet
  facet normal 0.033332 -0.0804721 0.996199
    outer loop
      vertex 4.86008 11.7333 53.975
      vertex 9.26006 13.5558 53.975
      vertex 4.6491 12.2426 54.0232
    endloop
  endfacet
  facet normal -0.0333265 0.0804587 0.996201
    outer loop
      vertex 9.47104 13.0464 54.0232
      vertex 9.26006 13.5558 53.975
      vertex 4.86008 11.7333 53.975
    endloop
  endfacet
  facet normal -0.0333263 0.0804581 0.996201
    outer loop
      vertex 5.07107 11.2239 54.0232
      vertex 9.47104 13.0464 54.0232
      vertex 4.86008 11.7333 53.975
    endloop
  endfacet
  facet normal -0.0990807 0.239206 0.9659
    outer loop
      vertex 9.67562 12.5525 54.1665
      vertex 9.47104 13.0464 54.0232
      vertex 5.07107 11.2239 54.0232
    endloop
  endfacet
  facet normal -0.0990812 0.239207 0.9659
    outer loop
      vertex 5.27564 10.73 54.1665
      vertex 9.67562 12.5525 54.1665
      vertex 5.07107 11.2239 54.0232
    endloop
  endfacet
  facet normal -0.161731 0.390461 0.906302
    outer loop
      vertex 9.86757 12.0891 54.4004
      vertex 9.67562 12.5525 54.1665
      vertex 5.27564 10.73 54.1665
    endloop
  endfacet
  facet normal -0.161731 0.390461 0.906302
    outer loop
      vertex 5.46759 10.2666 54.4004
      vertex 9.86757 12.0891 54.4004
      vertex 5.27564 10.73 54.1665
    endloop
  endfacet
  facet normal -0.219484 0.52989 0.819172
    outer loop
      vertex 10.0411 11.6703 54.7178
      vertex 9.86757 12.0891 54.4004
      vertex 5.46759 10.2666 54.4004
    endloop
  endfacet
  facet normal -0.219481 0.52988 0.819179
    outer loop
      vertex 5.64108 9.84777 54.7178
      vertex 10.0411 11.6703 54.7178
      vertex 5.46759 10.2666 54.4004
    endloop
  endfacet
  facet normal -0.270574 0.65323 0.707163
    outer loop
      vertex 10.1908 11.3087 55.1091
      vertex 10.0411 11.6703 54.7178
      vertex 5.64108 9.84777 54.7178
    endloop
  endfacet
  facet normal -0.270579 0.653251 0.707142
    outer loop
      vertex 5.79084 9.48622 55.1091
      vertex 10.1908 11.3087 55.1091
      vertex 5.64108 9.84777 54.7178
    endloop
  endfacet
  facet normal -0.313501 0.756876 0.573459
    outer loop
      vertex 10.3123 11.0155 55.5625
      vertex 10.1908 11.3087 55.1091
      vertex 5.79084 9.48622 55.1091
    endloop
  endfacet
  facet normal -0.31349 0.75682 0.57354
    outer loop
      vertex 5.91232 9.19294 55.5625
      vertex 10.3123 11.0155 55.5625
      vertex 5.79084 9.48622 55.1091
    endloop
  endfacet
  facet normal -0.346833 0.837317 0.422619
    outer loop
      vertex 10.4018 10.7994 56.0641
      vertex 10.3123 11.0155 55.5625
      vertex 5.91232 9.19294 55.5625
    endloop
  endfacet
  facet normal -0.346834 0.837323 0.422605
    outer loop
      vertex 6.00182 8.97685 56.0641
      vertex 10.4018 10.7994 56.0641
      vertex 5.91232 9.19294 55.5625
    endloop
  endfacet
  facet normal -0.369639 0.892378 0.258898
    outer loop
      vertex 10.4566 10.667 56.5987
      vertex 10.4018 10.7994 56.0641
      vertex 6.00182 8.97685 56.0641
    endloop
  endfacet
  facet normal -0.369638 0.892406 0.258802
    outer loop
      vertex 6.05664 8.84452 56.5987
      vertex 10.4566 10.667 56.5987
      vertex 6.00182 8.97685 56.0641
    endloop
  endfacet
  facet normal -0.381222 0.920373 0.0870836
    outer loop
      vertex 10.4751 10.6225 57.15
      vertex 10.4566 10.667 56.5987
      vertex 6.05664 8.84452 56.5987
    endloop
  endfacet
  facet normal -0.381229 0.920362 0.0871721
    outer loop
      vertex 6.0751 8.79995 57.15
      vertex 10.4751 10.6225 57.15
      vertex 6.05664 8.84452 56.5987
    endloop
  endfacet
  facet normal -0.59634 -0.379906 0.707142
    outer loop
      vertex 60.2007 43.2476 64.2428
      vertex 57.1034 48.8378 64.6341
      vertex 56.9836 48.2975 64.2428
    endloop
  endfacet
  facet normal -0.513421 -0.327081 0.793358
    outer loop
      vertex 60.2007 43.2476 64.2428
      vertex 56.9836 48.2975 64.2428
      vertex 56.8889 48.0372 64.0742
    endloop
  endfacet
  facet normal -0.484614 -0.306247 0.819367
    outer loop
      vertex 59.7754 43.0714 63.9254
      vertex 60.2007 43.2476 64.2428
      vertex 56.8889 48.0372 64.0742
    endloop
  endfacet
  facet normal -0.453084 -0.28864 0.843446
    outer loop
      vertex 59.7754 43.0714 63.9254
      vertex 56.8889 48.0372 64.0742
      vertex 56.7718 47.7862 63.9254
    endloop
  endfacet
  facet normal -0.389421 -0.248083 0.887021
    outer loop
      vertex 59.7754 43.0714 63.9254
      vertex 56.7718 47.7862 63.9254
      vertex 56.6333 47.5463 63.7975
    endloop
  endfacet
  facet normal -0.357395 -0.225042 0.906435
    outer loop
      vertex 59.3049 42.8765 63.6915
      vertex 59.7754 43.0714 63.9254
      vertex 56.6333 47.5463 63.7975
    endloop
  endfacet
  facet normal -0.322726 -0.205603 0.923891
    outer loop
      vertex 59.3049 42.8765 63.6915
      vertex 56.6333 47.5463 63.7975
      vertex 56.4744 47.3194 63.6915
    endloop
  endfacet
  facet normal -0.253706 -0.161632 0.953682
    outer loop
      vertex 59.3049 42.8765 63.6915
      vertex 56.4744 47.3194 63.6915
      vertex 56.2964 47.1073 63.6082
    endloop
  endfacet
  facet normal -0.219314 -0.136934 0.965997
    outer loop
      vertex 58.8034 42.6688 63.5482
      vertex 59.3049 42.8765 63.6915
      vertex 56.2964 47.1073 63.6082
    endloop
  endfacet
  facet normal -0.0368407 -0.0234695 0.999046
    outer loop
      vertex 58.2861 42.4546 63.5
      vertex 55.8884 46.7334 63.5121
      vertex 55.6615 46.5745 63.5
    endloop
  endfacet
  facet normal -0.0743963 -0.0445065 0.996235
    outer loop
      vertex 58.2861 42.4546 63.5
      vertex 58.8034 42.6688 63.5482
      vertex 55.8884 46.7334 63.5121
    endloop
  endfacet
  facet normal -0.109959 -0.0700534 0.991464
    outer loop
      vertex 58.8034 42.6688 63.5482
      vertex 56.1005 46.9114 63.5482
      vertex 55.8884 46.7334 63.5121
    endloop
  endfacet
  facet normal -0.182648 -0.116362 0.976268
    outer loop
      vertex 58.8034 42.6688 63.5482
      vertex 56.2964 47.1073 63.6082
      vertex 56.1005 46.9114 63.5482
    endloop
  endfacet
  facet normal -0.58335 -0.373689 0.721152
    outer loop
      vertex 60.2007 43.2476 64.2428
      vertex 60.4889 43.367 64.5378
      vertex 57.1034 48.8378 64.6341
    endloop
  endfacet
  facet normal -0.635247 -0.404689 0.657791
    outer loop
      vertex 60.4889 43.367 64.5378
      vertex 60.5673 43.4003 64.634
      vertex 57.1034 48.8378 64.6341
    endloop
  endfacet
  facet normal -0.690928 -0.440159 0.573479
    outer loop
      vertex 60.5673 43.4003 64.634
      vertex 57.1275 49.3907 65.0875
      vertex 57.1034 48.8378 64.6341
    endloop
  endfacet
  facet normal -0.667472 -0.429334 0.608403
    outer loop
      vertex 60.5673 43.4003 64.634
      vertex 60.7228 43.4713 64.8547
      vertex 57.1275 49.3907 65.0875
    endloop
  endfacet
  facet normal -0.711286 -0.45315 0.537333
    outer loop
      vertex 60.7228 43.4713 64.8547
      vertex 60.8563 43.5378 65.0875
      vertex 57.1275 49.3907 65.0875
    endloop
  endfacet
  facet normal -0.764321 -0.48693 0.422744
    outer loop
      vertex 57.1275 49.3907 65.0875
      vertex 58.5486 47.4244 65.392
      vertex 57.0871 49.6979 65.3683
    endloop
  endfacet
  facet normal -0.764334 -0.486947 0.422701
    outer loop
      vertex 58.5486 47.4244 65.392
      vertex 57.1275 49.3907 65.0875
      vertex 60.8563 43.5378 65.0875
    endloop
  endfacet
  facet normal -0.746398 -0.479349 0.461643
    outer loop
      vertex 60.8563 43.5378 65.0875
      vertex 60.023 45.1309 65.3944
      vertex 58.788 47.052 65.3924
    endloop
  endfacet
  facet normal -0.746475 -0.479381 0.461485
    outer loop
      vertex 60.8563 43.5378 65.0875
      vertex 58.788 47.052 65.3924
      vertex 58.5486 47.4244 65.392
    endloop
  endfacet
  facet normal -0.746456 -0.47936 0.461539
    outer loop
      vertex 60.023 45.1309 65.3944
      vertex 60.8563 43.5378 65.0875
      vertex 60.969 43.5981 65.3324
    endloop
  endfacet
  facet normal -0.779117 -0.496337 0.382917
    outer loop
      vertex 60.969 43.5981 65.3324
      vertex 60.84 43.86 65.4094
      vertex 60.023 45.1309 65.3944
    endloop
  endfacet
  facet normal -0.779208 -0.49633 0.382741
    outer loop
      vertex 60.84 43.86 65.4094
      vertex 60.969 43.5981 65.3324
      vertex 60.9978 43.6145 65.4123
    endloop
  endfacet
  facet normal -0.0734476 -0.0467901 -0.996201
    outer loop
      vertex 58.8034 42.6688 25.3518
      vertex 58.2861 42.4546 25.4
      vertex 55.6615 46.5745 25.4
    endloop
  endfacet
  facet normal -0.0396004 -0.0195272 -0.999025
    outer loop
      vertex 55.8884 46.7334 25.3879
      vertex 58.8034 42.6688 25.3518
      vertex 55.6615 46.5745 25.4
    endloop
  endfacet
  facet normal -0.109959 -0.0700534 -0.991464
    outer loop
      vertex 56.1005 46.9114 25.3518
      vertex 58.8034 42.6688 25.3518
      vertex 55.8884 46.7334 25.3879
    endloop
  endfacet
  facet normal -0.218378 -0.139125 -0.965896
    outer loop
      vertex 59.3049 42.8765 25.2085
      vertex 58.8034 42.6688 25.3518
      vertex 56.1005 46.9114 25.3518
    endloop
  endfacet
  facet normal -0.185938 -0.113003 -0.976042
    outer loop
      vertex 56.2964 47.1073 25.2918
      vertex 59.3049 42.8765 25.2085
      vertex 56.1005 46.9114 25.3518
    endloop
  endfacet
  facet normal -0.253706 -0.161632 -0.953682
    outer loop
      vertex 56.4744 47.3194 25.2085
      vertex 59.3049 42.8765 25.2085
      vertex 56.2964 47.1073 25.2918
    endloop
  endfacet
  facet normal -0.356469 -0.2271 -0.906287
    outer loop
      vertex 59.7754 43.0714 24.9746
      vertex 59.3049 42.8765 25.2085
      vertex 56.4744 47.3194 25.2085
    endloop
  endfacet
  facet normal -0.326351 -0.202763 -0.923246
    outer loop
      vertex 56.6333 47.5463 25.1025
      vertex 59.7754 43.0714 24.9746
      vertex 56.4744 47.3194 25.2085
    endloop
  endfacet
  facet normal -0.389421 -0.248083 -0.887021
    outer loop
      vertex 56.7718 47.7862 24.9746
      vertex 59.7754 43.0714 24.9746
      vertex 56.6333 47.5463 25.1025
    endloop
  endfacet
  facet normal -0.4837 -0.308145 -0.819195
    outer loop
      vertex 60.2007 43.2476 24.6572
      vertex 59.7754 43.0714 24.9746
      vertex 56.7718 47.7862 24.9746
    endloop
  endfacet
  facet normal -0.4568 -0.286209 -0.84227
    outer loop
      vertex 56.8889 48.0372 24.8258
      vertex 60.2007 43.2476 24.6572
      vertex 56.7718 47.7862 24.9746
    endloop
  endfacet
  facet normal -0.513421 -0.327081 -0.793358
    outer loop
      vertex 56.9836 48.2975 24.6572
      vertex 60.2007 43.2476 24.6572
      vertex 56.8889 48.0372 24.8258
    endloop
  endfacet
  facet normal -0.584149 -0.372139 -0.721306
    outer loop
      vertex 60.4889 43.367 24.3622
      vertex 60.2007 43.2476 24.6572
      vertex 56.9836 48.2975 24.6572
    endloop
  endfacet
  facet normal -0.595036 -0.380686 -0.70782
    outer loop
      vertex 57.1034 48.8378 24.2659
      vertex 60.4889 43.367 24.3622
      vertex 56.9836 48.2975 24.6572
    endloop
  endfacet
  facet normal -0.635256 -0.404695 -0.657778
    outer loop
      vertex 60.5674 43.4003 24.2659
      vertex 60.4889 43.367 24.3622
      vertex 57.1034 48.8378 24.2659
    endloop
  endfacet
  facet normal -0.669178 -0.426305 -0.608659
    outer loop
      vertex 60.7224 43.4711 24.0459
      vertex 60.5674 43.4003 24.2659
      vertex 57.1034 48.8378 24.2659
    endloop
  endfacet
  facet normal -0.68924 -0.441226 -0.57469
    outer loop
      vertex 57.1275 49.3907 23.8125
      vertex 60.7224 43.4711 24.0459
      vertex 57.1034 48.8378 24.2659
    endloop
  endfacet
  facet normal -0.7112 -0.453095 -0.537494
    outer loop
      vertex 60.8563 43.5378 23.8125
      vertex 60.7224 43.4711 24.0459
      vertex 57.1275 49.3907 23.8125
    endloop
  endfacet
  facet normal -0.748139 -0.476629 -0.461641
    outer loop
      vertex 60.969 43.5981 23.5676
      vertex 60.8563 43.5378 23.8125
      vertex 57.1275 49.3907 23.8125
    endloop
  endfacet
  facet normal -0.762894 -0.487985 -0.424103
    outer loop
      vertex 58.788 47.052 23.5165
      vertex 57.1275 49.3907 23.8125
      vertex 57.0871 49.6979 23.5317
    endloop
  endfacet
  facet normal -0.762993 -0.488094 -0.4238
    outer loop
      vertex 60.023 45.1309 23.5056
      vertex 57.1275 49.3907 23.8125
      vertex 58.788 47.052 23.5165
    endloop
  endfacet
  facet normal -0.76285 -0.487967 -0.424203
    outer loop
      vertex 57.1275 49.3907 23.8125
      vertex 60.023 45.1309 23.5056
      vertex 60.969 43.5981 23.5676
    endloop
  endfacet
  facet normal -0.779117 -0.496337 -0.382917
    outer loop
      vertex 60.84 43.86 23.4906
      vertex 60.969 43.5981 23.5676
      vertex 60.023 45.1309 23.5056
    endloop
  endfacet
  facet normal -0.779208 -0.49633 -0.382741
    outer loop
      vertex 60.969 43.5981 23.5676
      vertex 60.84 43.86 23.4906
      vertex 60.9978 43.6145 23.4877
    endloop
  endfacet
  facet normal -0.461825 0.886971 0
    outer loop
      vertex 55.6615 46.5745 25.4
      vertex 55.1706 46.3189 63.5
      vertex 55.6615 46.5745 63.5
    endloop
  endfacet
  facet normal -0.461825 0.886971 0
    outer loop
      vertex 55.1706 46.3189 63.5
      vertex 55.6615 46.5745 25.4
      vertex 55.1706 46.3189 25.4
    endloop
  endfacet
  facet normal -0.573632 0.819113 0
    outer loop
      vertex 55.8884 46.7334 63.5121
      vertex 55.6615 46.5745 25.4
      vertex 55.6615 46.5745 63.5
    endloop
  endfacet
  facet normal -0.573632 0.819113 0
    outer loop
      vertex 55.6615 46.5745 25.4
      vertex 55.8884 46.7334 63.5121
      vertex 55.8884 46.7334 25.3879
    endloop
  endfacet
  facet normal -0.642845 0.765996 0
    outer loop
      vertex 56.1005 46.9114 63.5482
      vertex 55.8884 46.7334 25.3879
      vertex 55.8884 46.7334 63.5121
    endloop
  endfacet
  facet normal -0.642845 0.765996 0
    outer loop
      vertex 55.8884 46.7334 25.3879
      vertex 56.1005 46.9114 63.5482
      vertex 56.1005 46.9114 25.3518
    endloop
  endfacet
  facet normal -0.707107 0.707107 0
    outer loop
      vertex 56.1005 46.9114 25.3518
      vertex 56.2964 47.1073 63.6082
      vertex 56.2964 47.1073 25.2918
    endloop
  endfacet
  facet normal -0.707107 0.707107 0
    outer loop
      vertex 56.2964 47.1073 63.6082
      vertex 56.1005 46.9114 25.3518
      vertex 56.1005 46.9114 63.5482
    endloop
  endfacet
  facet normal -0.765996 0.642845 0
    outer loop
      vertex 56.2964 47.1073 25.2918
      vertex 56.4744 47.3194 63.6915
      vertex 56.4744 47.3194 25.2085
    endloop
  endfacet
  facet normal -0.765996 0.642845 0
    outer loop
      vertex 56.4744 47.3194 63.6915
      vertex 56.2964 47.1073 25.2918
      vertex 56.2964 47.1073 63.6082
    endloop
  endfacet
  facet normal -0.819113 0.573632 0
    outer loop
      vertex 56.4744 47.3194 25.2085
      vertex 56.6333 47.5463 63.7975
      vertex 56.6333 47.5463 25.1025
    endloop
  endfacet
  facet normal -0.819113 0.573632 0
    outer loop
      vertex 56.6333 47.5463 63.7975
      vertex 56.4744 47.3194 25.2085
      vertex 56.4744 47.3194 63.6915
    endloop
  endfacet
  facet normal -0.866035 0.499983 0
    outer loop
      vertex 56.6333 47.5463 25.1025
      vertex 56.7718 47.7862 63.9254
      vertex 56.7718 47.7862 24.9746
    endloop
  endfacet
  facet normal -0.866035 0.499983 0
    outer loop
      vertex 56.7718 47.7862 63.9254
      vertex 56.6333 47.5463 25.1025
      vertex 56.6333 47.5463 63.7975
    endloop
  endfacet
  facet normal -0.906229 0.422787 0
    outer loop
      vertex 56.7718 47.7862 24.9746
      vertex 56.8889 48.0372 64.0742
      vertex 56.8889 48.0372 24.8258
    endloop
  endfacet
  facet normal -0.906229 0.422787 0
    outer loop
      vertex 56.8889 48.0372 64.0742
      vertex 56.7718 47.7862 24.9746
      vertex 56.7718 47.7862 63.9254
    endloop
  endfacet
  facet normal -0.939741 0.341888 0
    outer loop
      vertex 56.8889 48.0372 24.8258
      vertex 56.9836 48.2975 64.2428
      vertex 56.9836 48.2975 24.6572
    endloop
  endfacet
  facet normal -0.939741 0.341888 0
    outer loop
      vertex 56.9836 48.2975 64.2428
      vertex 56.8889 48.0372 24.8258
      vertex 56.8889 48.0372 64.0742
    endloop
  endfacet
  facet normal -0.976289 0.216471 0
    outer loop
      vertex 56.9836 48.2975 24.6572
      vertex 57.1034 48.8378 64.6341
      vertex 57.1034 48.8378 24.2659
    endloop
  endfacet
  facet normal -0.976289 0.216471 0
    outer loop
      vertex 57.1034 48.8378 64.6341
      vertex 56.9836 48.2975 24.6572
      vertex 56.9836 48.2975 64.2428
    endloop
  endfacet
  facet normal -0.999051 0.043547 0
    outer loop
      vertex 57.1034 48.8378 24.2659
      vertex 57.1275 49.3907 65.0875
      vertex 57.1275 49.3907 23.8125
    endloop
  endfacet
  facet normal -0.999051 0.043547 0
    outer loop
      vertex 57.1275 49.3907 65.0875
      vertex 57.1034 48.8378 24.2659
      vertex 57.1034 48.8378 64.6341
    endloop
  endfacet
  facet normal -0.991463 -0.130388 0
    outer loop
      vertex 57.1275 49.3907 23.8125
      vertex 57.0871 49.6979 65.3683
      vertex 57.0871 49.6979 23.5317
    endloop
  endfacet
  facet normal -0.991463 -0.130388 0
    outer loop
      vertex 57.0871 49.6979 65.3683
      vertex 57.1275 49.3907 23.8125
      vertex 57.1275 49.3907 65.0875
    endloop
  endfacet
  facet normal 0.381507 -0.921031 -0.0784545
    outer loop
      vertex 14.1201 1.82253 28.575
      vertex 9.72016 0 28.575
      vertex 9.7052 0.0361128 28.0783
    endloop
  endfacet
  facet normal 0.381503 -0.921036 -0.0784035
    outer loop
      vertex 14.1052 1.85864 28.0783
      vertex 14.1201 1.82253 28.575
      vertex 9.7052 0.0361128 28.0783
    endloop
  endfacet
  facet normal 0.372106 -0.898349 -0.233466
    outer loop
      vertex 14.1052 1.85864 28.0783
      vertex 9.7052 0.0361128 28.0783
      vertex 9.66069 0.143564 27.5939
    endloop
  endfacet
  facet normal 0.372106 -0.898347 -0.233475
    outer loop
      vertex 14.0607 1.9661 27.5939
      vertex 14.1052 1.85864 28.0783
      vertex 9.66069 0.143564 27.5939
    endloop
  endfacet
  facet normal 0.353553 -0.853555 -0.382679
    outer loop
      vertex 14.0607 1.9661 27.5939
      vertex 9.66069 0.143564 27.5939
      vertex 9.58773 0.319712 27.1336
    endloop
  endfacet
  facet normal 0.353552 -0.85355 -0.382693
    outer loop
      vertex 13.9877 2.14224 27.1336
      vertex 14.0607 1.9661 27.5939
      vertex 9.58773 0.319712 27.1336
    endloop
  endfacet
  facet normal 0.326292 -0.787738 -0.522496
    outer loop
      vertex 13.9877 2.14224 27.1336
      vertex 9.58773 0.319712 27.1336
      vertex 9.48811 0.560212 26.7088
    endloop
  endfacet
  facet normal 0.326293 -0.787745 -0.522485
    outer loop
      vertex 13.8881 2.38274 26.7088
      vertex 13.9877 2.14224 27.1336
      vertex 9.48811 0.560212 26.7088
    endloop
  endfacet
  facet normal 0.291011 -0.702566 -0.649395
    outer loop
      vertex 13.8881 2.38274 26.7088
      vertex 9.48811 0.560212 26.7088
      vertex 9.36429 0.859149 26.3299
    endloop
  endfacet
  facet normal 0.291012 -0.70257 -0.64939
    outer loop
      vertex 13.7643 2.68168 26.3299
      vertex 13.8881 2.38274 26.7088
      vertex 9.36429 0.859149 26.3299
    endloop
  endfacet
  facet normal 0.248501 -0.599939 -0.760473
    outer loop
      vertex 13.7643 2.68168 26.3299
      vertex 9.36429 0.859149 26.3299
      vertex 9.21931 1.20916 26.0064
    endloop
  endfacet
  facet normal 0.2485 -0.599933 -0.760479
    outer loop
      vertex 13.6193 3.03169 26.0064
      vertex 13.7643 2.68168 26.3299
      vertex 9.21931 1.20916 26.0064
    endloop
  endfacet
  facet normal 0.199943 -0.482706 -0.852653
    outer loop
      vertex 13.6193 3.03169 26.0064
      vertex 9.21931 1.20916 26.0064
      vertex 9.05675 1.60162 25.7461
    endloop
  endfacet
  facet normal 0.199939 -0.482693 -0.852662
    outer loop
      vertex 13.4567 3.42415 25.7461
      vertex 13.6193 3.03169 26.0064
      vertex 9.05675 1.60162 25.7461
    endloop
  endfacet
  facet normal 0.146475 -0.353619 -0.92385
    outer loop
      vertex 13.4567 3.42415 25.7461
      vertex 9.05675 1.60162 25.7461
      vertex 8.8806 2.02687 25.5554
    endloop
  endfacet
  facet normal 0.146479 -0.353632 -0.923844
    outer loop
      vertex 13.2806 3.8494 25.5554
      vertex 13.4567 3.42415 25.7461
      vertex 8.8806 2.02687 25.5554
    endloop
  endfacet
  facet normal 0.0893298 -0.215662 -0.972373
    outer loop
      vertex 13.2806 3.8494 25.5554
      vertex 8.8806 2.02687 25.5554
      vertex 8.69521 2.47445 25.4391
    endloop
  endfacet
  facet normal 0.0893293 -0.215661 -0.972374
    outer loop
      vertex 13.0952 4.29698 25.4391
      vertex 13.2806 3.8494 25.5554
      vertex 8.69521 2.47445 25.4391
    endloop
  endfacet
  facet normal 0.0300331 -0.0725064 -0.996916
    outer loop
      vertex 13.0952 4.29698 25.4391
      vertex 8.69521 2.47445 25.4391
      vertex 8.50514 2.93332 25.4
    endloop
  endfacet
  facet normal 0.0300325 -0.0725047 -0.996916
    outer loop
      vertex 12.9051 4.75585 25.4
      vertex 13.0952 4.29698 25.4391
      vertex 8.50514 2.93332 25.4
    endloop
  endfacet
  facet normal 0.381231 -0.920366 0.0871144
    outer loop
      vertex 14.1201 1.82253 60.325
      vertex 14.1017 1.86709 60.8763
      vertex 9.72016 0 60.325
    endloop
  endfacet
  facet normal 0.381224 -0.920364 0.0871642
    outer loop
      vertex 9.72016 0 60.325
      vertex 14.1017 1.86709 60.8763
      vertex 9.7017 0.0445652 60.8763
    endloop
  endfacet
  facet normal 0.369643 -0.892404 0.258805
    outer loop
      vertex 14.1017 1.86709 60.8763
      vertex 14.0469 1.99943 61.4109
      vertex 9.7017 0.0445652 60.8763
    endloop
  endfacet
  facet normal 0.369642 -0.892403 0.258808
    outer loop
      vertex 9.7017 0.0445652 60.8763
      vertex 14.0469 1.99943 61.4109
      vertex 9.64688 0.176899 61.4109
    endloop
  endfacet
  facet normal 0.346829 -0.837326 0.422605
    outer loop
      vertex 14.0469 1.99943 61.4109
      vertex 13.9574 2.21552 61.9125
      vertex 9.64688 0.176899 61.4109
    endloop
  endfacet
  facet normal 0.346828 -0.837325 0.422608
    outer loop
      vertex 9.64688 0.176899 61.4109
      vertex 13.9574 2.21552 61.9125
      vertex 9.55738 0.392991 61.9125
    endloop
  endfacet
  facet normal 0.313458 -0.756762 0.573634
    outer loop
      vertex 13.9574 2.21552 61.9125
      vertex 13.8359 2.5088 62.3658
      vertex 9.55738 0.392991 61.9125
    endloop
  endfacet
  facet normal 0.313464 -0.756771 0.573619
    outer loop
      vertex 9.55738 0.392991 61.9125
      vertex 13.8359 2.5088 62.3658
      vertex 9.4359 0.686266 62.3658
    endloop
  endfacet
  facet normal 0.270613 -0.65332 0.707066
    outer loop
      vertex 13.8359 2.5088 62.3658
      vertex 13.6861 2.87035 62.7572
      vertex 9.4359 0.686266 62.3658
    endloop
  endfacet
  facet normal 0.270619 -0.653329 0.707055
    outer loop
      vertex 9.4359 0.686266 62.3658
      vertex 13.6861 2.87035 62.7572
      vertex 9.28614 1.04782 62.7572
    endloop
  endfacet
  facet normal 0.21948 -0.529869 0.819187
    outer loop
      vertex 13.6861 2.87035 62.7572
      vertex 13.5126 3.28919 63.0746
      vertex 9.28614 1.04782 62.7572
    endloop
  endfacet
  facet normal 0.219481 -0.529872 0.819185
    outer loop
      vertex 9.28614 1.04782 62.7572
      vertex 13.5126 3.28919 63.0746
      vertex 9.11265 1.46666 63.0746
    endloop
  endfacet
  facet normal 0.16174 -0.390472 0.906296
    outer loop
      vertex 13.5126 3.28919 63.0746
      vertex 13.3207 3.75259 63.3085
      vertex 9.11265 1.46666 63.0746
    endloop
  endfacet
  facet normal 0.16173 -0.390455 0.906305
    outer loop
      vertex 9.11265 1.46666 63.0746
      vertex 13.3207 3.75259 63.3085
      vertex 8.9207 1.93007 63.3085
    endloop
  endfacet
  facet normal 0.0990813 -0.239206 0.9659
    outer loop
      vertex 13.3207 3.75259 63.3085
      vertex 13.1161 4.24648 63.4518
      vertex 8.9207 1.93007 63.3085
    endloop
  endfacet
  facet normal 0.0990859 -0.239214 0.965898
    outer loop
      vertex 8.9207 1.93007 63.3085
      vertex 13.1161 4.24648 63.4518
      vertex 8.71613 2.42395 63.4518
    endloop
  endfacet
  facet normal 0.0333282 -0.0804614 0.9962
    outer loop
      vertex 13.1161 4.24648 63.4518
      vertex 12.9051 4.75585 63.5
      vertex 8.71613 2.42395 63.4518
    endloop
  endfacet
  facet normal 0.0333285 -0.0804619 0.9962
    outer loop
      vertex 8.71613 2.42395 63.4518
      vertex 12.9051 4.75585 63.5
      vertex 8.50514 2.93332 63.5
    endloop
  endfacet
  facet normal 0.461683 -0.887045 0
    outer loop
      vertex 8.66492 21.8486 25.4
      vertex 9.15582 22.1041 63.5
      vertex 8.66492 21.8486 63.5
    endloop
  endfacet
  facet normal 0.461683 -0.887045 0
    outer loop
      vertex 9.15582 22.1041 63.5
      vertex 8.66492 21.8486 25.4
      vertex 9.15582 22.1041 25.4
    endloop
  endfacet
  facet normal 0.60875 -0.793362 0
    outer loop
      vertex 8.22585 21.5117 25.4
      vertex 8.66492 21.8486 63.5
      vertex 8.22585 21.5117 63.5
    endloop
  endfacet
  facet normal 0.60875 -0.793362 0
    outer loop
      vertex 8.66492 21.8486 63.5
      vertex 8.22585 21.5117 25.4
      vertex 8.66492 21.8486 25.4
    endloop
  endfacet
  facet normal 0.737327 -0.675536 0
    outer loop
      vertex 7.85195 21.1036 63.5
      vertex 8.22585 21.5117 25.4
      vertex 8.22585 21.5117 63.5
    endloop
  endfacet
  facet normal 0.737327 -0.675536 0
    outer loop
      vertex 8.22585 21.5117 25.4
      vertex 7.85195 21.1036 63.5
      vertex 7.85195 21.1036 25.4
    endloop
  endfacet
  facet normal 0.843403 -0.537281 0
    outer loop
      vertex 7.55458 20.6368 63.5
      vertex 7.85195 21.1036 25.4
      vertex 7.85195 21.1036 63.5
    endloop
  endfacet
  facet normal 0.843403 -0.537281 0
    outer loop
      vertex 7.85195 21.1036 25.4
      vertex 7.55458 20.6368 63.5
      vertex 7.55458 20.6368 25.4
    endloop
  endfacet
  facet normal 0.923878 -0.382687 0
    outer loop
      vertex 7.34279 20.1255 63.5
      vertex 7.55458 20.6368 25.4
      vertex 7.55458 20.6368 63.5
    endloop
  endfacet
  facet normal 0.923878 -0.382687 0
    outer loop
      vertex 7.55458 20.6368 25.4
      vertex 7.34279 20.1255 63.5
      vertex 7.34279 20.1255 25.4
    endloop
  endfacet
  facet normal 0.976297 -0.216437 0
    outer loop
      vertex 7.22301 19.5852 63.5
      vertex 7.34279 20.1255 25.4
      vertex 7.34279 20.1255 63.5
    endloop
  endfacet
  facet normal 0.976297 -0.216437 0
    outer loop
      vertex 7.34279 20.1255 25.4
      vertex 7.22301 19.5852 63.5
      vertex 7.22301 19.5852 25.4
    endloop
  endfacet
  facet normal 0.999047 -0.0436372 0
    outer loop
      vertex 7.19886 19.0323 63.5
      vertex 7.22301 19.5852 25.4
      vertex 7.22301 19.5852 63.5
    endloop
  endfacet
  facet normal 0.999047 -0.0436372 0
    outer loop
      vertex 7.22301 19.5852 25.4
      vertex 7.19886 19.0323 63.5
      vertex 7.19886 19.0323 25.4
    endloop
  endfacet
  facet normal 0.991444 0.13053 0
    outer loop
      vertex 7.2711 18.4836 63.5
      vertex 7.19886 19.0323 25.4
      vertex 7.19886 19.0323 63.5
    endloop
  endfacet
  facet normal 0.991444 0.13053 0
    outer loop
      vertex 7.19886 19.0323 25.4
      vertex 7.2711 18.4836 63.5
      vertex 7.2711 18.4836 25.4
    endloop
  endfacet
  facet normal 0.953709 0.300731 0
    outer loop
      vertex 7.43753 17.9558 63.5
      vertex 7.2711 18.4836 25.4
      vertex 7.2711 18.4836 63.5
    endloop
  endfacet
  facet normal 0.953709 0.300731 0
    outer loop
      vertex 7.2711 18.4836 25.4
      vertex 7.43753 17.9558 63.5
      vertex 7.43753 17.9558 25.4
    endloop
  endfacet
  facet normal 0.841184 0.540748 0
    outer loop
      vertex 58.5486 47.4244 65.392
      vertex 57.0871 49.6979 23.5317
      vertex 57.0871 49.6979 65.3683
    endloop
  endfacet
  facet normal 0.841178 0.540758 -0
    outer loop
      vertex 58.788 47.052 23.5165
      vertex 58.5486 47.4244 65.392
      vertex 58.788 47.052 65.3924
    endloop
  endfacet
  facet normal 0.841184 0.54075 1.00979e-07
    outer loop
      vertex 58.5486 47.4244 65.392
      vertex 58.788 47.052 23.5165
      vertex 57.0871 49.6979 23.5317
    endloop
  endfacet
  facet normal 0.841178 0.540758 0
    outer loop
      vertex 60.84 43.86 65.4094
      vertex 60.9894 43.6276 59.2999
      vertex 60.84 43.86 23.4906
    endloop
  endfacet
  facet normal 0.840786 0.541368 -3.28375e-05
    outer loop
      vertex 60.84 43.86 65.4094
      vertex 60.9907 43.6256 59.6131
      vertex 60.9894 43.6276 59.2999
    endloop
  endfacet
  facet normal 0.841488 0.540276 2.95661e-05
    outer loop
      vertex 60.84 43.86 65.4094
      vertex 60.9933 43.6215 60.5353
      vertex 60.9907 43.6256 59.6131
    endloop
  endfacet
  facet normal 0.840952 0.54111 -2.8069e-05
    outer loop
      vertex 60.84 43.86 65.4094
      vertex 60.9956 43.618 61.9712
      vertex 60.9933 43.6215 60.5353
    endloop
  endfacet
  facet normal 0.841197 0.540728 9.89626e-06
    outer loop
      vertex 60.84 43.86 65.4094
      vertex 60.9975 43.615 64.3873
      vertex 60.9956 43.618 61.9712
    endloop
  endfacet
  facet normal 0.841212 0.540706 1.75506e-05
    outer loop
      vertex 60.9975 43.615 64.3873
      vertex 60.84 43.86 65.4094
      vertex 60.9978 43.6145 65.4123
    endloop
  endfacet
  facet normal 0.841178 0.540758 -0
    outer loop
      vertex 60.9894 43.6276 29.6001
      vertex 60.84 43.86 23.4906
      vertex 60.9894 43.6276 59.2999
    endloop
  endfacet
  facet normal 0.842542 0.538631 -0.000114257
    outer loop
      vertex 60.9907 43.6255 29.2866
      vertex 60.84 43.86 23.4906
      vertex 60.9894 43.6276 29.6001
    endloop
  endfacet
  facet normal 0.840987 0.541056 2.43159e-05
    outer loop
      vertex 60.9933 43.6215 28.3678
      vertex 60.84 43.86 23.4906
      vertex 60.9907 43.6255 29.2866
    endloop
  endfacet
  facet normal 0.840952 0.541109 2.80106e-05
    outer loop
      vertex 60.9956 43.618 26.9288
      vertex 60.84 43.86 23.4906
      vertex 60.9933 43.6215 28.3678
    endloop
  endfacet
  facet normal 0.841197 0.540728 -9.89626e-06
    outer loop
      vertex 60.9975 43.615 24.5127
      vertex 60.84 43.86 23.4906
      vertex 60.9956 43.618 26.9288
    endloop
  endfacet
  facet normal 0.841212 0.540706 -1.75506e-05
    outer loop
      vertex 60.84 43.86 23.4906
      vertex 60.9975 43.615 24.5127
      vertex 60.9978 43.6145 23.4877
    endloop
  endfacet
  facet normal 0 0 1
    outer loop
      vertex 96.126 71.055 88.9
      vertex 60.84 43.86 88.9
      vertex 98.178 67.863 88.9
    endloop
  endfacet
  facet normal 0 -0 1
    outer loop
      vertex 60.84 43.86 88.9
      vertex 96.126 71.055 88.9
      vertex 58.788 47.052 88.9
    endloop
  endfacet
  facet normal 0.841178 0.540758 0
    outer loop
      vertex 98.178 67.863 88.9
      vertex 96.126 71.055 0
      vertex 96.126 71.055 88.9
    endloop
  endfacet
  facet normal 0.841178 0.540758 0
    outer loop
      vertex 96.126 71.055 0
      vertex 98.178 67.863 88.9
      vertex 98.178 67.863 0
    endloop
  endfacet
  facet normal -0.841177 -0.54076 0
    outer loop
      vertex 60.023 45.1309 65.3944
      vertex 58.788 47.052 88.9
      vertex 58.788 47.052 65.3924
    endloop
  endfacet
  facet normal -0.841181 -0.540754 -0
    outer loop
      vertex 60.84 43.86 88.9
      vertex 60.023 45.1309 65.3944
      vertex 60.84 43.86 65.4094
    endloop
  endfacet
  facet normal -0.841178 -0.540758 -2.55616e-07
    outer loop
      vertex 60.023 45.1309 65.3944
      vertex 60.84 43.86 88.9
      vertex 58.788 47.052 88.9
    endloop
  endfacet
  facet normal -0.841177 -0.54076 0
    outer loop
      vertex 58.788 47.052 0
      vertex 60.023 45.1309 23.5056
      vertex 58.788 47.052 23.5165
    endloop
  endfacet
  facet normal -0.841178 -0.540758 2.55616e-07
    outer loop
      vertex 60.84 43.86 0
      vertex 60.023 45.1309 23.5056
      vertex 58.788 47.052 0
    endloop
  endfacet
  facet normal -0.841181 -0.540754 0
    outer loop
      vertex 60.023 45.1309 23.5056
      vertex 60.84 43.86 0
      vertex 60.84 43.86 23.4906
    endloop
  endfacet
  facet normal -0.540773 0.841168 0
    outer loop
      vertex 87.2892 65.3742 24.6271
      vertex 87.2892 65.3742 64.2729
      vertex 87.5597 65.5481 24.7364
    endloop
  endfacet
  facet normal -0.540802 0.84115 1.33731e-06
    outer loop
      vertex 67.6248 52.7328 64.2729
      vertex 67.0741 52.3788 24.8028
      vertex 66.789 52.1955 24.825
    endloop
  endfacet
  facet normal -0.540758 0.841178 0
    outer loop
      vertex 87.2892 65.3742 64.2729
      vertex 87.2892 65.3742 24.6271
      vertex 67.6248 52.7328 64.2729
    endloop
  endfacet
  facet normal -0.540697 0.841217 -7.37651e-07
    outer loop
      vertex 67.6248 52.7328 64.2729
      vertex 67.3543 52.5589 24.7364
      vertex 67.0741 52.3788 24.8028
    endloop
  endfacet
  facet normal -0.540758 0.841178 0
    outer loop
      vertex 67.6248 52.7328 24.6271
      vertex 67.6248 52.7328 64.2729
      vertex 87.2892 65.3742 24.6271
    endloop
  endfacet
  facet normal -0.540773 0.841168 0
    outer loop
      vertex 67.6248 52.7328 64.2729
      vertex 67.6248 52.7328 24.6271
      vertex 67.3543 52.5589 24.7364
    endloop
  endfacet
  facet normal -0.540758 0.841178 -5.30492e-15
    outer loop
      vertex 87.033 65.2095 24.4767
      vertex 67.6248 52.7328 24.6271
      vertex 87.2892 65.3742 24.6271
    endloop
  endfacet
  facet normal -0.540758 0.841178 -8.29997e-15
    outer loop
      vertex 87.033 65.2095 24.4767
      vertex 67.881 52.8975 24.4767
      vertex 67.6248 52.7328 24.6271
    endloop
  endfacet
  facet normal -0.540758 0.841178 -9.53717e-05
    outer loop
      vertex 86.7955 65.0568 24.2877
      vertex 67.881 52.8975 24.4767
      vertex 87.033 65.2095 24.4767
    endloop
  endfacet
  facet normal -0.540756 0.841179 9.77973e-05
    outer loop
      vertex 86.7955 65.0568 24.2877
      vertex 68.1185 53.0502 24.2877
      vertex 67.881 52.8975 24.4767
    endloop
  endfacet
  facet normal -0.540756 0.841179 -5.54481e-05
    outer loop
      vertex 86.5807 64.9187 24.0635
      vertex 68.1185 53.0502 24.2877
      vertex 86.7955 65.0568 24.2877
    endloop
  endfacet
  facet normal -0.540755 0.84118 5.67535e-05
    outer loop
      vertex 86.5807 64.9187 24.0635
      vertex 68.3333 53.1883 24.0635
      vertex 68.1185 53.0502 24.2877
    endloop
  endfacet
  facet normal -0.540755 0.84118 4.45698e-05
    outer loop
      vertex 86.3923 64.7976 23.8078
      vertex 68.3333 53.1883 24.0635
      vertex 86.5807 64.9187 24.0635
    endloop
  endfacet
  facet normal -0.540756 0.841179 -4.55095e-05
    outer loop
      vertex 86.3923 64.7976 23.8078
      vertex 68.5217 53.3094 23.8078
      vertex 68.3333 53.1883 24.0635
    endloop
  endfacet
  facet normal -0.540756 0.841179 6.26065e-05
    outer loop
      vertex 86.2336 64.6956 23.525
      vertex 68.5217 53.3094 23.8078
      vertex 86.3923 64.7976 23.8078
    endloop
  endfacet
  facet normal -0.540758 0.841178 -6.37385e-05
    outer loop
      vertex 86.2336 64.6956 23.525
      vertex 68.6804 53.4114 23.525
      vertex 68.5217 53.3094 23.8078
    endloop
  endfacet
  facet normal -0.540758 0.841178 0.000157598
    outer loop
      vertex 86.1072 64.6144 23.22
      vertex 68.6804 53.4114 23.525
      vertex 86.2336 64.6956 23.525
    endloop
  endfacet
  facet normal -0.540762 0.841176 -0.0001599
    outer loop
      vertex 86.1072 64.6144 23.22
      vertex 68.8068 53.4926 23.22
      vertex 68.6804 53.4114 23.525
    endloop
  endfacet
  facet normal -0.540762 0.841176 -0.000222262
    outer loop
      vertex 86.0154 64.5553 22.8979
      vertex 68.8068 53.4926 23.22
      vertex 86.1072 64.6144 23.22
    endloop
  endfacet
  facet normal -0.540756 0.84118 0.000224647
    outer loop
      vertex 86.0154 64.5553 22.8979
      vertex 68.8986 53.5517 22.8979
      vertex 68.8068 53.4926 23.22
    endloop
  endfacet
  facet normal -0.540756 0.84118 1.75473e-05
    outer loop
      vertex 85.9597 64.5195 22.5644
      vertex 68.8986 53.5517 22.8979
      vertex 86.0154 64.5553 22.8979
    endloop
  endfacet
  facet normal -0.540756 0.841179 -1.76622e-05
    outer loop
      vertex 85.9597 64.5195 22.5644
      vertex 68.9543 53.5875 22.5644
      vertex 68.8986 53.5517 22.8979
    endloop
  endfacet
  facet normal -0.540756 0.841179 5.29924e-05
    outer loop
      vertex 85.941 64.5075 22.225
      vertex 68.9543 53.5875 22.5644
      vertex 85.9597 64.5195 22.5644
    endloop
  endfacet
  facet normal -0.540758 0.841178 -5.31092e-05
    outer loop
      vertex 85.941 64.5075 22.225
      vertex 68.973 53.5995 22.225
      vertex 68.9543 53.5875 22.5644
    endloop
  endfacet
  facet normal -0.540758 0.841178 -5.31092e-05
    outer loop
      vertex 85.9597 64.5195 21.8856
      vertex 68.973 53.5995 22.225
      vertex 85.941 64.5075 22.225
    endloop
  endfacet
  facet normal -0.540756 0.841179 5.29924e-05
    outer loop
      vertex 85.9597 64.5195 21.8856
      vertex 68.9543 53.5875 21.8856
      vertex 68.973 53.5995 22.225
    endloop
  endfacet
  facet normal -0.540756 0.841179 -1.76622e-05
    outer loop
      vertex 86.0154 64.5553 21.5521
      vertex 68.9543 53.5875 21.8856
      vertex 85.9597 64.5195 21.8856
    endloop
  endfacet
  facet normal -0.540756 0.84118 1.75473e-05
    outer loop
      vertex 86.0154 64.5553 21.5521
      vertex 68.8986 53.5517 21.5521
      vertex 68.9543 53.5875 21.8856
    endloop
  endfacet
  facet normal -0.540756 0.84118 0.000224647
    outer loop
      vertex 86.1072 64.6144 21.23
      vertex 68.8986 53.5517 21.5521
      vertex 86.0154 64.5553 21.5521
    endloop
  endfacet
  facet normal -0.540762 0.841176 -0.000222262
    outer loop
      vertex 86.1072 64.6144 21.23
      vertex 68.8068 53.4926 21.23
      vertex 68.8986 53.5517 21.5521
    endloop
  endfacet
  facet normal -0.540762 0.841176 -0.0001599
    outer loop
      vertex 86.2336 64.6956 20.925
      vertex 68.8068 53.4926 21.23
      vertex 86.1072 64.6144 21.23
    endloop
  endfacet
  facet normal -0.540758 0.841178 0.000157598
    outer loop
      vertex 86.2336 64.6956 20.925
      vertex 68.6804 53.4114 20.925
      vertex 68.8068 53.4926 21.23
    endloop
  endfacet
  facet normal -0.540758 0.841178 -6.37385e-05
    outer loop
      vertex 86.3923 64.7976 20.6422
      vertex 68.6804 53.4114 20.925
      vertex 86.2336 64.6956 20.925
    endloop
  endfacet
  facet normal -0.540756 0.841179 6.26065e-05
    outer loop
      vertex 86.3923 64.7976 20.6422
      vertex 68.5217 53.3094 20.6422
      vertex 68.6804 53.4114 20.925
    endloop
  endfacet
  facet normal -0.540756 0.841179 -4.55095e-05
    outer loop
      vertex 86.5807 64.9187 20.3865
      vertex 68.5217 53.3094 20.6422
      vertex 86.3923 64.7976 20.6422
    endloop
  endfacet
  facet normal -0.540755 0.84118 4.45698e-05
    outer loop
      vertex 86.5807 64.9187 20.3865
      vertex 68.3333 53.1883 20.3865
      vertex 68.5217 53.3094 20.6422
    endloop
  endfacet
  facet normal -0.540755 0.84118 5.67535e-05
    outer loop
      vertex 86.7955 65.0568 20.1623
      vertex 68.3333 53.1883 20.3865
      vertex 86.5807 64.9187 20.3865
    endloop
  endfacet
  facet normal -0.540756 0.841179 -5.54481e-05
    outer loop
      vertex 86.7955 65.0568 20.1623
      vertex 68.1185 53.0502 20.1623
      vertex 68.3333 53.1883 20.3865
    endloop
  endfacet
  facet normal -0.540756 0.841179 9.77973e-05
    outer loop
      vertex 87.033 65.2095 19.9733
      vertex 68.1185 53.0502 20.1623
      vertex 86.7955 65.0568 20.1623
    endloop
  endfacet
  facet normal -0.540758 0.841178 -9.53717e-05
    outer loop
      vertex 87.033 65.2095 19.9733
      vertex 67.881 52.8975 19.9733
      vertex 68.1185 53.0502 20.1623
    endloop
  endfacet
  facet normal -0.540758 0.841178 5.44685e-15
    outer loop
      vertex 87.2892 65.3742 19.8229
      vertex 67.881 52.8975 19.9733
      vertex 87.033 65.2095 19.9733
    endloop
  endfacet
  facet normal -0.540758 0.841178 8.08369e-15
    outer loop
      vertex 87.2892 65.3742 19.8229
      vertex 67.6248 52.7328 19.8229
      vertex 67.881 52.8975 19.9733
    endloop
  endfacet
  facet normal -0.540777 0.841166 -1.20773e-05
    outer loop
      vertex 96.126 71.055 0
      vertex 87.2892 65.3742 19.8229
      vertex 87.5597 65.5481 19.7136
    endloop
  endfacet
  facet normal -0.540758 0.841178 -1.53331e-16
    outer loop
      vertex 87.2892 65.3742 19.8229
      vertex 96.126 71.055 0
      vertex 67.6248 52.7328 19.8229
    endloop
  endfacet
  facet normal -0.54069 0.841222 4.12127e-05
    outer loop
      vertex 96.126 71.055 0
      vertex 87.5597 65.5481 19.7136
      vertex 87.8399 65.7282 19.6472
    endloop
  endfacet
  facet normal -0.540758 0.841178 3.23013e-17
    outer loop
      vertex 58.788 47.052 0
      vertex 67.6248 52.7328 19.8229
      vertex 96.126 71.055 0
    endloop
  endfacet
  facet normal -0.540804 0.841149 -2.66204e-05
    outer loop
      vertex 96.126 71.055 0
      vertex 87.8399 65.7282 19.6472
      vertex 88.125 65.9115 19.625
    endloop
  endfacet
  facet normal -0.540777 0.841166 1.20773e-05
    outer loop
      vertex 67.6248 52.7328 19.8229
      vertex 58.788 47.052 0
      vertex 67.3543 52.5589 19.7136
    endloop
  endfacet
  facet normal -0.540777 0.841166 1.20773e-05
    outer loop
      vertex 87.2892 65.3742 69.0771
      vertex 96.126 71.055 88.9
      vertex 87.5597 65.5481 69.1864
    endloop
  endfacet
  facet normal -0.540804 0.841149 -2.66204e-05
    outer loop
      vertex 58.788 47.052 88.9
      vertex 67.0741 52.3788 69.2528
      vertex 66.789 52.1955 69.275
    endloop
  endfacet
  facet normal -0.540758 0.841178 9.69039e-17
    outer loop
      vertex 96.126 71.055 88.9
      vertex 87.2892 65.3742 69.0771
      vertex 58.788 47.052 88.9
    endloop
  endfacet
  facet normal -0.54069 0.841222 4.12127e-05
    outer loop
      vertex 58.788 47.052 88.9
      vertex 67.3543 52.5589 69.1864
      vertex 67.0741 52.3788 69.2528
    endloop
  endfacet
  facet normal -0.540758 0.841178 -6.13325e-17
    outer loop
      vertex 67.6248 52.7328 69.0771
      vertex 58.788 47.052 88.9
      vertex 87.2892 65.3742 69.0771
    endloop
  endfacet
  facet normal -0.540777 0.841166 -1.20773e-05
    outer loop
      vertex 58.788 47.052 88.9
      vertex 67.6248 52.7328 69.0771
      vertex 67.3543 52.5589 69.1864
    endloop
  endfacet
  facet normal -0.540758 0.841178 -5.30492e-15
    outer loop
      vertex 87.033 65.2095 68.9267
      vertex 67.6248 52.7328 69.0771
      vertex 87.2892 65.3742 69.0771
    endloop
  endfacet
  facet normal -0.540758 0.841178 -8.29997e-15
    outer loop
      vertex 87.033 65.2095 68.9267
      vertex 67.881 52.8975 68.9267
      vertex 67.6248 52.7328 69.0771
    endloop
  endfacet
  facet normal -0.540758 0.841178 -9.53717e-05
    outer loop
      vertex 86.7955 65.0568 68.7377
      vertex 67.881 52.8975 68.9267
      vertex 87.033 65.2095 68.9267
    endloop
  endfacet
  facet normal -0.540756 0.841179 9.77973e-05
    outer loop
      vertex 86.7955 65.0568 68.7377
      vertex 68.1185 53.0502 68.7377
      vertex 67.881 52.8975 68.9267
    endloop
  endfacet
  facet normal -0.540756 0.841179 -5.54481e-05
    outer loop
      vertex 86.5807 64.9187 68.5135
      vertex 68.1185 53.0502 68.7377
      vertex 86.7955 65.0568 68.7377
    endloop
  endfacet
  facet normal -0.540755 0.84118 5.67535e-05
    outer loop
      vertex 86.5807 64.9187 68.5135
      vertex 68.3333 53.1883 68.5135
      vertex 68.1185 53.0502 68.7377
    endloop
  endfacet
  facet normal -0.540755 0.84118 4.45698e-05
    outer loop
      vertex 86.3923 64.7976 68.2578
      vertex 68.3333 53.1883 68.5135
      vertex 86.5807 64.9187 68.5135
    endloop
  endfacet
  facet normal -0.540756 0.841179 -4.55095e-05
    outer loop
      vertex 86.3923 64.7976 68.2578
      vertex 68.5217 53.3094 68.2578
      vertex 68.3333 53.1883 68.5135
    endloop
  endfacet
  facet normal -0.540756 0.841179 6.26065e-05
    outer loop
      vertex 86.2336 64.6956 67.975
      vertex 68.5217 53.3094 68.2578
      vertex 86.3923 64.7976 68.2578
    endloop
  endfacet
  facet normal -0.540758 0.841178 -6.37385e-05
    outer loop
      vertex 86.2336 64.6956 67.975
      vertex 68.6804 53.4114 67.975
      vertex 68.5217 53.3094 68.2578
    endloop
  endfacet
  facet normal -0.540758 0.841178 0.000157598
    outer loop
      vertex 86.1072 64.6144 67.67
      vertex 68.6804 53.4114 67.975
      vertex 86.2336 64.6956 67.975
    endloop
  endfacet
  facet normal -0.540762 0.841176 -0.0001599
    outer loop
      vertex 86.1072 64.6144 67.67
      vertex 68.8068 53.4926 67.67
      vertex 68.6804 53.4114 67.975
    endloop
  endfacet
  facet normal -0.540762 0.841176 -0.000222262
    outer loop
      vertex 86.0154 64.5553 67.3479
      vertex 68.8068 53.4926 67.67
      vertex 86.1072 64.6144 67.67
    endloop
  endfacet
  facet normal -0.540756 0.84118 0.000224647
    outer loop
      vertex 86.0154 64.5553 67.3479
      vertex 68.8986 53.5517 67.3479
      vertex 68.8068 53.4926 67.67
    endloop
  endfacet
  facet normal -0.540756 0.84118 1.75473e-05
    outer loop
      vertex 85.9597 64.5195 67.0144
      vertex 68.8986 53.5517 67.3479
      vertex 86.0154 64.5553 67.3479
    endloop
  endfacet
  facet normal -0.540756 0.841179 -1.76622e-05
    outer loop
      vertex 85.9597 64.5195 67.0144
      vertex 68.9543 53.5875 67.0144
      vertex 68.8986 53.5517 67.3479
    endloop
  endfacet
  facet normal -0.540756 0.841179 5.29924e-05
    outer loop
      vertex 85.941 64.5075 66.675
      vertex 68.9543 53.5875 67.0144
      vertex 85.9597 64.5195 67.0144
    endloop
  endfacet
  facet normal -0.540758 0.841178 -5.31092e-05
    outer loop
      vertex 85.941 64.5075 66.675
      vertex 68.973 53.5995 66.675
      vertex 68.9543 53.5875 67.0144
    endloop
  endfacet
  facet normal -0.540758 0.841178 -5.31092e-05
    outer loop
      vertex 85.9597 64.5195 66.3356
      vertex 68.973 53.5995 66.675
      vertex 85.941 64.5075 66.675
    endloop
  endfacet
  facet normal -0.540756 0.841179 5.29924e-05
    outer loop
      vertex 85.9597 64.5195 66.3356
      vertex 68.9543 53.5875 66.3356
      vertex 68.973 53.5995 66.675
    endloop
  endfacet
  facet normal -0.540756 0.841179 -1.76622e-05
    outer loop
      vertex 86.0154 64.5553 66.0021
      vertex 68.9543 53.5875 66.3356
      vertex 85.9597 64.5195 66.3356
    endloop
  endfacet
  facet normal -0.540756 0.84118 1.75473e-05
    outer loop
      vertex 86.0154 64.5553 66.0021
      vertex 68.8986 53.5517 66.0021
      vertex 68.9543 53.5875 66.3356
    endloop
  endfacet
  facet normal -0.540756 0.84118 0.000224647
    outer loop
      vertex 86.1072 64.6144 65.68
      vertex 68.8986 53.5517 66.0021
      vertex 86.0154 64.5553 66.0021
    endloop
  endfacet
  facet normal -0.540762 0.841176 -0.000222262
    outer loop
      vertex 86.1072 64.6144 65.68
      vertex 68.8068 53.4926 65.68
      vertex 68.8986 53.5517 66.0021
    endloop
  endfacet
  facet normal -0.540762 0.841176 -0.0001599
    outer loop
      vertex 86.2336 64.6956 65.375
      vertex 68.8068 53.4926 65.68
      vertex 86.1072 64.6144 65.68
    endloop
  endfacet
  facet normal -0.540758 0.841178 0.000157598
    outer loop
      vertex 86.2336 64.6956 65.375
      vertex 68.6804 53.4114 65.375
      vertex 68.8068 53.4926 65.68
    endloop
  endfacet
  facet normal -0.540758 0.841178 -6.37385e-05
    outer loop
      vertex 86.3923 64.7976 65.0922
      vertex 68.6804 53.4114 65.375
      vertex 86.2336 64.6956 65.375
    endloop
  endfacet
  facet normal -0.540756 0.841179 6.26065e-05
    outer loop
      vertex 86.3923 64.7976 65.0922
      vertex 68.5217 53.3094 65.0922
      vertex 68.6804 53.4114 65.375
    endloop
  endfacet
  facet normal -0.540756 0.841179 -4.55095e-05
    outer loop
      vertex 86.5807 64.9187 64.8365
      vertex 68.5217 53.3094 65.0922
      vertex 86.3923 64.7976 65.0922
    endloop
  endfacet
  facet normal -0.540755 0.84118 4.45698e-05
    outer loop
      vertex 86.5807 64.9187 64.8365
      vertex 68.3333 53.1883 64.8365
      vertex 68.5217 53.3094 65.0922
    endloop
  endfacet
  facet normal -0.540755 0.84118 5.67535e-05
    outer loop
      vertex 86.7955 65.0568 64.6123
      vertex 68.3333 53.1883 64.8365
      vertex 86.5807 64.9187 64.8365
    endloop
  endfacet
  facet normal -0.540756 0.841179 -5.54481e-05
    outer loop
      vertex 86.7955 65.0568 64.6123
      vertex 68.1185 53.0502 64.6123
      vertex 68.3333 53.1883 64.8365
    endloop
  endfacet
  facet normal -0.540756 0.841179 9.77973e-05
    outer loop
      vertex 87.033 65.2095 64.4233
      vertex 68.1185 53.0502 64.6123
      vertex 86.7955 65.0568 64.6123
    endloop
  endfacet
  facet normal -0.540758 0.841178 -9.53717e-05
    outer loop
      vertex 87.033 65.2095 64.4233
      vertex 67.881 52.8975 64.4233
      vertex 68.1185 53.0502 64.6123
    endloop
  endfacet
  facet normal -0.540758 0.841178 5.44685e-15
    outer loop
      vertex 87.2892 65.3742 64.2729
      vertex 67.881 52.8975 64.4233
      vertex 87.033 65.2095 64.4233
    endloop
  endfacet
  facet normal -0.540758 0.841178 8.08369e-15
    outer loop
      vertex 87.2892 65.3742 64.2729
      vertex 67.6248 52.7328 64.2729
      vertex 67.881 52.8975 64.4233
    endloop
  endfacet
  facet normal -0.540697 0.841217 0
    outer loop
      vertex 87.8399 65.7282 64.0972
      vertex 87.8399 65.7282 24.8028
      vertex 87.5597 65.5481 64.1636
    endloop
  endfacet
  facet normal -0.540697 0.841217 0
    outer loop
      vertex 87.5597 65.5481 24.7364
      vertex 87.5597 65.5481 64.1636
      vertex 87.8399 65.7282 24.8028
    endloop
  endfacet
  facet normal -0.540802 0.84115 0
    outer loop
      vertex 87.8399 65.7282 24.8028
      vertex 87.8399 65.7282 64.0972
      vertex 88.125 65.9115 24.825
    endloop
  endfacet
  facet normal -0.540773 0.841168 0
    outer loop
      vertex 87.5597 65.5481 64.1636
      vertex 87.5597 65.5481 24.7364
      vertex 87.2892 65.3742 64.2729
    endloop
  endfacet
  facet normal -0.540802 0.84115 0
    outer loop
      vertex 88.125 65.9115 24.825
      vertex 87.8399 65.7282 64.0972
      vertex 88.125 65.9115 64.075
    endloop
  endfacet
  facet normal -0.540773 0.841168 4.74679e-07
    outer loop
      vertex 67.6248 52.7328 64.2729
      vertex 66.789 52.1955 24.825
      vertex 67.3543 52.5589 64.1636
    endloop
  endfacet
  facet normal -0.540804 0.841149 2.66204e-05
    outer loop
      vertex 87.8399 65.7282 69.2528
      vertex 96.126 71.055 88.9
      vertex 88.125 65.9115 69.275
    endloop
  endfacet
  facet normal -0.540801 0.841151 2.49822e-05
    outer loop
      vertex 96.126 71.055 88.9
      vertex 88.4101 66.0948 69.2528
      vertex 88.125 65.9115 69.275
    endloop
  endfacet
  facet normal -0.540702 0.841214 -2.99791e-05
    outer loop
      vertex 96.126 71.055 88.9
      vertex 88.6903 66.2749 69.1864
      vertex 88.4101 66.0948 69.2528
    endloop
  endfacet
  facet normal -0.540771 0.84117 7.00558e-06
    outer loop
      vertex 96.126 71.055 88.9
      vertex 88.9608 66.4488 69.0771
      vertex 88.6903 66.2749 69.1864
    endloop
  endfacet
  facet normal -0.540758 0.841178 9.70869e-16
    outer loop
      vertex 96.126 71.055 88.9
      vertex 89.217 66.6135 68.9267
      vertex 88.9608 66.4488 69.0771
    endloop
  endfacet
  facet normal -0.5408 0.841151 2.05857e-05
    outer loop
      vertex 96.126 71.055 88.9
      vertex 89.4545 66.7662 68.7377
      vertex 89.217 66.6135 68.9267
    endloop
  endfacet
  facet normal -0.540787 0.84116 1.44235e-05
    outer loop
      vertex 96.126 71.055 88.9
      vertex 89.6693 66.9043 68.5135
      vertex 89.4545 66.7662 68.7377
    endloop
  endfacet
  facet normal -0.540725 0.841199 -1.30979e-05
    outer loop
      vertex 96.126 71.055 88.9
      vertex 89.8577 67.0254 68.2578
      vertex 89.6693 66.9043 68.5135
    endloop
  endfacet
  facet normal -0.540705 0.841212 -2.18143e-05
    outer loop
      vertex 96.126 71.055 88.9
      vertex 90.0164 67.1274 67.975
      vertex 89.8577 67.0254 68.2578
    endloop
  endfacet
  facet normal -0.5406 0.84128 -6.51475e-05
    outer loop
      vertex 96.126 71.055 88.9
      vertex 90.1428 67.2086 67.67
      vertex 90.0164 67.1274 67.975
    endloop
  endfacet
  facet normal -0.54104 0.840997 0.000110134
    outer loop
      vertex 96.126 71.055 88.9
      vertex 90.2346 67.2677 67.3479
      vertex 90.1428 67.2086 67.67
    endloop
  endfacet
  facet normal -0.540727 0.841198 -1.07607e-05
    outer loop
      vertex 96.126 71.055 88.9
      vertex 90.2903 67.3035 67.0144
      vertex 90.2346 67.2677 67.3479
    endloop
  endfacet
  facet normal -0.540639 0.841255 -4.38774e-05
    outer loop
      vertex 96.126 71.055 88.9
      vertex 90.309 67.3155 66.675
      vertex 90.2903 67.3035 67.0144
    endloop
  endfacet
  facet normal -0.540939 0.841062 6.72609e-05
    outer loop
      vertex 96.126 71.055 88.9
      vertex 90.2903 67.3035 66.3356
      vertex 90.309 67.3155 66.675
    endloop
  endfacet
  facet normal -0.540891 0.841093 4.94015e-05
    outer loop
      vertex 96.126 71.055 88.9
      vertex 90.2346 67.2677 66.0021
      vertex 90.2903 67.3035 66.3356
    endloop
  endfacet
  facet normal -0.540697 0.841218 -1.08358e-06
    outer loop
      vertex 67.3543 52.5589 64.1636
      vertex 66.789 52.1955 24.825
      vertex 67.0741 52.3788 64.0972
    endloop
  endfacet
  facet normal -0.540802 0.84115 0
    outer loop
      vertex 88.4101 66.0948 64.0972
      vertex 88.125 65.9115 24.825
      vertex 88.125 65.9115 64.075
    endloop
  endfacet
  facet normal -0.540697 0.841217 0
    outer loop
      vertex 88.4101 66.0948 24.8028
      vertex 88.4101 66.0948 64.0972
      vertex 88.6903 66.2749 64.1636
    endloop
  endfacet
  facet normal -0.540773 0.841168 0
    outer loop
      vertex 88.6903 66.2749 24.7364
      vertex 88.6903 66.2749 64.1636
      vertex 88.9608 66.4488 64.2729
    endloop
  endfacet
  facet normal -0.540758 0.841178 0
    outer loop
      vertex 88.9608 66.4488 24.6271
      vertex 88.9608 66.4488 64.2729
      vertex 89.217 66.6135 64.4233
    endloop
  endfacet
  facet normal -0.540811 0.841144 0
    outer loop
      vertex 89.217 66.6135 24.4767
      vertex 89.217 66.6135 64.4233
      vertex 89.4545 66.7662 64.6123
    endloop
  endfacet
  facet normal -0.540797 0.841153 0
    outer loop
      vertex 89.4545 66.7662 24.2877
      vertex 89.4545 66.7662 64.6123
      vertex 89.6693 66.9043 64.8365
    endloop
  endfacet
  facet normal -0.540712 0.841207 0
    outer loop
      vertex 89.6693 66.9043 24.0635
      vertex 89.6693 66.9043 64.8365
      vertex 89.8577 67.0254 65.0922
    endloop
  endfacet
  facet normal -0.540677 0.84123 0
    outer loop
      vertex 89.8577 67.0254 23.8078
      vertex 89.8577 67.0254 65.0922
      vertex 90.0164 67.1274 65.375
    endloop
  endfacet
  facet normal -0.540488 0.841351 0
    outer loop
      vertex 90.0164 67.1274 23.525
      vertex 90.0164 67.1274 65.375
      vertex 90.1428 67.2086 65.68
    endloop
  endfacet
  facet normal -0.541313 0.840821 0
    outer loop
      vertex 90.1428 67.2086 23.22
      vertex 90.1428 67.2086 65.68
      vertex 90.2346 67.2677 66.0021
    endloop
  endfacet
  facet normal -0.540755 0.84118 0
    outer loop
      vertex 90.2346 67.2677 22.8979
      vertex 90.2346 67.2677 66.0021
      vertex 96.126 71.055 88.9
    endloop
  endfacet
  facet normal -0.540802 0.84115 0
    outer loop
      vertex 88.4101 66.0948 64.0972
      vertex 88.4101 66.0948 24.8028
      vertex 88.125 65.9115 24.825
    endloop
  endfacet
  facet normal -0.540697 0.841217 0
    outer loop
      vertex 88.6903 66.2749 64.1636
      vertex 88.6903 66.2749 24.7364
      vertex 88.4101 66.0948 24.8028
    endloop
  endfacet
  facet normal -0.540773 0.841168 0
    outer loop
      vertex 88.9608 66.4488 64.2729
      vertex 88.9608 66.4488 24.6271
      vertex 88.6903 66.2749 24.7364
    endloop
  endfacet
  facet normal -0.540758 0.841178 0
    outer loop
      vertex 89.217 66.6135 64.4233
      vertex 89.217 66.6135 24.4767
      vertex 88.9608 66.4488 24.6271
    endloop
  endfacet
  facet normal -0.540811 0.841144 0
    outer loop
      vertex 89.4545 66.7662 64.6123
      vertex 89.4545 66.7662 24.2877
      vertex 89.217 66.6135 24.4767
    endloop
  endfacet
  facet normal -0.540797 0.841153 0
    outer loop
      vertex 89.6693 66.9043 64.8365
      vertex 89.6693 66.9043 24.0635
      vertex 89.4545 66.7662 24.2877
    endloop
  endfacet
  facet normal -0.540712 0.841207 0
    outer loop
      vertex 89.8577 67.0254 65.0922
      vertex 89.8577 67.0254 23.8078
      vertex 89.6693 66.9043 24.0635
    endloop
  endfacet
  facet normal -0.540677 0.84123 0
    outer loop
      vertex 90.0164 67.1274 65.375
      vertex 90.0164 67.1274 23.525
      vertex 89.8577 67.0254 23.8078
    endloop
  endfacet
  facet normal -0.540488 0.841351 0
    outer loop
      vertex 90.1428 67.2086 65.68
      vertex 90.1428 67.2086 23.22
      vertex 90.0164 67.1274 23.525
    endloop
  endfacet
  facet normal -0.541313 0.840821 0
    outer loop
      vertex 90.2346 67.2677 66.0021
      vertex 90.2346 67.2677 22.8979
      vertex 90.1428 67.2086 23.22
    endloop
  endfacet
  facet normal -0.540707 0.841211 -6.03794e-06
    outer loop
      vertex 96.126 71.055 88.9
      vertex 90.2903 67.3035 22.5644
      vertex 90.2346 67.2677 22.8979
    endloop
  endfacet
  facet normal -0.540755 0.84118 0
    outer loop
      vertex 96.126 71.055 0
      vertex 90.2903 67.3035 22.5644
      vertex 96.126 71.055 88.9
    endloop
  endfacet
  facet normal -0.540939 0.841062 -6.72609e-05
    outer loop
      vertex 90.2903 67.3035 22.5644
      vertex 96.126 71.055 0
      vertex 90.309 67.3155 22.225
    endloop
  endfacet
  facet normal -0.54069 0.841222 -4.12127e-05
    outer loop
      vertex 67.3543 52.5589 19.7136
      vertex 58.788 47.052 0
      vertex 67.0741 52.3788 19.6472
    endloop
  endfacet
  facet normal -0.540801 0.841151 -2.49822e-05
    outer loop
      vertex 88.4101 66.0948 19.6472
      vertex 96.126 71.055 0
      vertex 88.125 65.9115 19.625
    endloop
  endfacet
  facet normal -0.540702 0.841214 2.99791e-05
    outer loop
      vertex 88.6903 66.2749 19.7136
      vertex 96.126 71.055 0
      vertex 88.4101 66.0948 19.6472
    endloop
  endfacet
  facet normal -0.540771 0.84117 -7.00558e-06
    outer loop
      vertex 88.9608 66.4488 19.8229
      vertex 96.126 71.055 0
      vertex 88.6903 66.2749 19.7136
    endloop
  endfacet
  facet normal -0.540758 0.841178 -9.10189e-16
    outer loop
      vertex 89.217 66.6135 19.9733
      vertex 96.126 71.055 0
      vertex 88.9608 66.4488 19.8229
    endloop
  endfacet
  facet normal -0.5408 0.841151 -2.05857e-05
    outer loop
      vertex 89.4545 66.7662 20.1623
      vertex 96.126 71.055 0
      vertex 89.217 66.6135 19.9733
    endloop
  endfacet
  facet normal -0.540787 0.84116 -1.44235e-05
    outer loop
      vertex 89.6693 66.9043 20.3865
      vertex 96.126 71.055 0
      vertex 89.4545 66.7662 20.1623
    endloop
  endfacet
  facet normal -0.540725 0.841199 1.30979e-05
    outer loop
      vertex 89.8577 67.0254 20.6422
      vertex 96.126 71.055 0
      vertex 89.6693 66.9043 20.3865
    endloop
  endfacet
  facet normal -0.540705 0.841212 2.18143e-05
    outer loop
      vertex 90.0164 67.1274 20.925
      vertex 96.126 71.055 0
      vertex 89.8577 67.0254 20.6422
    endloop
  endfacet
  facet normal -0.5406 0.84128 6.51475e-05
    outer loop
      vertex 90.1428 67.2086 21.23
      vertex 96.126 71.055 0
      vertex 90.0164 67.1274 20.925
    endloop
  endfacet
  facet normal -0.54104 0.840997 -0.000110134
    outer loop
      vertex 90.2346 67.2677 21.5521
      vertex 96.126 71.055 0
      vertex 90.1428 67.2086 21.23
    endloop
  endfacet
  facet normal -0.540727 0.841198 1.07607e-05
    outer loop
      vertex 90.2903 67.3035 21.8856
      vertex 96.126 71.055 0
      vertex 90.2346 67.2677 21.5521
    endloop
  endfacet
  facet normal -0.540639 0.841255 4.38774e-05
    outer loop
      vertex 90.309 67.3155 22.225
      vertex 96.126 71.055 0
      vertex 90.2903 67.3035 21.8856
    endloop
  endfacet
  facet normal -0.54069 0.841222 -4.12127e-05
    outer loop
      vertex 87.5597 65.5481 69.1864
      vertex 96.126 71.055 88.9
      vertex 87.8399 65.7282 69.2528
    endloop
  endfacet
  facet normal -0.540801 0.841151 -2.49822e-05
    outer loop
      vertex 66.5039 52.0122 69.2528
      vertex 58.788 47.052 88.9
      vertex 66.789 52.1955 69.275
    endloop
  endfacet
  facet normal -0.540702 0.841214 2.99791e-05
    outer loop
      vertex 66.2237 51.8321 69.1864
      vertex 58.788 47.052 88.9
      vertex 66.5039 52.0122 69.2528
    endloop
  endfacet
  facet normal -0.540771 0.84117 -7.00558e-06
    outer loop
      vertex 65.9532 51.6582 69.0771
      vertex 58.788 47.052 88.9
      vertex 66.2237 51.8321 69.1864
    endloop
  endfacet
  facet normal -0.540758 0.841178 -7.85797e-15
    outer loop
      vertex 65.697 51.4935 68.9267
      vertex 58.788 47.052 88.9
      vertex 65.9532 51.6582 69.0771
    endloop
  endfacet
  facet normal -0.5408 0.841151 -2.05857e-05
    outer loop
      vertex 65.4595 51.3408 68.7377
      vertex 58.788 47.052 88.9
      vertex 65.697 51.4935 68.9267
    endloop
  endfacet
  facet normal -0.540717 0.841204 -0.000108141
    outer loop
      vertex 58.788 47.052 65.3924
      vertex 65.4595 51.3408 68.7377
      vertex 65.2447 51.2027 68.5135
    endloop
  endfacet
  facet normal -0.540777 0.841166 6.76675e-05
    outer loop
      vertex 58.788 47.052 65.3924
      vertex 65.2447 51.2027 68.5135
      vertex 65.0563 51.0816 68.2578
    endloop
  endfacet
  facet normal -0.540783 0.841162 8.35587e-05
    outer loop
      vertex 58.788 47.052 65.3924
      vertex 65.0563 51.0816 68.2578
      vertex 64.8976 50.9796 67.975
    endloop
  endfacet
  facet normal -0.540815 0.841142 0.000191062
    outer loop
      vertex 58.788 47.052 65.3924
      vertex 64.8976 50.9796 67.975
      vertex 64.7712 50.8984 67.67
    endloop
  endfacet
  facet normal -0.540696 0.841218 -0.000248531
    outer loop
      vertex 58.788 47.052 65.3924
      vertex 64.7712 50.8984 67.67
      vertex 64.6794 50.8393 67.3479
    endloop
  endfacet
  facet normal -0.540759 0.841178 1.83523e-05
    outer loop
      vertex 58.788 47.052 65.3924
      vertex 64.6794 50.8393 67.3479
      vertex 64.6237 50.8035 67.0144
    endloop
  endfacet
  facet normal -0.540766 0.841173 5.3762e-05
    outer loop
      vertex 58.788 47.052 65.3924
      vertex 64.6237 50.8035 67.0144
      vertex 64.605 50.7915 66.675
    endloop
  endfacet
  facet normal -0.540749 0.841184 -5.2472e-05
    outer loop
      vertex 58.788 47.052 65.3924
      vertex 64.605 50.7915 66.675
      vertex 64.6237 50.8035 66.3356
    endloop
  endfacet
  facet normal -0.540753 0.841181 -1.70404e-05
    outer loop
      vertex 58.788 47.052 65.3924
      vertex 64.6237 50.8035 66.3356
      vertex 64.6794 50.8393 66.0021
    endloop
  endfacet
  facet normal -0.540756 0.84118 0
    outer loop
      vertex 65.4595 51.3408 68.7377
      vertex 58.788 47.052 65.3924
      vertex 58.788 47.052 88.9
    endloop
  endfacet
  facet normal -0.540771 0.84117 0.000218561
    outer loop
      vertex 64.7712 50.8984 65.68
      vertex 58.788 47.052 65.3924
      vertex 64.6794 50.8393 66.0021
    endloop
  endfacet
  facet normal -0.540758 0.841178 -0.000157784
    outer loop
      vertex 64.8976 50.9796 65.375
      vertex 58.788 47.052 65.3924
      vertex 64.7712 50.8984 65.68
    endloop
  endfacet
  facet normal -0.540758 0.841178 -6.38405e-05
    outer loop
      vertex 65.0563 51.0816 65.0922
      vertex 58.788 47.052 65.3924
      vertex 64.8976 50.9796 65.375
    endloop
  endfacet
  facet normal -0.540757 0.841179 -4.65186e-05
    outer loop
      vertex 65.2447 51.2027 64.8365
      vertex 58.788 47.052 65.3924
      vertex 65.0563 51.0816 65.0922
    endloop
  endfacet
  facet normal -0.54075 0.841183 6.32763e-05
    outer loop
      vertex 65.4595 51.3408 64.6123
      vertex 58.788 47.052 65.3924
      vertex 65.2447 51.2027 64.8365
    endloop
  endfacet
  facet normal -0.540746 0.841186 0.00011578
    outer loop
      vertex 65.697 51.4935 64.4233
      vertex 58.788 47.052 65.3924
      vertex 65.4595 51.3408 64.6123
    endloop
  endfacet
  facet normal -0.540758 0.841178 6.14071e-14
    outer loop
      vertex 65.9532 51.6582 64.2729
      vertex 58.788 47.052 65.3924
      vertex 65.697 51.4935 64.4233
    endloop
  endfacet
  facet normal -0.540748 0.841185 8.96294e-05
    outer loop
      vertex 66.2237 51.8321 64.1636
      vertex 58.788 47.052 65.3924
      vertex 65.9532 51.6582 64.2729
    endloop
  endfacet
  facet normal -0.540697 0.841217 0
    outer loop
      vertex 66.2237 51.8321 24.7364
      vertex 66.2237 51.8321 64.1636
      vertex 66.5039 52.0122 64.0972
    endloop
  endfacet
  facet normal -0.540802 0.84115 0
    outer loop
      vertex 67.0741 52.3788 64.0972
      vertex 66.789 52.1955 24.825
      vertex 66.789 52.1955 64.075
    endloop
  endfacet
  facet normal -0.540802 0.84115 0
    outer loop
      vertex 66.789 52.1955 64.075
      vertex 66.789 52.1955 24.825
      vertex 66.5039 52.0122 64.0972
    endloop
  endfacet
  facet normal -0.540802 0.84115 0
    outer loop
      vertex 66.5039 52.0122 24.8028
      vertex 66.5039 52.0122 64.0972
      vertex 66.789 52.1955 24.825
    endloop
  endfacet
  facet normal -0.540697 0.841217 0
    outer loop
      vertex 66.2237 51.8321 24.7364
      vertex 66.5039 52.0122 64.0972
      vertex 66.5039 52.0122 24.8028
    endloop
  endfacet
  facet normal -0.540758 0.841178 0
    outer loop
      vertex 66.2237 51.8321 64.1636
      vertex 66.2237 51.8321 24.7364
      vertex 58.788 47.052 65.3924
    endloop
  endfacet
  facet normal -0.540748 0.841185 -8.91824e-05
    outer loop
      vertex 58.788 47.052 23.5165
      vertex 66.2237 51.8321 24.7364
      vertex 65.9532 51.6582 24.6271
    endloop
  endfacet
  facet normal -0.540758 0.841178 -6.02885e-14
    outer loop
      vertex 58.788 47.052 23.5165
      vertex 65.9532 51.6582 24.6271
      vertex 65.697 51.4935 24.4767
    endloop
  endfacet
  facet normal -0.540746 0.841186 -0.000115553
    outer loop
      vertex 58.788 47.052 23.5165
      vertex 65.697 51.4935 24.4767
      vertex 65.4595 51.3408 24.2877
    endloop
  endfacet
  facet normal -0.540751 0.841183 -6.31853e-05
    outer loop
      vertex 58.788 47.052 23.5165
      vertex 65.4595 51.3408 24.2877
      vertex 65.2447 51.2027 24.0635
    endloop
  endfacet
  facet normal -0.540757 0.841179 4.64682e-05
    outer loop
      vertex 58.788 47.052 23.5165
      vertex 65.2447 51.2027 24.0635
      vertex 65.0563 51.0816 23.8078
    endloop
  endfacet
  facet normal -0.540758 0.841178 6.37883e-05
    outer loop
      vertex 58.788 47.052 23.5165
      vertex 65.0563 51.0816 23.8078
      vertex 64.8976 50.9796 23.525
    endloop
  endfacet
  facet normal -0.540758 0.841178 0
    outer loop
      vertex 66.2237 51.8321 24.7364
      vertex 58.788 47.052 23.5165
      vertex 58.788 47.052 65.3924
    endloop
  endfacet
  facet normal -0.540758 0.841178 0.000157689
    outer loop
      vertex 64.7712 50.8984 23.22
      vertex 58.788 47.052 23.5165
      vertex 64.8976 50.9796 23.525
    endloop
  endfacet
  facet normal -0.540771 0.84117 -0.000218469
    outer loop
      vertex 64.6794 50.8393 22.8979
      vertex 58.788 47.052 23.5165
      vertex 64.7712 50.8984 23.22
    endloop
  endfacet
  facet normal -0.540753 0.841181 1.70362e-05
    outer loop
      vertex 64.6237 50.8035 22.5644
      vertex 58.788 47.052 23.5165
      vertex 64.6794 50.8393 22.8979
    endloop
  endfacet
  facet normal -0.540749 0.841184 5.24677e-05
    outer loop
      vertex 64.605 50.7915 22.225
      vertex 58.788 47.052 23.5165
      vertex 64.6237 50.8035 22.5644
    endloop
  endfacet
  facet normal -0.540766 0.841173 -5.37665e-05
    outer loop
      vertex 64.6237 50.8035 21.8856
      vertex 58.788 47.052 23.5165
      vertex 64.605 50.7915 22.225
    endloop
  endfacet
  facet normal -0.540759 0.841178 -1.83572e-05
    outer loop
      vertex 64.6794 50.8393 21.5521
      vertex 58.788 47.052 23.5165
      vertex 64.6237 50.8035 21.8856
    endloop
  endfacet
  facet normal -0.540696 0.841218 0.000248649
    outer loop
      vertex 64.7712 50.8984 21.23
      vertex 58.788 47.052 23.5165
      vertex 64.6794 50.8393 21.5521
    endloop
  endfacet
  facet normal -0.540815 0.841142 -0.000191202
    outer loop
      vertex 64.8976 50.9796 20.925
      vertex 58.788 47.052 23.5165
      vertex 64.7712 50.8984 21.23
    endloop
  endfacet
  facet normal -0.540783 0.841162 -8.36483e-05
    outer loop
      vertex 65.0563 51.0816 20.6422
      vertex 58.788 47.052 23.5165
      vertex 64.8976 50.9796 20.925
    endloop
  endfacet
  facet normal -0.540778 0.841166 -6.77744e-05
    outer loop
      vertex 65.2447 51.2027 20.3865
      vertex 58.788 47.052 23.5165
      vertex 65.0563 51.0816 20.6422
    endloop
  endfacet
  facet normal -0.540717 0.841204 0.000108407
    outer loop
      vertex 65.4595 51.3408 20.1623
      vertex 58.788 47.052 23.5165
      vertex 65.2447 51.2027 20.3865
    endloop
  endfacet
  facet normal -0.5408 0.841151 2.05857e-05
    outer loop
      vertex 58.788 47.052 0
      vertex 65.4595 51.3408 20.1623
      vertex 65.697 51.4935 19.9733
    endloop
  endfacet
  facet normal -0.540758 0.841178 7.76695e-15
    outer loop
      vertex 58.788 47.052 0
      vertex 65.697 51.4935 19.9733
      vertex 65.9532 51.6582 19.8229
    endloop
  endfacet
  facet normal -0.540804 0.841149 2.66204e-05
    outer loop
      vertex 67.0741 52.3788 19.6472
      vertex 58.788 47.052 0
      vertex 66.789 52.1955 19.625
    endloop
  endfacet
  facet normal -0.540801 0.841151 2.49822e-05
    outer loop
      vertex 66.789 52.1955 19.625
      vertex 58.788 47.052 0
      vertex 66.5039 52.0122 19.6472
    endloop
  endfacet
  facet normal -0.540702 0.841214 -2.99791e-05
    outer loop
      vertex 66.5039 52.0122 19.6472
      vertex 58.788 47.052 0
      vertex 66.2237 51.8321 19.7136
    endloop
  endfacet
  facet normal -0.540771 0.84117 7.00558e-06
    outer loop
      vertex 66.2237 51.8321 19.7136
      vertex 58.788 47.052 0
      vertex 65.9532 51.6582 19.8229
    endloop
  endfacet
  facet normal -0.540756 0.84118 0
    outer loop
      vertex 65.4595 51.3408 20.1623
      vertex 58.788 47.052 0
      vertex 58.788 47.052 23.5165
    endloop
  endfacet
  facet normal 0 0 -1
    outer loop
      vertex 60.84 43.86 0
      vertex 96.126 71.055 0
      vertex 98.178 67.863 0
    endloop
  endfacet
  facet normal 0 0 -1
    outer loop
      vertex 96.126 71.055 0
      vertex 60.84 43.86 0
      vertex 58.788 47.052 0
    endloop
  endfacet
  facet normal 0.540773 -0.841168 0
    outer loop
      vertex 69.6768 49.5408 24.6271
      vertex 69.6768 49.5408 64.2729
      vertex 69.4063 49.3669 24.7364
    endloop
  endfacet
  facet normal 0.540802 -0.84115 1.33731e-06
    outer loop
      vertex 89.3412 62.1822 64.2729
      vertex 89.8919 62.5362 24.8028
      vertex 90.177 62.7195 24.825
    endloop
  endfacet
  facet normal 0.540758 -0.841178 0
    outer loop
      vertex 69.6768 49.5408 64.2729
      vertex 69.6768 49.5408 24.6271
      vertex 89.3412 62.1822 64.2729
    endloop
  endfacet
  facet normal 0.540697 -0.841217 -7.37651e-07
    outer loop
      vertex 89.3412 62.1822 64.2729
      vertex 89.6117 62.3561 24.7364
      vertex 89.8919 62.5362 24.8028
    endloop
  endfacet
  facet normal 0.540758 -0.841178 0
    outer loop
      vertex 89.3412 62.1822 24.6271
      vertex 89.3412 62.1822 64.2729
      vertex 69.6768 49.5408 24.6271
    endloop
  endfacet
  facet normal 0.540773 -0.841168 0
    outer loop
      vertex 89.3412 62.1822 64.2729
      vertex 89.3412 62.1822 24.6271
      vertex 89.6117 62.3561 24.7364
    endloop
  endfacet
  facet normal 0.540758 -0.841178 6.06277e-15
    outer loop
      vertex 69.933 49.7055 24.4767
      vertex 89.3412 62.1822 24.6271
      vertex 69.6768 49.5408 24.6271
    endloop
  endfacet
  facet normal 0.540758 -0.841178 -8.29997e-15
    outer loop
      vertex 69.933 49.7055 24.4767
      vertex 89.085 62.0175 24.4767
      vertex 89.3412 62.1822 24.6271
    endloop
  endfacet
  facet normal 0.540758 -0.841178 -9.53717e-05
    outer loop
      vertex 70.1705 49.8582 24.2877
      vertex 89.085 62.0175 24.4767
      vertex 69.933 49.7055 24.4767
    endloop
  endfacet
  facet normal 0.540756 -0.841179 9.77973e-05
    outer loop
      vertex 70.1705 49.8582 24.2877
      vertex 88.8475 61.8648 24.2877
      vertex 89.085 62.0175 24.4767
    endloop
  endfacet
  facet normal 0.540756 -0.841179 -5.54481e-05
    outer loop
      vertex 70.3853 49.9963 24.0635
      vertex 88.8475 61.8648 24.2877
      vertex 70.1705 49.8582 24.2877
    endloop
  endfacet
  facet normal 0.540755 -0.84118 5.67535e-05
    outer loop
      vertex 70.3853 49.9963 24.0635
      vertex 88.6327 61.7267 24.0635
      vertex 88.8475 61.8648 24.2877
    endloop
  endfacet
  facet normal 0.540755 -0.84118 4.45698e-05
    outer loop
      vertex 70.5737 50.1174 23.8078
      vertex 88.6327 61.7267 24.0635
      vertex 70.3853 49.9963 24.0635
    endloop
  endfacet
  facet normal 0.540756 -0.841179 -4.55095e-05
    outer loop
      vertex 70.5737 50.1174 23.8078
      vertex 88.4443 61.6056 23.8078
      vertex 88.6327 61.7267 24.0635
    endloop
  endfacet
  facet normal 0.540756 -0.841179 6.26065e-05
    outer loop
      vertex 70.7324 50.2194 23.525
      vertex 88.4443 61.6056 23.8078
      vertex 70.5737 50.1174 23.8078
    endloop
  endfacet
  facet normal 0.540758 -0.841178 -6.37385e-05
    outer loop
      vertex 70.7324 50.2194 23.525
      vertex 88.2856 61.5036 23.525
      vertex 88.4443 61.6056 23.8078
    endloop
  endfacet
  facet normal 0.540758 -0.841178 -1.96997e-05
    outer loop
      vertex 70.8587 50.3006 23.22
      vertex 88.2856 61.5036 23.525
      vertex 70.7324 50.2194 23.525
    endloop
  endfacet
  facet normal 0.540759 -0.841177 -0.000158605
    outer loop
      vertex 70.8587 50.3006 23.22
      vertex 88.1592 61.4224 23.22
      vertex 88.2856 61.5036 23.525
    endloop
  endfacet
  facet normal 0.540759 -0.841177 -5.5268e-05
    outer loop
      vertex 70.9506 50.3597 22.8979
      vertex 88.1592 61.4224 23.22
      vertex 70.8587 50.3006 23.22
    endloop
  endfacet
  facet normal 0.540756 -0.84118 0.000224647
    outer loop
      vertex 70.9506 50.3597 22.8979
      vertex 88.0674 61.3633 22.8979
      vertex 88.1592 61.4224 23.22
    endloop
  endfacet
  facet normal 0.540756 -0.84118 1.75473e-05
    outer loop
      vertex 71.0063 50.3955 22.5644
      vertex 88.0674 61.3633 22.8979
      vertex 70.9506 50.3597 22.8979
    endloop
  endfacet
  facet normal 0.540756 -0.841179 -1.76622e-05
    outer loop
      vertex 71.0063 50.3955 22.5644
      vertex 88.0117 61.3275 22.5644
      vertex 88.0674 61.3633 22.8979
    endloop
  endfacet
  facet normal 0.540756 -0.841179 5.29924e-05
    outer loop
      vertex 71.025 50.4075 22.225
      vertex 88.0117 61.3275 22.5644
      vertex 71.0063 50.3955 22.5644
    endloop
  endfacet
  facet normal 0.540758 -0.841178 -5.31092e-05
    outer loop
      vertex 71.025 50.4075 22.225
      vertex 87.993 61.3155 22.225
      vertex 88.0117 61.3275 22.5644
    endloop
  endfacet
  facet normal 0.540758 -0.841178 -5.31092e-05
    outer loop
      vertex 71.0063 50.3955 21.8856
      vertex 87.993 61.3155 22.225
      vertex 71.025 50.4075 22.225
    endloop
  endfacet
  facet normal 0.540756 -0.841179 5.29924e-05
    outer loop
      vertex 71.0063 50.3955 21.8856
      vertex 88.0117 61.3275 21.8856
      vertex 87.993 61.3155 22.225
    endloop
  endfacet
  facet normal 0.540756 -0.841179 -1.76622e-05
    outer loop
      vertex 70.9506 50.3597 21.5521
      vertex 88.0117 61.3275 21.8856
      vertex 71.0063 50.3955 21.8856
    endloop
  endfacet
  facet normal 0.540756 -0.84118 1.75473e-05
    outer loop
      vertex 70.9506 50.3597 21.5521
      vertex 88.0674 61.3633 21.5521
      vertex 88.0117 61.3275 21.8856
    endloop
  endfacet
  facet normal 0.540756 -0.84118 5.6763e-05
    outer loop
      vertex 70.8587 50.3006 21.23
      vertex 88.0674 61.3633 21.5521
      vertex 70.9506 50.3597 21.5521
    endloop
  endfacet
  facet normal 0.540759 -0.841177 -0.000223154
    outer loop
      vertex 70.8587 50.3006 21.23
      vertex 88.1592 61.4224 21.23
      vertex 88.0674 61.3633 21.5521
    endloop
  endfacet
  facet normal 0.540759 -0.841177 1.8693e-05
    outer loop
      vertex 70.7324 50.2194 20.925
      vertex 88.1592 61.4224 21.23
      vertex 70.8587 50.3006 21.23
    endloop
  endfacet
  facet normal 0.540758 -0.841178 0.000157598
    outer loop
      vertex 70.7324 50.2194 20.925
      vertex 88.2856 61.5036 20.925
      vertex 88.1592 61.4224 21.23
    endloop
  endfacet
  facet normal 0.540758 -0.841178 -6.37385e-05
    outer loop
      vertex 70.5737 50.1174 20.6422
      vertex 88.2856 61.5036 20.925
      vertex 70.7324 50.2194 20.925
    endloop
  endfacet
  facet normal 0.540756 -0.841179 6.26065e-05
    outer loop
      vertex 70.5737 50.1174 20.6422
      vertex 88.4443 61.6056 20.6422
      vertex 88.2856 61.5036 20.925
    endloop
  endfacet
  facet normal 0.540756 -0.841179 -4.55095e-05
    outer loop
      vertex 70.3853 49.9963 20.3865
      vertex 88.4443 61.6056 20.6422
      vertex 70.5737 50.1174 20.6422
    endloop
  endfacet
  facet normal 0.540755 -0.84118 4.45698e-05
    outer loop
      vertex 70.3853 49.9963 20.3865
      vertex 88.6327 61.7267 20.3865
      vertex 88.4443 61.6056 20.6422
    endloop
  endfacet
  facet normal 0.540755 -0.84118 5.67535e-05
    outer loop
      vertex 70.1705 49.8582 20.1623
      vertex 88.6327 61.7267 20.3865
      vertex 70.3853 49.9963 20.3865
    endloop
  endfacet
  facet normal 0.540756 -0.841179 -5.54481e-05
    outer loop
      vertex 70.1705 49.8582 20.1623
      vertex 88.8475 61.8648 20.1623
      vertex 88.6327 61.7267 20.3865
    endloop
  endfacet
  facet normal 0.540756 -0.841179 9.77973e-05
    outer loop
      vertex 69.933 49.7055 19.9733
      vertex 88.8475 61.8648 20.1623
      vertex 70.1705 49.8582 20.1623
    endloop
  endfacet
  facet normal 0.540758 -0.841178 -9.53717e-05
    outer loop
      vertex 69.933 49.7055 19.9733
      vertex 89.085 62.0175 19.9733
      vertex 88.8475 61.8648 20.1623
    endloop
  endfacet
  facet normal 0.540758 -0.841178 -6.22498e-15
    outer loop
      vertex 69.6768 49.5408 19.8229
      vertex 89.085 62.0175 19.9733
      vertex 69.933 49.7055 19.9733
    endloop
  endfacet
  facet normal 0.540758 -0.841178 8.08369e-15
    outer loop
      vertex 69.6768 49.5408 19.8229
      vertex 89.3412 62.1822 19.8229
      vertex 89.085 62.0175 19.9733
    endloop
  endfacet
  facet normal 0.540777 -0.841166 -1.20773e-05
    outer loop
      vertex 60.84 43.86 0
      vertex 69.6768 49.5408 19.8229
      vertex 69.4063 49.3669 19.7136
    endloop
  endfacet
  facet normal 0.540758 -0.841178 -6.13325e-17
    outer loop
      vertex 69.6768 49.5408 19.8229
      vertex 60.84 43.86 0
      vertex 89.3412 62.1822 19.8229
    endloop
  endfacet
  facet normal 0.54069 -0.841222 4.12127e-05
    outer loop
      vertex 60.84 43.86 0
      vertex 69.4063 49.3669 19.7136
      vertex 69.1261 49.1868 19.6472
    endloop
  endfacet
  facet normal 0.540758 -0.841178 3.23013e-17
    outer loop
      vertex 98.178 67.863 0
      vertex 89.3412 62.1822 19.8229
      vertex 60.84 43.86 0
    endloop
  endfacet
  facet normal 0.540804 -0.841149 -2.66204e-05
    outer loop
      vertex 60.84 43.86 0
      vertex 69.1261 49.1868 19.6472
      vertex 68.841 49.0035 19.625
    endloop
  endfacet
  facet normal 0.540777 -0.841166 1.20773e-05
    outer loop
      vertex 89.3412 62.1822 19.8229
      vertex 98.178 67.863 0
      vertex 89.6117 62.3561 19.7136
    endloop
  endfacet
  facet normal 0.540777 -0.841166 1.20773e-05
    outer loop
      vertex 69.6768 49.5408 69.0771
      vertex 60.84 43.86 88.9
      vertex 69.4063 49.3669 69.1864
    endloop
  endfacet
  facet normal 0.540804 -0.841149 -2.66204e-05
    outer loop
      vertex 98.178 67.863 88.9
      vertex 89.8919 62.5362 69.2528
      vertex 90.177 62.7195 69.275
    endloop
  endfacet
  facet normal 0.540758 -0.841178 3.23013e-17
    outer loop
      vertex 60.84 43.86 88.9
      vertex 69.6768 49.5408 69.0771
      vertex 98.178 67.863 88.9
    endloop
  endfacet
  facet normal 0.54069 -0.841222 4.12127e-05
    outer loop
      vertex 98.178 67.863 88.9
      vertex 89.6117 62.3561 69.1864
      vertex 89.8919 62.5362 69.2528
    endloop
  endfacet
  facet normal 0.540758 -0.841178 -6.13325e-17
    outer loop
      vertex 89.3412 62.1822 69.0771
      vertex 98.178 67.863 88.9
      vertex 69.6768 49.5408 69.0771
    endloop
  endfacet
  facet normal 0.540777 -0.841166 -1.20773e-05
    outer loop
      vertex 98.178 67.863 88.9
      vertex 89.3412 62.1822 69.0771
      vertex 89.6117 62.3561 69.1864
    endloop
  endfacet
  facet normal 0.540758 -0.841178 6.06277e-15
    outer loop
      vertex 69.933 49.7055 68.9267
      vertex 89.3412 62.1822 69.0771
      vertex 69.6768 49.5408 69.0771
    endloop
  endfacet
  facet normal 0.540758 -0.841178 -8.29997e-15
    outer loop
      vertex 69.933 49.7055 68.9267
      vertex 89.085 62.0175 68.9267
      vertex 89.3412 62.1822 69.0771
    endloop
  endfacet
  facet normal 0.540758 -0.841178 -9.53717e-05
    outer loop
      vertex 70.1705 49.8582 68.7377
      vertex 89.085 62.0175 68.9267
      vertex 69.933 49.7055 68.9267
    endloop
  endfacet
  facet normal 0.540756 -0.841179 9.77973e-05
    outer loop
      vertex 70.1705 49.8582 68.7377
      vertex 88.8475 61.8648 68.7377
      vertex 89.085 62.0175 68.9267
    endloop
  endfacet
  facet normal 0.540756 -0.841179 -5.54481e-05
    outer loop
      vertex 70.3853 49.9963 68.5135
      vertex 88.8475 61.8648 68.7377
      vertex 70.1705 49.8582 68.7377
    endloop
  endfacet
  facet normal 0.540755 -0.84118 5.67535e-05
    outer loop
      vertex 70.3853 49.9963 68.5135
      vertex 88.6327 61.7267 68.5135
      vertex 88.8475 61.8648 68.7377
    endloop
  endfacet
  facet normal 0.540755 -0.84118 4.45698e-05
    outer loop
      vertex 70.5737 50.1174 68.2578
      vertex 88.6327 61.7267 68.5135
      vertex 70.3853 49.9963 68.5135
    endloop
  endfacet
  facet normal 0.540756 -0.841179 -4.55095e-05
    outer loop
      vertex 70.5737 50.1174 68.2578
      vertex 88.4443 61.6056 68.2578
      vertex 88.6327 61.7267 68.5135
    endloop
  endfacet
  facet normal 0.540756 -0.841179 6.26065e-05
    outer loop
      vertex 70.7324 50.2194 67.975
      vertex 88.4443 61.6056 68.2578
      vertex 70.5737 50.1174 68.2578
    endloop
  endfacet
  facet normal 0.540758 -0.841178 -6.37385e-05
    outer loop
      vertex 70.7324 50.2194 67.975
      vertex 88.2856 61.5036 67.975
      vertex 88.4443 61.6056 68.2578
    endloop
  endfacet
  facet normal 0.540758 -0.841178 -1.96997e-05
    outer loop
      vertex 70.8587 50.3006 67.67
      vertex 88.2856 61.5036 67.975
      vertex 70.7324 50.2194 67.975
    endloop
  endfacet
  facet normal 0.540759 -0.841177 -0.000158605
    outer loop
      vertex 70.8587 50.3006 67.67
      vertex 88.1592 61.4224 67.67
      vertex 88.2856 61.5036 67.975
    endloop
  endfacet
  facet normal 0.540759 -0.841177 -5.5268e-05
    outer loop
      vertex 70.9506 50.3597 67.3479
      vertex 88.1592 61.4224 67.67
      vertex 70.8587 50.3006 67.67
    endloop
  endfacet
  facet normal 0.540756 -0.84118 0.000224647
    outer loop
      vertex 70.9506 50.3597 67.3479
      vertex 88.0674 61.3633 67.3479
      vertex 88.1592 61.4224 67.67
    endloop
  endfacet
  facet normal 0.540756 -0.84118 1.75473e-05
    outer loop
      vertex 71.0063 50.3955 67.0144
      vertex 88.0674 61.3633 67.3479
      vertex 70.9506 50.3597 67.3479
    endloop
  endfacet
  facet normal 0.540756 -0.841179 -1.76622e-05
    outer loop
      vertex 71.0063 50.3955 67.0144
      vertex 88.0117 61.3275 67.0144
      vertex 88.0674 61.3633 67.3479
    endloop
  endfacet
  facet normal 0.540756 -0.841179 5.29924e-05
    outer loop
      vertex 71.025 50.4075 66.675
      vertex 88.0117 61.3275 67.0144
      vertex 71.0063 50.3955 67.0144
    endloop
  endfacet
  facet normal 0.540758 -0.841178 -5.31092e-05
    outer loop
      vertex 71.025 50.4075 66.675
      vertex 87.993 61.3155 66.675
      vertex 88.0117 61.3275 67.0144
    endloop
  endfacet
  facet normal 0.540758 -0.841178 -5.31092e-05
    outer loop
      vertex 71.0063 50.3955 66.3356
      vertex 87.993 61.3155 66.675
      vertex 71.025 50.4075 66.675
    endloop
  endfacet
  facet normal 0.540756 -0.841179 5.29924e-05
    outer loop
      vertex 71.0063 50.3955 66.3356
      vertex 88.0117 61.3275 66.3356
      vertex 87.993 61.3155 66.675
    endloop
  endfacet
  facet normal 0.540756 -0.841179 -1.76622e-05
    outer loop
      vertex 70.9506 50.3597 66.0021
      vertex 88.0117 61.3275 66.3356
      vertex 71.0063 50.3955 66.3356
    endloop
  endfacet
  facet normal 0.540756 -0.84118 1.75473e-05
    outer loop
      vertex 70.9506 50.3597 66.0021
      vertex 88.0674 61.3633 66.0021
      vertex 88.0117 61.3275 66.3356
    endloop
  endfacet
  facet normal 0.540756 -0.84118 5.6763e-05
    outer loop
      vertex 70.8587 50.3006 65.68
      vertex 88.0674 61.3633 66.0021
      vertex 70.9506 50.3597 66.0021
    endloop
  endfacet
  facet normal 0.540759 -0.841177 -0.000223154
    outer loop
      vertex 70.8587 50.3006 65.68
      vertex 88.1592 61.4224 65.68
      vertex 88.0674 61.3633 66.0021
    endloop
  endfacet
  facet normal 0.540759 -0.841177 1.8693e-05
    outer loop
      vertex 70.7324 50.2194 65.375
      vertex 88.1592 61.4224 65.68
      vertex 70.8587 50.3006 65.68
    endloop
  endfacet
  facet normal 0.540758 -0.841178 0.000157598
    outer loop
      vertex 70.7324 50.2194 65.375
      vertex 88.2856 61.5036 65.375
      vertex 88.1592 61.4224 65.68
    endloop
  endfacet
  facet normal 0.540758 -0.841178 -6.37385e-05
    outer loop
      vertex 70.5737 50.1174 65.0922
      vertex 88.2856 61.5036 65.375
      vertex 70.7324 50.2194 65.375
    endloop
  endfacet
  facet normal 0.540756 -0.841179 6.26065e-05
    outer loop
      vertex 70.5737 50.1174 65.0922
      vertex 88.4443 61.6056 65.0922
      vertex 88.2856 61.5036 65.375
    endloop
  endfacet
  facet normal 0.540756 -0.841179 -4.55095e-05
    outer loop
      vertex 70.3853 49.9963 64.8365
      vertex 88.4443 61.6056 65.0922
      vertex 70.5737 50.1174 65.0922
    endloop
  endfacet
  facet normal 0.540755 -0.84118 4.45698e-05
    outer loop
      vertex 70.3853 49.9963 64.8365
      vertex 88.6327 61.7267 64.8365
      vertex 88.4443 61.6056 65.0922
    endloop
  endfacet
  facet normal 0.540755 -0.84118 5.67535e-05
    outer loop
      vertex 70.1705 49.8582 64.6123
      vertex 88.6327 61.7267 64.8365
      vertex 70.3853 49.9963 64.8365
    endloop
  endfacet
  facet normal 0.540756 -0.841179 -5.54481e-05
    outer loop
      vertex 70.1705 49.8582 64.6123
      vertex 88.8475 61.8648 64.6123
      vertex 88.6327 61.7267 64.8365
    endloop
  endfacet
  facet normal 0.540756 -0.841179 9.77973e-05
    outer loop
      vertex 69.933 49.7055 64.4233
      vertex 88.8475 61.8648 64.6123
      vertex 70.1705 49.8582 64.6123
    endloop
  endfacet
  facet normal 0.540758 -0.841178 -9.53717e-05
    outer loop
      vertex 69.933 49.7055 64.4233
      vertex 89.085 62.0175 64.4233
      vertex 88.8475 61.8648 64.6123
    endloop
  endfacet
  facet normal 0.540758 -0.841178 -6.22498e-15
    outer loop
      vertex 69.6768 49.5408 64.2729
      vertex 89.085 62.0175 64.4233
      vertex 69.933 49.7055 64.4233
    endloop
  endfacet
  facet normal 0.540758 -0.841178 8.08369e-15
    outer loop
      vertex 69.6768 49.5408 64.2729
      vertex 89.3412 62.1822 64.2729
      vertex 89.085 62.0175 64.4233
    endloop
  endfacet
  facet normal 0.540697 -0.841217 0
    outer loop
      vertex 69.1261 49.1868 64.0972
      vertex 69.1261 49.1868 24.8028
      vertex 69.4063 49.3669 64.1636
    endloop
  endfacet
  facet normal 0.540697 -0.841217 0
    outer loop
      vertex 69.4063 49.3669 24.7364
      vertex 69.4063 49.3669 64.1636
      vertex 69.1261 49.1868 24.8028
    endloop
  endfacet
  facet normal 0.540802 -0.84115 0
    outer loop
      vertex 69.1261 49.1868 24.8028
      vertex 69.1261 49.1868 64.0972
      vertex 68.841 49.0035 24.825
    endloop
  endfacet
  facet normal 0.540773 -0.841168 0
    outer loop
      vertex 69.4063 49.3669 64.1636
      vertex 69.4063 49.3669 24.7364
      vertex 69.6768 49.5408 64.2729
    endloop
  endfacet
  facet normal 0.540802 -0.84115 0
    outer loop
      vertex 68.841 49.0035 24.825
      vertex 69.1261 49.1868 64.0972
      vertex 68.841 49.0035 64.075
    endloop
  endfacet
  facet normal 0.540773 -0.841168 4.74679e-07
    outer loop
      vertex 89.3412 62.1822 64.2729
      vertex 90.177 62.7195 24.825
      vertex 89.6117 62.3561 64.1636
    endloop
  endfacet
  facet normal 0.540804 -0.841149 2.66204e-05
    outer loop
      vertex 69.1261 49.1868 69.2528
      vertex 60.84 43.86 88.9
      vertex 68.841 49.0035 69.275
    endloop
  endfacet
  facet normal 0.540801 -0.841151 2.49822e-05
    outer loop
      vertex 60.84 43.86 88.9
      vertex 68.5559 48.8202 69.2528
      vertex 68.841 49.0035 69.275
    endloop
  endfacet
  facet normal 0.540702 -0.841214 -2.99791e-05
    outer loop
      vertex 60.84 43.86 88.9
      vertex 68.2757 48.6401 69.1864
      vertex 68.5559 48.8202 69.2528
    endloop
  endfacet
  facet normal 0.540771 -0.84117 7.00558e-06
    outer loop
      vertex 60.84 43.86 88.9
      vertex 68.0052 48.4662 69.0771
      vertex 68.2757 48.6401 69.1864
    endloop
  endfacet
  facet normal 0.540758 -0.841178 -9.70869e-16
    outer loop
      vertex 60.84 43.86 88.9
      vertex 67.749 48.3015 68.9267
      vertex 68.0052 48.4662 69.0771
    endloop
  endfacet
  facet normal 0.5408 -0.841151 2.05857e-05
    outer loop
      vertex 60.84 43.86 88.9
      vertex 67.5115 48.1488 68.7377
      vertex 67.749 48.3015 68.9267
    endloop
  endfacet
  facet normal 0.540756 -0.84118 0
    outer loop
      vertex 60.84 43.86 65.4094
      vertex 67.5115 48.1488 68.7377
      vertex 60.84 43.86 88.9
    endloop
  endfacet
  facet normal 0.540718 -0.841204 0.000107635
    outer loop
      vertex 67.5115 48.1488 68.7377
      vertex 60.84 43.86 65.4094
      vertex 67.2967 48.0107 68.5135
    endloop
  endfacet
  facet normal 0.540777 -0.841166 -6.74643e-05
    outer loop
      vertex 67.2967 48.0107 68.5135
      vertex 60.84 43.86 65.4094
      vertex 67.1083 47.8896 68.2578
    endloop
  endfacet
  facet normal 0.540782 -0.841163 -8.3388e-05
    outer loop
      vertex 67.1083 47.8896 68.2578
      vertex 60.84 43.86 65.4094
      vertex 66.9496 47.7876 67.975
    endloop
  endfacet
  facet normal 0.540814 -0.841142 -0.000190795
    outer loop
      vertex 66.9496 47.7876 67.975
      vertex 60.84 43.86 65.4094
      vertex 66.8232 47.7064 67.67
    endloop
  endfacet
  facet normal 0.540697 -0.841217 0.000248305
    outer loop
      vertex 66.8232 47.7064 67.67
      vertex 60.84 43.86 65.4094
      vertex 66.7314 47.6473 67.3479
    endloop
  endfacet
  facet normal 0.540759 -0.841178 -1.83429e-05
    outer loop
      vertex 66.7314 47.6473 67.3479
      vertex 60.84 43.86 65.4094
      vertex 66.6757 47.6115 67.0144
    endloop
  endfacet
  facet normal 0.540766 -0.841173 -5.37532e-05
    outer loop
      vertex 66.6757 47.6115 67.0144
      vertex 60.84 43.86 65.4094
      vertex 66.657 47.5995 66.675
    endloop
  endfacet
  facet normal 0.54075 -0.841184 5.24804e-05
    outer loop
      vertex 66.657 47.5995 66.675
      vertex 60.84 43.86 65.4094
      vertex 66.6757 47.6115 66.3356
    endloop
  endfacet
  facet normal 0.540753 -0.841181 1.70485e-05
    outer loop
      vertex 66.6757 47.6115 66.3356
      vertex 60.84 43.86 65.4094
      vertex 66.7314 47.6473 66.0021
    endloop
  endfacet
  facet normal 0.54077 -0.84117 -0.000218735
    outer loop
      vertex 60.84 43.86 65.4094
      vertex 66.8232 47.7064 65.68
      vertex 66.7314 47.6473 66.0021
    endloop
  endfacet
  facet normal 0.540758 -0.841178 0.000157966
    outer loop
      vertex 60.84 43.86 65.4094
      vertex 66.9496 47.7876 65.375
      vertex 66.8232 47.7064 65.68
    endloop
  endfacet
  facet normal 0.540758 -0.841178 6.39405e-05
    outer loop
      vertex 60.84 43.86 65.4094
      vertex 67.1083 47.8896 65.0922
      vertex 66.9496 47.7876 65.375
    endloop
  endfacet
  facet normal 0.540757 -0.841179 4.66151e-05
    outer loop
      vertex 60.84 43.86 65.4094
      vertex 67.2967 48.0107 64.8365
      vertex 67.1083 47.8896 65.0922
    endloop
  endfacet
  facet normal 0.54075 -0.841183 -6.34507e-05
    outer loop
      vertex 60.84 43.86 65.4094
      vertex 67.5115 48.1488 64.6123
      vertex 67.2967 48.0107 64.8365
    endloop
  endfacet
  facet normal 0.540746 -0.841186 -0.000116216
    outer loop
      vertex 60.84 43.86 65.4094
      vertex 67.749 48.3015 64.4233
      vertex 67.5115 48.1488 64.6123
    endloop
  endfacet
  facet normal 0.540758 -0.841178 7.59965e-15
    outer loop
      vertex 60.84 43.86 65.4094
      vertex 68.0052 48.4662 64.2729
      vertex 67.749 48.3015 64.4233
    endloop
  endfacet
  facet normal 0.540747 -0.841185 -9.04958e-05
    outer loop
      vertex 60.84 43.86 65.4094
      vertex 68.2757 48.6401 64.1636
      vertex 68.0052 48.4662 64.2729
    endloop
  endfacet
  facet normal 0.540758 -0.841178 0
    outer loop
      vertex 68.2757 48.6401 24.7364
      vertex 68.2757 48.6401 64.1636
      vertex 60.84 43.86 65.4094
    endloop
  endfacet
  facet normal 0.540697 -0.841218 -1.08358e-06
    outer loop
      vertex 89.6117 62.3561 64.1636
      vertex 90.177 62.7195 24.825
      vertex 89.8919 62.5362 64.0972
    endloop
  endfacet
  facet normal 0.540802 -0.84115 0
    outer loop
      vertex 68.5559 48.8202 64.0972
      vertex 68.841 49.0035 24.825
      vertex 68.841 49.0035 64.075
    endloop
  endfacet
  facet normal 0.540697 -0.841217 0
    outer loop
      vertex 68.2757 48.6401 64.1636
      vertex 68.2757 48.6401 24.7364
      vertex 68.5559 48.8202 64.0972
    endloop
  endfacet
  facet normal 0.540802 -0.84115 0
    outer loop
      vertex 68.5559 48.8202 64.0972
      vertex 68.5559 48.8202 24.8028
      vertex 68.841 49.0035 24.825
    endloop
  endfacet
  facet normal 0.540697 -0.841217 0
    outer loop
      vertex 68.5559 48.8202 64.0972
      vertex 68.2757 48.6401 24.7364
      vertex 68.5559 48.8202 24.8028
    endloop
  endfacet
  facet normal 0.540758 -0.841178 0
    outer loop
      vertex 60.84 43.86 23.4906
      vertex 68.2757 48.6401 24.7364
      vertex 60.84 43.86 65.4094
    endloop
  endfacet
  facet normal 0.540747 -0.841185 9.04958e-05
    outer loop
      vertex 68.2757 48.6401 24.7364
      vertex 60.84 43.86 23.4906
      vertex 68.0052 48.4662 24.6271
    endloop
  endfacet
  facet normal 0.540758 -0.841178 -8.31212e-15
    outer loop
      vertex 68.0052 48.4662 24.6271
      vertex 60.84 43.86 23.4906
      vertex 67.749 48.3015 24.4767
    endloop
  endfacet
  facet normal 0.540746 -0.841186 0.000116216
    outer loop
      vertex 67.749 48.3015 24.4767
      vertex 60.84 43.86 23.4906
      vertex 67.5115 48.1488 24.2877
    endloop
  endfacet
  facet normal 0.54075 -0.841183 6.34507e-05
    outer loop
      vertex 67.5115 48.1488 24.2877
      vertex 60.84 43.86 23.4906
      vertex 67.2967 48.0107 24.0635
    endloop
  endfacet
  facet normal 0.540757 -0.841179 -4.66151e-05
    outer loop
      vertex 67.2967 48.0107 24.0635
      vertex 60.84 43.86 23.4906
      vertex 67.1083 47.8896 23.8078
    endloop
  endfacet
  facet normal 0.540758 -0.841178 -6.39405e-05
    outer loop
      vertex 67.1083 47.8896 23.8078
      vertex 60.84 43.86 23.4906
      vertex 66.9496 47.7876 23.525
    endloop
  endfacet
  facet normal 0.540758 -0.841178 -0.000157966
    outer loop
      vertex 60.84 43.86 23.4906
      vertex 66.8232 47.7064 23.22
      vertex 66.9496 47.7876 23.525
    endloop
  endfacet
  facet normal 0.54077 -0.84117 0.000218735
    outer loop
      vertex 60.84 43.86 23.4906
      vertex 66.7314 47.6473 22.8979
      vertex 66.8232 47.7064 23.22
    endloop
  endfacet
  facet normal 0.540753 -0.841181 -1.70485e-05
    outer loop
      vertex 60.84 43.86 23.4906
      vertex 66.6757 47.6115 22.5644
      vertex 66.7314 47.6473 22.8979
    endloop
  endfacet
  facet normal 0.54075 -0.841184 -5.24804e-05
    outer loop
      vertex 60.84 43.86 23.4906
      vertex 66.657 47.5995 22.225
      vertex 66.6757 47.6115 22.5644
    endloop
  endfacet
  facet normal 0.540766 -0.841173 5.37532e-05
    outer loop
      vertex 60.84 43.86 23.4906
      vertex 66.6757 47.6115 21.8856
      vertex 66.657 47.5995 22.225
    endloop
  endfacet
  facet normal 0.540759 -0.841178 1.83429e-05
    outer loop
      vertex 60.84 43.86 23.4906
      vertex 66.7314 47.6473 21.5521
      vertex 66.6757 47.6115 21.8856
    endloop
  endfacet
  facet normal 0.540697 -0.841217 -0.000248305
    outer loop
      vertex 60.84 43.86 23.4906
      vertex 66.8232 47.7064 21.23
      vertex 66.7314 47.6473 21.5521
    endloop
  endfacet
  facet normal 0.540814 -0.841142 0.000190795
    outer loop
      vertex 60.84 43.86 23.4906
      vertex 66.9496 47.7876 20.925
      vertex 66.8232 47.7064 21.23
    endloop
  endfacet
  facet normal 0.540782 -0.841163 8.3388e-05
    outer loop
      vertex 60.84 43.86 23.4906
      vertex 67.1083 47.8896 20.6422
      vertex 66.9496 47.7876 20.925
    endloop
  endfacet
  facet normal 0.540777 -0.841166 6.74643e-05
    outer loop
      vertex 60.84 43.86 23.4906
      vertex 67.2967 48.0107 20.3865
      vertex 67.1083 47.8896 20.6422
    endloop
  endfacet
  facet normal 0.540718 -0.841204 -0.000107635
    outer loop
      vertex 60.84 43.86 23.4906
      vertex 67.5115 48.1488 20.1623
      vertex 67.2967 48.0107 20.3865
    endloop
  endfacet
  facet normal 0.540756 -0.84118 0
    outer loop
      vertex 60.84 43.86 0
      vertex 67.5115 48.1488 20.1623
      vertex 60.84 43.86 23.4906
    endloop
  endfacet
  facet normal 0.5408 -0.841151 -2.05857e-05
    outer loop
      vertex 67.5115 48.1488 20.1623
      vertex 60.84 43.86 0
      vertex 67.749 48.3015 19.9733
    endloop
  endfacet
  facet normal 0.54069 -0.841222 -4.12127e-05
    outer loop
      vertex 89.6117 62.3561 19.7136
      vertex 98.178 67.863 0
      vertex 89.8919 62.5362 19.6472
    endloop
  endfacet
  facet normal 0.540801 -0.841151 -2.49822e-05
    outer loop
      vertex 68.5559 48.8202 19.6472
      vertex 60.84 43.86 0
      vertex 68.841 49.0035 19.625
    endloop
  endfacet
  facet normal 0.540702 -0.841214 2.99791e-05
    outer loop
      vertex 68.2757 48.6401 19.7136
      vertex 60.84 43.86 0
      vertex 68.5559 48.8202 19.6472
    endloop
  endfacet
  facet normal 0.540771 -0.84117 -7.00558e-06
    outer loop
      vertex 68.0052 48.4662 19.8229
      vertex 60.84 43.86 0
      vertex 68.2757 48.6401 19.7136
    endloop
  endfacet
  facet normal 0.540758 -0.841178 1.06189e-15
    outer loop
      vertex 67.749 48.3015 19.9733
      vertex 60.84 43.86 0
      vertex 68.0052 48.4662 19.8229
    endloop
  endfacet
  facet normal 0.54069 -0.841222 -4.12127e-05
    outer loop
      vertex 69.4063 49.3669 69.1864
      vertex 60.84 43.86 88.9
      vertex 69.1261 49.1868 69.2528
    endloop
  endfacet
  facet normal 0.540801 -0.841151 -2.49822e-05
    outer loop
      vertex 90.4621 62.9028 69.2528
      vertex 98.178 67.863 88.9
      vertex 90.177 62.7195 69.275
    endloop
  endfacet
  facet normal 0.540702 -0.841214 2.99791e-05
    outer loop
      vertex 90.7423 63.0829 69.1864
      vertex 98.178 67.863 88.9
      vertex 90.4621 62.9028 69.2528
    endloop
  endfacet
  facet normal 0.540771 -0.84117 -7.00558e-06
    outer loop
      vertex 91.0128 63.2568 69.0771
      vertex 98.178 67.863 88.9
      vertex 90.7423 63.0829 69.1864
    endloop
  endfacet
  facet normal 0.540758 -0.841178 1.06189e-15
    outer loop
      vertex 91.269 63.4215 68.9267
      vertex 98.178 67.863 88.9
      vertex 91.0128 63.2568 69.0771
    endloop
  endfacet
  facet normal 0.5408 -0.841151 -2.05857e-05
    outer loop
      vertex 91.5065 63.5742 68.7377
      vertex 98.178 67.863 88.9
      vertex 91.269 63.4215 68.9267
    endloop
  endfacet
  facet normal 0.540787 -0.84116 -1.44235e-05
    outer loop
      vertex 91.7213 63.7123 68.5135
      vertex 98.178 67.863 88.9
      vertex 91.5065 63.5742 68.7377
    endloop
  endfacet
  facet normal 0.540725 -0.841199 1.30979e-05
    outer loop
      vertex 91.9097 63.8334 68.2578
      vertex 98.178 67.863 88.9
      vertex 91.7213 63.7123 68.5135
    endloop
  endfacet
  facet normal 0.540705 -0.841212 2.18143e-05
    outer loop
      vertex 92.0684 63.9354 67.975
      vertex 98.178 67.863 88.9
      vertex 91.9097 63.8334 68.2578
    endloop
  endfacet
  facet normal 0.5406 -0.84128 6.51475e-05
    outer loop
      vertex 92.1948 64.0166 67.67
      vertex 98.178 67.863 88.9
      vertex 92.0684 63.9354 67.975
    endloop
  endfacet
  facet normal 0.54104 -0.840997 -0.000110134
    outer loop
      vertex 92.2866 64.0757 67.3479
      vertex 98.178 67.863 88.9
      vertex 92.1948 64.0166 67.67
    endloop
  endfacet
  facet normal 0.540727 -0.841198 1.07607e-05
    outer loop
      vertex 92.3423 64.1115 67.0144
      vertex 98.178 67.863 88.9
      vertex 92.2866 64.0757 67.3479
    endloop
  endfacet
  facet normal 0.540639 -0.841255 4.38774e-05
    outer loop
      vertex 92.361 64.1235 66.675
      vertex 98.178 67.863 88.9
      vertex 92.3423 64.1115 67.0144
    endloop
  endfacet
  facet normal 0.540939 -0.841062 -6.72609e-05
    outer loop
      vertex 92.3423 64.1115 66.3356
      vertex 98.178 67.863 88.9
      vertex 92.361 64.1235 66.675
    endloop
  endfacet
  facet normal 0.540891 -0.841093 -4.94015e-05
    outer loop
      vertex 92.2866 64.0757 66.0021
      vertex 98.178 67.863 88.9
      vertex 92.3423 64.1115 66.3356
    endloop
  endfacet
  facet normal 0.540802 -0.84115 0
    outer loop
      vertex 89.8919 62.5362 64.0972
      vertex 90.177 62.7195 24.825
      vertex 90.177 62.7195 64.075
    endloop
  endfacet
  facet normal 0.540802 -0.84115 0
    outer loop
      vertex 90.177 62.7195 64.075
      vertex 90.177 62.7195 24.825
      vertex 90.4621 62.9028 64.0972
    endloop
  endfacet
  facet normal 0.540802 -0.84115 0
    outer loop
      vertex 90.4621 62.9028 24.8028
      vertex 90.4621 62.9028 64.0972
      vertex 90.177 62.7195 24.825
    endloop
  endfacet
  facet normal 0.540697 -0.841217 0
    outer loop
      vertex 90.4621 62.9028 64.0972
      vertex 90.4621 62.9028 24.8028
      vertex 90.7423 63.0829 64.1636
    endloop
  endfacet
  facet normal 0.540697 -0.841217 0
    outer loop
      vertex 90.7423 63.0829 24.7364
      vertex 90.7423 63.0829 64.1636
      vertex 90.4621 62.9028 24.8028
    endloop
  endfacet
  facet normal 0.540773 -0.841168 0
    outer loop
      vertex 90.7423 63.0829 64.1636
      vertex 90.7423 63.0829 24.7364
      vertex 91.0128 63.2568 64.2729
    endloop
  endfacet
  facet normal 0.540773 -0.841168 0
    outer loop
      vertex 91.0128 63.2568 24.6271
      vertex 91.0128 63.2568 64.2729
      vertex 90.7423 63.0829 24.7364
    endloop
  endfacet
  facet normal 0.540758 -0.841178 0
    outer loop
      vertex 91.0128 63.2568 64.2729
      vertex 91.0128 63.2568 24.6271
      vertex 91.269 63.4215 64.4233
    endloop
  endfacet
  facet normal 0.540758 -0.841178 0
    outer loop
      vertex 91.269 63.4215 24.4767
      vertex 91.269 63.4215 64.4233
      vertex 91.0128 63.2568 24.6271
    endloop
  endfacet
  facet normal 0.540811 -0.841144 0
    outer loop
      vertex 91.269 63.4215 64.4233
      vertex 91.269 63.4215 24.4767
      vertex 91.5065 63.5742 64.6123
    endloop
  endfacet
  facet normal 0.540811 -0.841144 0
    outer loop
      vertex 91.5065 63.5742 24.2877
      vertex 91.5065 63.5742 64.6123
      vertex 91.269 63.4215 24.4767
    endloop
  endfacet
  facet normal 0.540797 -0.841153 0
    outer loop
      vertex 91.5065 63.5742 64.6123
      vertex 91.5065 63.5742 24.2877
      vertex 91.7213 63.7123 64.8365
    endloop
  endfacet
  facet normal 0.540797 -0.841153 0
    outer loop
      vertex 91.7213 63.7123 24.0635
      vertex 91.7213 63.7123 64.8365
      vertex 91.5065 63.5742 24.2877
    endloop
  endfacet
  facet normal 0.540712 -0.841207 0
    outer loop
      vertex 91.7213 63.7123 64.8365
      vertex 91.7213 63.7123 24.0635
      vertex 91.9097 63.8334 65.0922
    endloop
  endfacet
  facet normal 0.540712 -0.841207 0
    outer loop
      vertex 91.9097 63.8334 23.8078
      vertex 91.9097 63.8334 65.0922
      vertex 91.7213 63.7123 24.0635
    endloop
  endfacet
  facet normal 0.540677 -0.84123 0
    outer loop
      vertex 91.9097 63.8334 65.0922
      vertex 91.9097 63.8334 23.8078
      vertex 92.0684 63.9354 65.375
    endloop
  endfacet
  facet normal 0.540677 -0.84123 0
    outer loop
      vertex 92.0684 63.9354 23.525
      vertex 92.0684 63.9354 65.375
      vertex 91.9097 63.8334 23.8078
    endloop
  endfacet
  facet normal 0.540488 -0.841351 0
    outer loop
      vertex 92.0684 63.9354 65.375
      vertex 92.0684 63.9354 23.525
      vertex 92.1948 64.0166 65.68
    endloop
  endfacet
  facet normal 0.540488 -0.841351 0
    outer loop
      vertex 92.1948 64.0166 23.22
      vertex 92.1948 64.0166 65.68
      vertex 92.0684 63.9354 23.525
    endloop
  endfacet
  facet normal 0.541313 -0.840821 0
    outer loop
      vertex 92.1948 64.0166 65.68
      vertex 92.1948 64.0166 23.22
      vertex 92.2866 64.0757 66.0021
    endloop
  endfacet
  facet normal 0.541313 -0.840821 0
    outer loop
      vertex 92.2866 64.0757 22.8979
      vertex 92.2866 64.0757 66.0021
      vertex 92.1948 64.0166 23.22
    endloop
  endfacet
  facet normal 0.540755 -0.84118 0
    outer loop
      vertex 92.2866 64.0757 66.0021
      vertex 92.2866 64.0757 22.8979
      vertex 98.178 67.863 88.9
    endloop
  endfacet
  facet normal 0.540707 -0.841211 6.03794e-06
    outer loop
      vertex 92.3423 64.1115 22.5644
      vertex 98.178 67.863 88.9
      vertex 92.2866 64.0757 22.8979
    endloop
  endfacet
  facet normal 0.540939 -0.841062 6.72609e-05
    outer loop
      vertex 98.178 67.863 0
      vertex 92.3423 64.1115 22.5644
      vertex 92.361 64.1235 22.225
    endloop
  endfacet
  facet normal 0.540639 -0.841255 -4.38774e-05
    outer loop
      vertex 98.178 67.863 0
      vertex 92.361 64.1235 22.225
      vertex 92.3423 64.1115 21.8856
    endloop
  endfacet
  facet normal 0.540804 -0.841149 2.66204e-05
    outer loop
      vertex 89.8919 62.5362 19.6472
      vertex 98.178 67.863 0
      vertex 90.177 62.7195 19.625
    endloop
  endfacet
  facet normal 0.540801 -0.841151 2.49822e-05
    outer loop
      vertex 90.177 62.7195 19.625
      vertex 98.178 67.863 0
      vertex 90.4621 62.9028 19.6472
    endloop
  endfacet
  facet normal 0.540702 -0.841214 -2.99791e-05
    outer loop
      vertex 90.4621 62.9028 19.6472
      vertex 98.178 67.863 0
      vertex 90.7423 63.0829 19.7136
    endloop
  endfacet
  facet normal 0.540771 -0.84117 7.00558e-06
    outer loop
      vertex 90.7423 63.0829 19.7136
      vertex 98.178 67.863 0
      vertex 91.0128 63.2568 19.8229
    endloop
  endfacet
  facet normal 0.540755 -0.84118 0
    outer loop
      vertex 92.3423 64.1115 22.5644
      vertex 98.178 67.863 0
      vertex 98.178 67.863 88.9
    endloop
  endfacet
  facet normal 0.540727 -0.841198 -1.07607e-05
    outer loop
      vertex 92.2866 64.0757 21.5521
      vertex 98.178 67.863 0
      vertex 92.3423 64.1115 21.8856
    endloop
  endfacet
  facet normal 0.54104 -0.840997 0.000110134
    outer loop
      vertex 92.1948 64.0166 21.23
      vertex 98.178 67.863 0
      vertex 92.2866 64.0757 21.5521
    endloop
  endfacet
  facet normal 0.5406 -0.84128 -6.51475e-05
    outer loop
      vertex 92.0684 63.9354 20.925
      vertex 98.178 67.863 0
      vertex 92.1948 64.0166 21.23
    endloop
  endfacet
  facet normal 0.540705 -0.841212 -2.18143e-05
    outer loop
      vertex 91.9097 63.8334 20.6422
      vertex 98.178 67.863 0
      vertex 92.0684 63.9354 20.925
    endloop
  endfacet
  facet normal 0.540725 -0.841199 -1.30979e-05
    outer loop
      vertex 91.7213 63.7123 20.3865
      vertex 98.178 67.863 0
      vertex 91.9097 63.8334 20.6422
    endloop
  endfacet
  facet normal 0.540787 -0.84116 1.44235e-05
    outer loop
      vertex 91.5065 63.5742 20.1623
      vertex 98.178 67.863 0
      vertex 91.7213 63.7123 20.3865
    endloop
  endfacet
  facet normal 0.5408 -0.841151 2.05857e-05
    outer loop
      vertex 91.269 63.4215 19.9733
      vertex 98.178 67.863 0
      vertex 91.5065 63.5742 20.1623
    endloop
  endfacet
  facet normal 0.540758 -0.841178 -1.06189e-15
    outer loop
      vertex 91.0128 63.2568 19.8229
      vertex 98.178 67.863 0
      vertex 91.269 63.4215 19.9733
    endloop
  endfacet
  facet normal 0.699767 0.44985 0.554942
    outer loop
      vertex 64.8976 50.9796 20.925
      vertex 67.1083 47.8896 20.6422
      vertex 65.0563 51.0816 20.6422
    endloop
  endfacet
  facet normal 0.699767 0.44985 0.554942
    outer loop
      vertex 67.1083 47.8896 20.6422
      vertex 64.8976 50.9796 20.925
      vertex 66.9496 47.7876 20.925
    endloop
  endfacet
  facet normal -0.0549778 -0.0353429 -0.997862
    outer loop
      vertex 68.841 49.0035 24.825
      vertex 67.0741 52.3788 24.8028
      vertex 69.1261 49.1868 24.8028
    endloop
  endfacet
  facet normal -0.0549778 -0.0353429 -0.997862
    outer loop
      vertex 67.0741 52.3788 24.8028
      vertex 68.841 49.0035 24.825
      vertex 66.789 52.1955 24.825
    endloop
  endfacet
  facet normal -0.825074 -0.530405 0.194738
    outer loop
      vertex 68.8986 53.5517 21.5521
      vertex 71.0063 50.3955 21.8856
      vertex 68.9543 53.5875 21.8856
    endloop
  endfacet
  facet normal -0.825074 -0.530405 0.194738
    outer loop
      vertex 71.0063 50.3955 21.8856
      vertex 68.8986 53.5517 21.5521
      vertex 70.9506 50.3597 21.5521
    endloop
  endfacet
  facet normal -0.839382 -0.539603 0.0653261
    outer loop
      vertex 68.9543 53.5875 21.8856
      vertex 71.025 50.4075 22.225
      vertex 68.973 53.5995 22.225
    endloop
  endfacet
  facet normal -0.839382 -0.539603 0.0653261
    outer loop
      vertex 71.025 50.4075 22.225
      vertex 68.9543 53.5875 21.8856
      vertex 71.0063 50.3955 21.8856
    endloop
  endfacet
  facet normal -0.55498 -0.356773 -0.751472
    outer loop
      vertex 70.1705 49.8582 24.2877
      vertex 68.3333 53.1883 24.0635
      vertex 70.3853 49.9963 24.0635
    endloop
  endfacet
  facet normal -0.55498 -0.356773 -0.751472
    outer loop
      vertex 68.3333 53.1883 24.0635
      vertex 70.1705 49.8582 24.2877
      vertex 68.1185 53.0502 24.2877
    endloop
  endfacet
  facet normal -0.699767 -0.44985 0.554942
    outer loop
      vertex 68.5217 53.3094 20.6422
      vertex 70.7324 50.2194 20.925
      vertex 68.6804 53.4114 20.925
    endloop
  endfacet
  facet normal -0.699767 -0.44985 0.554942
    outer loop
      vertex 70.7324 50.2194 20.925
      vertex 68.5217 53.3094 20.6422
      vertex 70.5737 50.1174 20.6422
    endloop
  endfacet
  facet normal -0.16445 -0.105718 -0.980704
    outer loop
      vertex 69.1261 49.1868 24.8028
      vertex 67.3543 52.5589 24.7364
      vertex 69.4063 49.3669 24.7364
    endloop
  endfacet
  facet normal -0.16445 -0.105718 -0.980704
    outer loop
      vertex 67.3543 52.5589 24.7364
      vertex 69.1261 49.1868 24.8028
      vertex 67.0741 52.3788 24.8028
    endloop
  endfacet
  facet normal -0.754612 -0.485084 0.441875
    outer loop
      vertex 68.6804 53.4114 20.925
      vertex 70.8587 50.3006 21.23
      vertex 68.8068 53.4926 21.23
    endloop
  endfacet
  facet normal -0.754684 -0.485154 0.441676
    outer loop
      vertex 70.8587 50.3006 21.23
      vertex 68.6804 53.4114 20.925
      vertex 70.7324 50.2194 20.925
    endloop
  endfacet
  facet normal 0.796657 0.512137 0.32102
    outer loop
      vertex 64.6794 50.8393 21.5521
      vertex 66.8232 47.7064 21.23
      vertex 64.7712 50.8984 21.23
    endloop
  endfacet
  facet normal 0.796657 0.512137 0.32102
    outer loop
      vertex 66.8232 47.7064 21.23
      vertex 64.6794 50.8393 21.5521
      vertex 66.7314 47.6473 21.5521
    endloop
  endfacet
  facet normal -0.699767 -0.44985 -0.554942
    outer loop
      vertex 70.7324 50.2194 23.525
      vertex 68.5217 53.3094 23.8078
      vertex 68.6804 53.4114 23.525
    endloop
  endfacet
  facet normal -0.699767 -0.44985 -0.554942
    outer loop
      vertex 68.5217 53.3094 23.8078
      vertex 70.7324 50.2194 23.525
      vertex 70.5737 50.1174 23.8078
    endloop
  endfacet
  facet normal -0.825074 -0.530405 -0.194738
    outer loop
      vertex 71.0063 50.3955 22.5644
      vertex 68.8986 53.5517 22.8979
      vertex 68.9543 53.5875 22.5644
    endloop
  endfacet
  facet normal -0.825074 -0.530405 -0.194738
    outer loop
      vertex 68.8986 53.5517 22.8979
      vertex 71.0063 50.3955 22.5644
      vertex 70.9506 50.3597 22.8979
    endloop
  endfacet
  facet normal 0.0549778 0.0353429 -0.997862
    outer loop
      vertex 68.5559 48.8202 24.8028
      vertex 66.789 52.1955 24.825
      vertex 68.841 49.0035 24.825
    endloop
  endfacet
  facet normal 0.0549778 0.0353429 -0.997862
    outer loop
      vertex 66.789 52.1955 24.825
      vertex 68.5559 48.8202 24.8028
      vertex 66.5039 52.0122 24.8028
    endloop
  endfacet
  facet normal -0.632774 -0.406783 -0.658882
    outer loop
      vertex 70.3853 49.9963 24.0635
      vertex 68.5217 53.3094 23.8078
      vertex 70.5737 50.1174 23.8078
    endloop
  endfacet
  facet normal -0.632774 -0.406783 -0.658882
    outer loop
      vertex 68.5217 53.3094 23.8078
      vertex 70.3853 49.9963 24.0635
      vertex 68.3333 53.1883 24.0635
    endloop
  endfacet
  facet normal -0.632774 -0.406783 0.658882
    outer loop
      vertex 68.5217 53.3094 20.6422
      vertex 70.3853 49.9963 20.3865
      vertex 70.5737 50.1174 20.6422
    endloop
  endfacet
  facet normal -0.632774 -0.406783 0.658882
    outer loop
      vertex 70.3853 49.9963 20.3865
      vertex 68.5217 53.3094 20.6422
      vertex 68.3333 53.1883 20.3865
    endloop
  endfacet
  facet normal -0.839382 -0.539603 -0.0653261
    outer loop
      vertex 71.025 50.4075 22.225
      vertex 68.9543 53.5875 22.5644
      vertex 68.973 53.5995 22.225
    endloop
  endfacet
  facet normal -0.839382 -0.539603 -0.0653261
    outer loop
      vertex 68.9543 53.5875 22.5644
      vertex 71.025 50.4075 22.225
      vertex 71.0063 50.3955 22.5644
    endloop
  endfacet
  facet normal 0.55498 0.356773 0.751472
    outer loop
      vertex 65.4595 51.3408 20.1623
      vertex 67.2967 48.0107 20.3865
      vertex 67.5115 48.1488 20.1623
    endloop
  endfacet
  facet normal 0.55498 0.356773 0.751472
    outer loop
      vertex 67.2967 48.0107 20.3865
      vertex 65.4595 51.3408 20.1623
      vertex 65.2447 51.2027 20.3865
    endloop
  endfacet
  facet normal -0.372445 -0.239429 -0.896637
    outer loop
      vertex 69.6768 49.5408 24.6271
      vertex 67.881 52.8975 24.4767
      vertex 69.933 49.7055 24.4767
    endloop
  endfacet
  facet normal -0.372445 -0.239429 -0.896637
    outer loop
      vertex 67.881 52.8975 24.4767
      vertex 69.6768 49.5408 24.6271
      vertex 67.6248 52.7328 24.6271
    endloop
  endfacet
  facet normal 0.796657 0.512137 -0.32102
    outer loop
      vertex 66.8232 47.7064 23.22
      vertex 64.6794 50.8393 22.8979
      vertex 64.7712 50.8984 23.22
    endloop
  endfacet
  facet normal 0.796657 0.512137 -0.32102
    outer loop
      vertex 64.6794 50.8393 22.8979
      vertex 66.8232 47.7064 23.22
      vertex 66.7314 47.6473 22.8979
    endloop
  endfacet
  facet normal 0.467911 0.3008 0.831011
    outer loop
      vertex 65.697 51.4935 19.9733
      vertex 67.5115 48.1488 20.1623
      vertex 67.749 48.3015 19.9733
    endloop
  endfacet
  facet normal 0.467911 0.3008 0.831011
    outer loop
      vertex 67.5115 48.1488 20.1623
      vertex 65.697 51.4935 19.9733
      vertex 65.4595 51.3408 20.1623
    endloop
  endfacet
  facet normal -0.270698 -0.17402 0.946805
    outer loop
      vertex 67.6248 52.7328 19.8229
      vertex 69.4063 49.3669 19.7136
      vertex 69.6768 49.5408 19.8229
    endloop
  endfacet
  facet normal -0.270698 -0.17402 0.946805
    outer loop
      vertex 69.4063 49.3669 19.7136
      vertex 67.6248 52.7328 19.8229
      vertex 67.3543 52.5589 19.7136
    endloop
  endfacet
  facet normal 0.372445 0.239429 0.896637
    outer loop
      vertex 65.9532 51.6582 19.8229
      vertex 67.749 48.3015 19.9733
      vertex 68.0052 48.4662 19.8229
    endloop
  endfacet
  facet normal 0.372445 0.239429 0.896637
    outer loop
      vertex 67.749 48.3015 19.9733
      vertex 65.9532 51.6582 19.8229
      vertex 65.697 51.4935 19.9733
    endloop
  endfacet
  facet normal 0.699767 0.44985 -0.554942
    outer loop
      vertex 67.1083 47.8896 23.8078
      vertex 64.8976 50.9796 23.525
      vertex 65.0563 51.0816 23.8078
    endloop
  endfacet
  facet normal 0.699767 0.44985 -0.554942
    outer loop
      vertex 64.8976 50.9796 23.525
      vertex 67.1083 47.8896 23.8078
      vertex 66.9496 47.7876 23.525
    endloop
  endfacet
  facet normal 0.632774 0.406783 0.658882
    outer loop
      vertex 65.2447 51.2027 20.3865
      vertex 67.1083 47.8896 20.6422
      vertex 67.2967 48.0107 20.3865
    endloop
  endfacet
  facet normal 0.632774 0.406783 0.658882
    outer loop
      vertex 67.1083 47.8896 20.6422
      vertex 65.2447 51.2027 20.3865
      vertex 65.0563 51.0816 20.6422
    endloop
  endfacet
  facet normal -0.467911 -0.3008 0.831011
    outer loop
      vertex 68.1185 53.0502 20.1623
      vertex 69.933 49.7055 19.9733
      vertex 70.1705 49.8582 20.1623
    endloop
  endfacet
  facet normal -0.467911 -0.3008 0.831011
    outer loop
      vertex 69.933 49.7055 19.9733
      vertex 68.1185 53.0502 20.1623
      vertex 67.881 52.8975 19.9733
    endloop
  endfacet
  facet normal -0.754612 -0.485084 -0.441875
    outer loop
      vertex 70.8587 50.3006 23.22
      vertex 68.6804 53.4114 23.525
      vertex 68.8068 53.4926 23.22
    endloop
  endfacet
  facet normal -0.754684 -0.485154 -0.441676
    outer loop
      vertex 68.6804 53.4114 23.525
      vertex 70.8587 50.3006 23.22
      vertex 70.7324 50.2194 23.525
    endloop
  endfacet
  facet normal -0.372445 -0.239429 0.896637
    outer loop
      vertex 67.881 52.8975 19.9733
      vertex 69.6768 49.5408 19.8229
      vertex 69.933 49.7055 19.9733
    endloop
  endfacet
  facet normal -0.372445 -0.239429 0.896637
    outer loop
      vertex 69.6768 49.5408 19.8229
      vertex 67.881 52.8975 19.9733
      vertex 67.6248 52.7328 19.8229
    endloop
  endfacet
  facet normal 0.16445 0.105718 0.980704
    outer loop
      vertex 66.5039 52.0122 19.6472
      vertex 68.2757 48.6401 19.7136
      vertex 68.5559 48.8202 19.6472
    endloop
  endfacet
  facet normal 0.16445 0.105718 0.980704
    outer loop
      vertex 68.2757 48.6401 19.7136
      vertex 66.5039 52.0122 19.6472
      vertex 66.2237 51.8321 19.7136
    endloop
  endfacet
  facet normal 0.754602 0.485101 -0.441875
    outer loop
      vertex 66.9496 47.7876 23.525
      vertex 64.7712 50.8984 23.22
      vertex 64.8976 50.9796 23.525
    endloop
  endfacet
  facet normal 0.754602 0.485101 -0.441875
    outer loop
      vertex 64.7712 50.8984 23.22
      vertex 66.9496 47.7876 23.525
      vertex 66.8232 47.7064 23.22
    endloop
  endfacet
  facet normal -0.467911 -0.3008 -0.831011
    outer loop
      vertex 69.933 49.7055 24.4767
      vertex 68.1185 53.0502 24.2877
      vertex 70.1705 49.8582 24.2877
    endloop
  endfacet
  facet normal -0.467911 -0.3008 -0.831011
    outer loop
      vertex 68.1185 53.0502 24.2877
      vertex 69.933 49.7055 24.4767
      vertex 67.881 52.8975 24.4767
    endloop
  endfacet
  facet normal 0.754602 0.485101 0.441875
    outer loop
      vertex 64.7712 50.8984 21.23
      vertex 66.9496 47.7876 20.925
      vertex 64.8976 50.9796 20.925
    endloop
  endfacet
  facet normal 0.754602 0.485101 0.441875
    outer loop
      vertex 66.9496 47.7876 20.925
      vertex 64.7712 50.8984 21.23
      vertex 66.8232 47.7064 21.23
    endloop
  endfacet
  facet normal -0.16445 -0.105718 0.980704
    outer loop
      vertex 67.3543 52.5589 19.7136
      vertex 69.1261 49.1868 19.6472
      vertex 69.4063 49.3669 19.7136
    endloop
  endfacet
  facet normal -0.16445 -0.105718 0.980704
    outer loop
      vertex 69.1261 49.1868 19.6472
      vertex 67.3543 52.5589 19.7136
      vertex 67.0741 52.3788 19.6472
    endloop
  endfacet
  facet normal 0.270698 0.17402 0.946805
    outer loop
      vertex 66.2237 51.8321 19.7136
      vertex 68.0052 48.4662 19.8229
      vertex 68.2757 48.6401 19.7136
    endloop
  endfacet
  facet normal 0.270698 0.17402 0.946805
    outer loop
      vertex 68.0052 48.4662 19.8229
      vertex 66.2237 51.8321 19.7136
      vertex 65.9532 51.6582 19.8229
    endloop
  endfacet
  facet normal 0.839382 0.539603 -0.0653261
    outer loop
      vertex 66.6757 47.6115 22.5644
      vertex 64.605 50.7915 22.225
      vertex 64.6237 50.8035 22.5644
    endloop
  endfacet
  facet normal 0.839382 0.539603 -0.0653261
    outer loop
      vertex 64.605 50.7915 22.225
      vertex 66.6757 47.6115 22.5644
      vertex 66.657 47.5995 22.225
    endloop
  endfacet
  facet normal 0.825074 0.530405 -0.194738
    outer loop
      vertex 66.7314 47.6473 22.8979
      vertex 64.6237 50.8035 22.5644
      vertex 64.6794 50.8393 22.8979
    endloop
  endfacet
  facet normal 0.825074 0.530405 -0.194738
    outer loop
      vertex 64.6237 50.8035 22.5644
      vertex 66.7314 47.6473 22.8979
      vertex 66.6757 47.6115 22.5644
    endloop
  endfacet
  facet normal -0.796657 -0.512137 -0.32102
    outer loop
      vertex 70.9506 50.3597 22.8979
      vertex 68.8068 53.4926 23.22
      vertex 68.8986 53.5517 22.8979
    endloop
  endfacet
  facet normal -0.796605 -0.512078 -0.321241
    outer loop
      vertex 68.8068 53.4926 23.22
      vertex 70.9506 50.3597 22.8979
      vertex 70.8587 50.3006 23.22
    endloop
  endfacet
  facet normal -0.796657 -0.512137 0.32102
    outer loop
      vertex 68.8068 53.4926 21.23
      vertex 70.9506 50.3597 21.5521
      vertex 68.8986 53.5517 21.5521
    endloop
  endfacet
  facet normal -0.796605 -0.512078 0.321241
    outer loop
      vertex 70.9506 50.3597 21.5521
      vertex 68.8068 53.4926 21.23
      vertex 70.8587 50.3006 21.23
    endloop
  endfacet
  facet normal -0.270698 -0.17402 -0.946805
    outer loop
      vertex 69.4063 49.3669 24.7364
      vertex 67.6248 52.7328 24.6271
      vertex 69.6768 49.5408 24.6271
    endloop
  endfacet
  facet normal -0.270698 -0.17402 -0.946805
    outer loop
      vertex 67.6248 52.7328 24.6271
      vertex 69.4063 49.3669 24.7364
      vertex 67.3543 52.5589 24.7364
    endloop
  endfacet
  facet normal 0.55498 0.356773 -0.751472
    outer loop
      vertex 67.2967 48.0107 24.0635
      vertex 65.4595 51.3408 24.2877
      vertex 67.5115 48.1488 24.2877
    endloop
  endfacet
  facet normal 0.55498 0.356773 -0.751472
    outer loop
      vertex 65.4595 51.3408 24.2877
      vertex 67.2967 48.0107 24.0635
      vertex 65.2447 51.2027 24.0635
    endloop
  endfacet
  facet normal 0.839382 0.539603 0.0653261
    outer loop
      vertex 64.605 50.7915 22.225
      vertex 66.6757 47.6115 21.8856
      vertex 64.6237 50.8035 21.8856
    endloop
  endfacet
  facet normal 0.839382 0.539603 0.0653261
    outer loop
      vertex 66.6757 47.6115 21.8856
      vertex 64.605 50.7915 22.225
      vertex 66.657 47.5995 22.225
    endloop
  endfacet
  facet normal 0.632774 0.406783 -0.658882
    outer loop
      vertex 67.1083 47.8896 23.8078
      vertex 65.2447 51.2027 24.0635
      vertex 67.2967 48.0107 24.0635
    endloop
  endfacet
  facet normal 0.632774 0.406783 -0.658882
    outer loop
      vertex 65.2447 51.2027 24.0635
      vertex 67.1083 47.8896 23.8078
      vertex 65.0563 51.0816 23.8078
    endloop
  endfacet
  facet normal -0.0549778 -0.0353429 0.997862
    outer loop
      vertex 67.0741 52.3788 19.6472
      vertex 68.841 49.0035 19.625
      vertex 69.1261 49.1868 19.6472
    endloop
  endfacet
  facet normal -0.0549778 -0.0353429 0.997862
    outer loop
      vertex 68.841 49.0035 19.625
      vertex 67.0741 52.3788 19.6472
      vertex 66.789 52.1955 19.625
    endloop
  endfacet
  facet normal -0.55498 -0.356773 0.751472
    outer loop
      vertex 68.3333 53.1883 20.3865
      vertex 70.1705 49.8582 20.1623
      vertex 70.3853 49.9963 20.3865
    endloop
  endfacet
  facet normal -0.55498 -0.356773 0.751472
    outer loop
      vertex 70.1705 49.8582 20.1623
      vertex 68.3333 53.1883 20.3865
      vertex 68.1185 53.0502 20.1623
    endloop
  endfacet
  facet normal 0.0549778 0.0353429 0.997862
    outer loop
      vertex 66.789 52.1955 19.625
      vertex 68.5559 48.8202 19.6472
      vertex 68.841 49.0035 19.625
    endloop
  endfacet
  facet normal 0.0549778 0.0353429 0.997862
    outer loop
      vertex 68.5559 48.8202 19.6472
      vertex 66.789 52.1955 19.625
      vertex 66.5039 52.0122 19.6472
    endloop
  endfacet
  facet normal 0.825074 0.530405 0.194738
    outer loop
      vertex 64.6237 50.8035 21.8856
      vertex 66.7314 47.6473 21.5521
      vertex 64.6794 50.8393 21.5521
    endloop
  endfacet
  facet normal 0.825074 0.530405 0.194738
    outer loop
      vertex 66.7314 47.6473 21.5521
      vertex 64.6237 50.8035 21.8856
      vertex 66.6757 47.6115 21.8856
    endloop
  endfacet
  facet normal 0.270698 0.17402 -0.946805
    outer loop
      vertex 68.0052 48.4662 24.6271
      vertex 66.2237 51.8321 24.7364
      vertex 68.2757 48.6401 24.7364
    endloop
  endfacet
  facet normal 0.270698 0.17402 -0.946805
    outer loop
      vertex 66.2237 51.8321 24.7364
      vertex 68.0052 48.4662 24.6271
      vertex 65.9532 51.6582 24.6271
    endloop
  endfacet
  facet normal 0.16445 0.105718 -0.980704
    outer loop
      vertex 68.2757 48.6401 24.7364
      vertex 66.5039 52.0122 24.8028
      vertex 68.5559 48.8202 24.8028
    endloop
  endfacet
  facet normal 0.16445 0.105718 -0.980704
    outer loop
      vertex 66.5039 52.0122 24.8028
      vertex 68.2757 48.6401 24.7364
      vertex 66.2237 51.8321 24.7364
    endloop
  endfacet
  facet normal 0.372445 0.239429 -0.896637
    outer loop
      vertex 67.749 48.3015 24.4767
      vertex 65.9532 51.6582 24.6271
      vertex 68.0052 48.4662 24.6271
    endloop
  endfacet
  facet normal 0.372445 0.239429 -0.896637
    outer loop
      vertex 65.9532 51.6582 24.6271
      vertex 67.749 48.3015 24.4767
      vertex 65.697 51.4935 24.4767
    endloop
  endfacet
  facet normal 0.467911 0.3008 -0.831011
    outer loop
      vertex 67.5115 48.1488 24.2877
      vertex 65.697 51.4935 24.4767
      vertex 67.749 48.3015 24.4767
    endloop
  endfacet
  facet normal 0.467911 0.3008 -0.831011
    outer loop
      vertex 65.697 51.4935 24.4767
      vertex 67.5115 48.1488 24.2877
      vertex 65.4595 51.3408 24.2877
    endloop
  endfacet
  facet normal -0.699767 -0.44985 -0.554942
    outer loop
      vertex 70.7324 50.2194 67.975
      vertex 68.5217 53.3094 68.2578
      vertex 68.6804 53.4114 67.975
    endloop
  endfacet
  facet normal -0.699767 -0.44985 -0.554942
    outer loop
      vertex 68.5217 53.3094 68.2578
      vertex 70.7324 50.2194 67.975
      vertex 70.5737 50.1174 68.2578
    endloop
  endfacet
  facet normal -0.825074 -0.530405 0.194738
    outer loop
      vertex 68.8986 53.5517 66.0021
      vertex 71.0063 50.3955 66.3356
      vertex 68.9543 53.5875 66.3356
    endloop
  endfacet
  facet normal -0.825074 -0.530405 0.194738
    outer loop
      vertex 71.0063 50.3955 66.3356
      vertex 68.8986 53.5517 66.0021
      vertex 70.9506 50.3597 66.0021
    endloop
  endfacet
  facet normal -0.839382 -0.539603 0.0653261
    outer loop
      vertex 68.9543 53.5875 66.3356
      vertex 71.025 50.4075 66.675
      vertex 68.973 53.5995 66.675
    endloop
  endfacet
  facet normal -0.839382 -0.539603 0.0653261
    outer loop
      vertex 71.025 50.4075 66.675
      vertex 68.9543 53.5875 66.3356
      vertex 71.0063 50.3955 66.3356
    endloop
  endfacet
  facet normal -0.796657 -0.512137 0.32102
    outer loop
      vertex 68.8068 53.4926 65.68
      vertex 70.9506 50.3597 66.0021
      vertex 68.8986 53.5517 66.0021
    endloop
  endfacet
  facet normal -0.796605 -0.512078 0.321241
    outer loop
      vertex 70.9506 50.3597 66.0021
      vertex 68.8068 53.4926 65.68
      vertex 70.8587 50.3006 65.68
    endloop
  endfacet
  facet normal -0.632774 -0.406783 -0.658882
    outer loop
      vertex 70.3853 49.9963 68.5135
      vertex 68.5217 53.3094 68.2578
      vertex 70.5737 50.1174 68.2578
    endloop
  endfacet
  facet normal -0.632774 -0.406783 -0.658882
    outer loop
      vertex 68.5217 53.3094 68.2578
      vertex 70.3853 49.9963 68.5135
      vertex 68.3333 53.1883 68.5135
    endloop
  endfacet
  facet normal -0.699767 -0.44985 0.554942
    outer loop
      vertex 68.5217 53.3094 65.0922
      vertex 70.7324 50.2194 65.375
      vertex 68.6804 53.4114 65.375
    endloop
  endfacet
  facet normal -0.699767 -0.44985 0.554942
    outer loop
      vertex 70.7324 50.2194 65.375
      vertex 68.5217 53.3094 65.0922
      vertex 70.5737 50.1174 65.0922
    endloop
  endfacet
  facet normal 0.699767 0.44985 -0.554942
    outer loop
      vertex 67.1083 47.8896 68.2578
      vertex 64.8976 50.9796 67.975
      vertex 65.0563 51.0816 68.2578
    endloop
  endfacet
  facet normal 0.699767 0.44985 -0.554942
    outer loop
      vertex 64.8976 50.9796 67.975
      vertex 67.1083 47.8896 68.2578
      vertex 66.9496 47.7876 67.975
    endloop
  endfacet
  facet normal 0.55498 0.356773 -0.751472
    outer loop
      vertex 67.2967 48.0107 68.5135
      vertex 65.4595 51.3408 68.7377
      vertex 67.5115 48.1488 68.7377
    endloop
  endfacet
  facet normal 0.55498 0.356773 -0.751472
    outer loop
      vertex 65.4595 51.3408 68.7377
      vertex 67.2967 48.0107 68.5135
      vertex 65.2447 51.2027 68.5135
    endloop
  endfacet
  facet normal -0.55498 -0.356773 0.751472
    outer loop
      vertex 68.3333 53.1883 64.8365
      vertex 70.1705 49.8582 64.6123
      vertex 70.3853 49.9963 64.8365
    endloop
  endfacet
  facet normal -0.55498 -0.356773 0.751472
    outer loop
      vertex 70.1705 49.8582 64.6123
      vertex 68.3333 53.1883 64.8365
      vertex 68.1185 53.0502 64.6123
    endloop
  endfacet
  facet normal -0.754612 -0.485084 0.441875
    outer loop
      vertex 68.6804 53.4114 65.375
      vertex 70.8587 50.3006 65.68
      vertex 68.8068 53.4926 65.68
    endloop
  endfacet
  facet normal -0.754684 -0.485154 0.441676
    outer loop
      vertex 70.8587 50.3006 65.68
      vertex 68.6804 53.4114 65.375
      vertex 70.7324 50.2194 65.375
    endloop
  endfacet
  facet normal 0.372445 0.239429 0.896637
    outer loop
      vertex 65.9532 51.6582 64.2729
      vertex 67.749 48.3015 64.4233
      vertex 68.0052 48.4662 64.2729
    endloop
  endfacet
  facet normal 0.372445 0.239429 0.896637
    outer loop
      vertex 67.749 48.3015 64.4233
      vertex 65.9532 51.6582 64.2729
      vertex 65.697 51.4935 64.4233
    endloop
  endfacet
  facet normal 0.16445 0.105718 0.980704
    outer loop
      vertex 66.5039 52.0122 64.0972
      vertex 68.2757 48.6401 64.1636
      vertex 68.5559 48.8202 64.0972
    endloop
  endfacet
  facet normal 0.16445 0.105718 0.980704
    outer loop
      vertex 68.2757 48.6401 64.1636
      vertex 66.5039 52.0122 64.0972
      vertex 66.2237 51.8321 64.1636
    endloop
  endfacet
  facet normal 0.0549778 0.0353429 0.997862
    outer loop
      vertex 66.789 52.1955 64.075
      vertex 68.5559 48.8202 64.0972
      vertex 68.841 49.0035 64.075
    endloop
  endfacet
  facet normal 0.0549778 0.0353429 0.997862
    outer loop
      vertex 68.5559 48.8202 64.0972
      vertex 66.789 52.1955 64.075
      vertex 66.5039 52.0122 64.0972
    endloop
  endfacet
  facet normal -0.754612 -0.485084 -0.441875
    outer loop
      vertex 70.8587 50.3006 67.67
      vertex 68.6804 53.4114 67.975
      vertex 68.8068 53.4926 67.67
    endloop
  endfacet
  facet normal -0.754684 -0.485154 -0.441676
    outer loop
      vertex 68.6804 53.4114 67.975
      vertex 70.8587 50.3006 67.67
      vertex 70.7324 50.2194 67.975
    endloop
  endfacet
  facet normal -0.632774 -0.406783 0.658882
    outer loop
      vertex 68.5217 53.3094 65.0922
      vertex 70.3853 49.9963 64.8365
      vertex 70.5737 50.1174 65.0922
    endloop
  endfacet
  facet normal -0.632774 -0.406783 0.658882
    outer loop
      vertex 70.3853 49.9963 64.8365
      vertex 68.5217 53.3094 65.0922
      vertex 68.3333 53.1883 64.8365
    endloop
  endfacet
  facet normal -0.0549778 -0.0353429 0.997862
    outer loop
      vertex 67.0741 52.3788 64.0972
      vertex 68.841 49.0035 64.075
      vertex 69.1261 49.1868 64.0972
    endloop
  endfacet
  facet normal -0.0549778 -0.0353429 0.997862
    outer loop
      vertex 68.841 49.0035 64.075
      vertex 67.0741 52.3788 64.0972
      vertex 66.789 52.1955 64.075
    endloop
  endfacet
  facet normal 0.270698 0.17402 0.946805
    outer loop
      vertex 66.2237 51.8321 64.1636
      vertex 68.0052 48.4662 64.2729
      vertex 68.2757 48.6401 64.1636
    endloop
  endfacet
  facet normal 0.270698 0.17402 0.946805
    outer loop
      vertex 68.0052 48.4662 64.2729
      vertex 66.2237 51.8321 64.1636
      vertex 65.9532 51.6582 64.2729
    endloop
  endfacet
  facet normal -0.16445 -0.105718 0.980704
    outer loop
      vertex 67.3543 52.5589 64.1636
      vertex 69.1261 49.1868 64.0972
      vertex 69.4063 49.3669 64.1636
    endloop
  endfacet
  facet normal -0.16445 -0.105718 0.980704
    outer loop
      vertex 69.1261 49.1868 64.0972
      vertex 67.3543 52.5589 64.1636
      vertex 67.0741 52.3788 64.0972
    endloop
  endfacet
  facet normal -0.270698 -0.17402 -0.946805
    outer loop
      vertex 69.4063 49.3669 69.1864
      vertex 67.6248 52.7328 69.0771
      vertex 69.6768 49.5408 69.0771
    endloop
  endfacet
  facet normal -0.270698 -0.17402 -0.946805
    outer loop
      vertex 67.6248 52.7328 69.0771
      vertex 69.4063 49.3669 69.1864
      vertex 67.3543 52.5589 69.1864
    endloop
  endfacet
  facet normal 0.796657 0.512137 -0.32102
    outer loop
      vertex 66.8232 47.7064 67.67
      vertex 64.6794 50.8393 67.3479
      vertex 64.7712 50.8984 67.67
    endloop
  endfacet
  facet normal 0.796657 0.512137 -0.32102
    outer loop
      vertex 64.6794 50.8393 67.3479
      vertex 66.8232 47.7064 67.67
      vertex 66.7314 47.6473 67.3479
    endloop
  endfacet
  facet normal -0.270698 -0.17402 0.946805
    outer loop
      vertex 67.6248 52.7328 64.2729
      vertex 69.4063 49.3669 64.1636
      vertex 69.6768 49.5408 64.2729
    endloop
  endfacet
  facet normal -0.270698 -0.17402 0.946805
    outer loop
      vertex 69.4063 49.3669 64.1636
      vertex 67.6248 52.7328 64.2729
      vertex 67.3543 52.5589 64.1636
    endloop
  endfacet
  facet normal -0.839382 -0.539603 -0.0653261
    outer loop
      vertex 71.025 50.4075 66.675
      vertex 68.9543 53.5875 67.0144
      vertex 68.973 53.5995 66.675
    endloop
  endfacet
  facet normal -0.839382 -0.539603 -0.0653261
    outer loop
      vertex 68.9543 53.5875 67.0144
      vertex 71.025 50.4075 66.675
      vertex 71.0063 50.3955 67.0144
    endloop
  endfacet
  facet normal 0.825074 0.530405 -0.194738
    outer loop
      vertex 66.7314 47.6473 67.3479
      vertex 64.6237 50.8035 67.0144
      vertex 64.6794 50.8393 67.3479
    endloop
  endfacet
  facet normal 0.825074 0.530405 -0.194738
    outer loop
      vertex 64.6237 50.8035 67.0144
      vertex 66.7314 47.6473 67.3479
      vertex 66.6757 47.6115 67.0144
    endloop
  endfacet
  facet normal 0.270698 0.17402 -0.946805
    outer loop
      vertex 68.0052 48.4662 69.0771
      vertex 66.2237 51.8321 69.1864
      vertex 68.2757 48.6401 69.1864
    endloop
  endfacet
  facet normal 0.270698 0.17402 -0.946805
    outer loop
      vertex 66.2237 51.8321 69.1864
      vertex 68.0052 48.4662 69.0771
      vertex 65.9532 51.6582 69.0771
    endloop
  endfacet
  facet normal 0.699767 0.44985 0.554942
    outer loop
      vertex 64.8976 50.9796 65.375
      vertex 67.1083 47.8896 65.0922
      vertex 65.0563 51.0816 65.0922
    endloop
  endfacet
  facet normal 0.699767 0.44985 0.554942
    outer loop
      vertex 67.1083 47.8896 65.0922
      vertex 64.8976 50.9796 65.375
      vertex 66.9496 47.7876 65.375
    endloop
  endfacet
  facet normal 0.55498 0.356773 0.751472
    outer loop
      vertex 65.4595 51.3408 64.6123
      vertex 67.2967 48.0107 64.8365
      vertex 67.5115 48.1488 64.6123
    endloop
  endfacet
  facet normal 0.55498 0.356773 0.751472
    outer loop
      vertex 67.2967 48.0107 64.8365
      vertex 65.4595 51.3408 64.6123
      vertex 65.2447 51.2027 64.8365
    endloop
  endfacet
  facet normal -0.796657 -0.512137 -0.32102
    outer loop
      vertex 70.9506 50.3597 67.3479
      vertex 68.8068 53.4926 67.67
      vertex 68.8986 53.5517 67.3479
    endloop
  endfacet
  facet normal -0.796605 -0.512078 -0.321241
    outer loop
      vertex 68.8068 53.4926 67.67
      vertex 70.9506 50.3597 67.3479
      vertex 70.8587 50.3006 67.67
    endloop
  endfacet
  facet normal 0.372445 0.239429 -0.896637
    outer loop
      vertex 67.749 48.3015 68.9267
      vertex 65.9532 51.6582 69.0771
      vertex 68.0052 48.4662 69.0771
    endloop
  endfacet
  facet normal 0.372445 0.239429 -0.896637
    outer loop
      vertex 65.9532 51.6582 69.0771
      vertex 67.749 48.3015 68.9267
      vertex 65.697 51.4935 68.9267
    endloop
  endfacet
  facet normal -0.467911 -0.3008 0.831011
    outer loop
      vertex 68.1185 53.0502 64.6123
      vertex 69.933 49.7055 64.4233
      vertex 70.1705 49.8582 64.6123
    endloop
  endfacet
  facet normal -0.467911 -0.3008 0.831011
    outer loop
      vertex 69.933 49.7055 64.4233
      vertex 68.1185 53.0502 64.6123
      vertex 67.881 52.8975 64.4233
    endloop
  endfacet
  facet normal -0.55498 -0.356773 -0.751472
    outer loop
      vertex 70.1705 49.8582 68.7377
      vertex 68.3333 53.1883 68.5135
      vertex 70.3853 49.9963 68.5135
    endloop
  endfacet
  facet normal -0.55498 -0.356773 -0.751472
    outer loop
      vertex 68.3333 53.1883 68.5135
      vertex 70.1705 49.8582 68.7377
      vertex 68.1185 53.0502 68.7377
    endloop
  endfacet
  facet normal -0.372445 -0.239429 0.896637
    outer loop
      vertex 67.881 52.8975 64.4233
      vertex 69.6768 49.5408 64.2729
      vertex 69.933 49.7055 64.4233
    endloop
  endfacet
  facet normal -0.372445 -0.239429 0.896637
    outer loop
      vertex 69.6768 49.5408 64.2729
      vertex 67.881 52.8975 64.4233
      vertex 67.6248 52.7328 64.2729
    endloop
  endfacet
  facet normal -0.16445 -0.105718 -0.980704
    outer loop
      vertex 69.1261 49.1868 69.2528
      vertex 67.3543 52.5589 69.1864
      vertex 69.4063 49.3669 69.1864
    endloop
  endfacet
  facet normal -0.16445 -0.105718 -0.980704
    outer loop
      vertex 67.3543 52.5589 69.1864
      vertex 69.1261 49.1868 69.2528
      vertex 67.0741 52.3788 69.2528
    endloop
  endfacet
  facet normal 0.754602 0.485101 -0.441875
    outer loop
      vertex 66.9496 47.7876 67.975
      vertex 64.7712 50.8984 67.67
      vertex 64.8976 50.9796 67.975
    endloop
  endfacet
  facet normal 0.754602 0.485101 -0.441875
    outer loop
      vertex 64.7712 50.8984 67.67
      vertex 66.9496 47.7876 67.975
      vertex 66.8232 47.7064 67.67
    endloop
  endfacet
  facet normal -0.0549778 -0.0353429 -0.997862
    outer loop
      vertex 68.841 49.0035 69.275
      vertex 67.0741 52.3788 69.2528
      vertex 69.1261 49.1868 69.2528
    endloop
  endfacet
  facet normal -0.0549778 -0.0353429 -0.997862
    outer loop
      vertex 67.0741 52.3788 69.2528
      vertex 68.841 49.0035 69.275
      vertex 66.789 52.1955 69.275
    endloop
  endfacet
  facet normal -0.825074 -0.530405 -0.194738
    outer loop
      vertex 71.0063 50.3955 67.0144
      vertex 68.8986 53.5517 67.3479
      vertex 68.9543 53.5875 67.0144
    endloop
  endfacet
  facet normal -0.825074 -0.530405 -0.194738
    outer loop
      vertex 68.8986 53.5517 67.3479
      vertex 71.0063 50.3955 67.0144
      vertex 70.9506 50.3597 67.3479
    endloop
  endfacet
  facet normal -0.372445 -0.239429 -0.896637
    outer loop
      vertex 69.6768 49.5408 69.0771
      vertex 67.881 52.8975 68.9267
      vertex 69.933 49.7055 68.9267
    endloop
  endfacet
  facet normal -0.372445 -0.239429 -0.896637
    outer loop
      vertex 67.881 52.8975 68.9267
      vertex 69.6768 49.5408 69.0771
      vertex 67.6248 52.7328 69.0771
    endloop
  endfacet
  facet normal 0.754602 0.485101 0.441875
    outer loop
      vertex 64.7712 50.8984 65.68
      vertex 66.9496 47.7876 65.375
      vertex 64.8976 50.9796 65.375
    endloop
  endfacet
  facet normal 0.754602 0.485101 0.441875
    outer loop
      vertex 66.9496 47.7876 65.375
      vertex 64.7712 50.8984 65.68
      vertex 66.8232 47.7064 65.68
    endloop
  endfacet
  facet normal 0.796657 0.512137 0.32102
    outer loop
      vertex 64.6794 50.8393 66.0021
      vertex 66.8232 47.7064 65.68
      vertex 64.7712 50.8984 65.68
    endloop
  endfacet
  facet normal 0.796657 0.512137 0.32102
    outer loop
      vertex 66.8232 47.7064 65.68
      vertex 64.6794 50.8393 66.0021
      vertex 66.7314 47.6473 66.0021
    endloop
  endfacet
  facet normal 0.839382 0.539603 -0.0653261
    outer loop
      vertex 66.6757 47.6115 67.0144
      vertex 64.605 50.7915 66.675
      vertex 64.6237 50.8035 67.0144
    endloop
  endfacet
  facet normal 0.839382 0.539603 -0.0653261
    outer loop
      vertex 64.605 50.7915 66.675
      vertex 66.6757 47.6115 67.0144
      vertex 66.657 47.5995 66.675
    endloop
  endfacet
  facet normal 0.0549778 0.0353429 -0.997862
    outer loop
      vertex 68.5559 48.8202 69.2528
      vertex 66.789 52.1955 69.275
      vertex 68.841 49.0035 69.275
    endloop
  endfacet
  facet normal 0.0549778 0.0353429 -0.997862
    outer loop
      vertex 66.789 52.1955 69.275
      vertex 68.5559 48.8202 69.2528
      vertex 66.5039 52.0122 69.2528
    endloop
  endfacet
  facet normal 0.825074 0.530405 0.194738
    outer loop
      vertex 64.6237 50.8035 66.3356
      vertex 66.7314 47.6473 66.0021
      vertex 64.6794 50.8393 66.0021
    endloop
  endfacet
  facet normal 0.825074 0.530405 0.194738
    outer loop
      vertex 66.7314 47.6473 66.0021
      vertex 64.6237 50.8035 66.3356
      vertex 66.6757 47.6115 66.3356
    endloop
  endfacet
  facet normal 0.16445 0.105718 -0.980704
    outer loop
      vertex 68.2757 48.6401 69.1864
      vertex 66.5039 52.0122 69.2528
      vertex 68.5559 48.8202 69.2528
    endloop
  endfacet
  facet normal 0.16445 0.105718 -0.980704
    outer loop
      vertex 66.5039 52.0122 69.2528
      vertex 68.2757 48.6401 69.1864
      vertex 66.2237 51.8321 69.1864
    endloop
  endfacet
  facet normal 0.467911 0.3008 0.831011
    outer loop
      vertex 65.697 51.4935 64.4233
      vertex 67.5115 48.1488 64.6123
      vertex 67.749 48.3015 64.4233
    endloop
  endfacet
  facet normal 0.467911 0.3008 0.831011
    outer loop
      vertex 67.5115 48.1488 64.6123
      vertex 65.697 51.4935 64.4233
      vertex 65.4595 51.3408 64.6123
    endloop
  endfacet
  facet normal -0.467911 -0.3008 -0.831011
    outer loop
      vertex 69.933 49.7055 68.9267
      vertex 68.1185 53.0502 68.7377
      vertex 70.1705 49.8582 68.7377
    endloop
  endfacet
  facet normal -0.467911 -0.3008 -0.831011
    outer loop
      vertex 68.1185 53.0502 68.7377
      vertex 69.933 49.7055 68.9267
      vertex 67.881 52.8975 68.9267
    endloop
  endfacet
  facet normal 0.839382 0.539603 0.0653261
    outer loop
      vertex 64.605 50.7915 66.675
      vertex 66.6757 47.6115 66.3356
      vertex 64.6237 50.8035 66.3356
    endloop
  endfacet
  facet normal 0.839382 0.539603 0.0653261
    outer loop
      vertex 66.6757 47.6115 66.3356
      vertex 64.605 50.7915 66.675
      vertex 66.657 47.5995 66.675
    endloop
  endfacet
  facet normal 0.632774 0.406783 0.658882
    outer loop
      vertex 65.2447 51.2027 64.8365
      vertex 67.1083 47.8896 65.0922
      vertex 67.2967 48.0107 64.8365
    endloop
  endfacet
  facet normal 0.632774 0.406783 0.658882
    outer loop
      vertex 67.1083 47.8896 65.0922
      vertex 65.2447 51.2027 64.8365
      vertex 65.0563 51.0816 65.0922
    endloop
  endfacet
  facet normal 0.632774 0.406783 -0.658882
    outer loop
      vertex 67.1083 47.8896 68.2578
      vertex 65.2447 51.2027 68.5135
      vertex 67.2967 48.0107 68.5135
    endloop
  endfacet
  facet normal 0.632774 0.406783 -0.658882
    outer loop
      vertex 65.2447 51.2027 68.5135
      vertex 67.1083 47.8896 68.2578
      vertex 65.0563 51.0816 68.2578
    endloop
  endfacet
  facet normal 0.467911 0.3008 -0.831011
    outer loop
      vertex 67.5115 48.1488 68.7377
      vertex 65.697 51.4935 68.9267
      vertex 67.749 48.3015 68.9267
    endloop
  endfacet
  facet normal 0.467911 0.3008 -0.831011
    outer loop
      vertex 65.697 51.4935 68.9267
      vertex 67.5115 48.1488 68.7377
      vertex 65.4595 51.3408 68.7377
    endloop
  endfacet
  facet normal -0.825074 -0.530405 -0.194738
    outer loop
      vertex 92.3423 64.1115 22.5644
      vertex 90.2346 67.2677 22.8979
      vertex 90.2903 67.3035 22.5644
    endloop
  endfacet
  facet normal -0.825074 -0.530405 -0.194738
    outer loop
      vertex 90.2346 67.2677 22.8979
      vertex 92.3423 64.1115 22.5644
      vertex 92.2866 64.0757 22.8979
    endloop
  endfacet
  facet normal -0.0549778 -0.0353429 -0.997862
    outer loop
      vertex 90.177 62.7195 24.825
      vertex 88.4101 66.0948 24.8028
      vertex 90.4621 62.9028 24.8028
    endloop
  endfacet
  facet normal -0.0549778 -0.0353429 -0.997862
    outer loop
      vertex 88.4101 66.0948 24.8028
      vertex 90.177 62.7195 24.825
      vertex 88.125 65.9115 24.825
    endloop
  endfacet
  facet normal -0.825074 -0.530405 0.194738
    outer loop
      vertex 90.2346 67.2677 21.5521
      vertex 92.3423 64.1115 21.8856
      vertex 90.2903 67.3035 21.8856
    endloop
  endfacet
  facet normal -0.825074 -0.530405 0.194738
    outer loop
      vertex 92.3423 64.1115 21.8856
      vertex 90.2346 67.2677 21.5521
      vertex 92.2866 64.0757 21.5521
    endloop
  endfacet
  facet normal -0.839382 -0.539603 0.0653261
    outer loop
      vertex 90.2903 67.3035 21.8856
      vertex 92.361 64.1235 22.225
      vertex 90.309 67.3155 22.225
    endloop
  endfacet
  facet normal -0.839382 -0.539603 0.0653261
    outer loop
      vertex 92.361 64.1235 22.225
      vertex 90.2903 67.3035 21.8856
      vertex 92.3423 64.1115 21.8856
    endloop
  endfacet
  facet normal 0.796657 0.512137 -0.32102
    outer loop
      vertex 88.1592 61.4224 23.22
      vertex 86.0154 64.5553 22.8979
      vertex 86.1072 64.6144 23.22
    endloop
  endfacet
  facet normal 0.796657 0.512137 -0.32102
    outer loop
      vertex 86.0154 64.5553 22.8979
      vertex 88.1592 61.4224 23.22
      vertex 88.0674 61.3633 22.8979
    endloop
  endfacet
  facet normal -0.372445 -0.239429 0.896637
    outer loop
      vertex 89.217 66.6135 19.9733
      vertex 91.0128 63.2568 19.8229
      vertex 91.269 63.4215 19.9733
    endloop
  endfacet
  facet normal -0.372445 -0.239429 0.896637
    outer loop
      vertex 91.0128 63.2568 19.8229
      vertex 89.217 66.6135 19.9733
      vertex 88.9608 66.4488 19.8229
    endloop
  endfacet
  facet normal -0.270698 -0.17402 0.946805
    outer loop
      vertex 88.9608 66.4488 19.8229
      vertex 90.7423 63.0829 19.7136
      vertex 91.0128 63.2568 19.8229
    endloop
  endfacet
  facet normal -0.270698 -0.17402 0.946805
    outer loop
      vertex 90.7423 63.0829 19.7136
      vertex 88.9608 66.4488 19.8229
      vertex 88.6903 66.2749 19.7136
    endloop
  endfacet
  facet normal 0.467911 0.3008 0.831011
    outer loop
      vertex 87.033 65.2095 19.9733
      vertex 88.8475 61.8648 20.1623
      vertex 89.085 62.0175 19.9733
    endloop
  endfacet
  facet normal 0.467911 0.3008 0.831011
    outer loop
      vertex 88.8475 61.8648 20.1623
      vertex 87.033 65.2095 19.9733
      vertex 86.7955 65.0568 20.1623
    endloop
  endfacet
  facet normal 0.270698 0.17402 0.946805
    outer loop
      vertex 87.5597 65.5481 19.7136
      vertex 89.3412 62.1822 19.8229
      vertex 89.6117 62.3561 19.7136
    endloop
  endfacet
  facet normal 0.270698 0.17402 0.946805
    outer loop
      vertex 89.3412 62.1822 19.8229
      vertex 87.5597 65.5481 19.7136
      vertex 87.2892 65.3742 19.8229
    endloop
  endfacet
  facet normal -0.0549778 -0.0353429 0.997862
    outer loop
      vertex 88.4101 66.0948 19.6472
      vertex 90.177 62.7195 19.625
      vertex 90.4621 62.9028 19.6472
    endloop
  endfacet
  facet normal -0.0549778 -0.0353429 0.997862
    outer loop
      vertex 90.177 62.7195 19.625
      vertex 88.4101 66.0948 19.6472
      vertex 88.125 65.9115 19.625
    endloop
  endfacet
  facet normal -0.632774 -0.406783 0.658882
    outer loop
      vertex 89.8577 67.0254 20.6422
      vertex 91.7213 63.7123 20.3865
      vertex 91.9097 63.8334 20.6422
    endloop
  endfacet
  facet normal -0.632774 -0.406783 0.658882
    outer loop
      vertex 91.7213 63.7123 20.3865
      vertex 89.8577 67.0254 20.6422
      vertex 89.6693 66.9043 20.3865
    endloop
  endfacet
  facet normal -0.270698 -0.17402 -0.946805
    outer loop
      vertex 90.7423 63.0829 24.7364
      vertex 88.9608 66.4488 24.6271
      vertex 91.0128 63.2568 24.6271
    endloop
  endfacet
  facet normal -0.270698 -0.17402 -0.946805
    outer loop
      vertex 88.9608 66.4488 24.6271
      vertex 90.7423 63.0829 24.7364
      vertex 88.6903 66.2749 24.7364
    endloop
  endfacet
  facet normal -0.467911 -0.3008 -0.831011
    outer loop
      vertex 91.269 63.4215 24.4767
      vertex 89.4545 66.7662 24.2877
      vertex 91.5065 63.5742 24.2877
    endloop
  endfacet
  facet normal -0.467911 -0.3008 -0.831011
    outer loop
      vertex 89.4545 66.7662 24.2877
      vertex 91.269 63.4215 24.4767
      vertex 89.217 66.6135 24.4767
    endloop
  endfacet
  facet normal -0.754602 -0.485101 -0.441875
    outer loop
      vertex 92.1948 64.0166 23.22
      vertex 90.0164 67.1274 23.525
      vertex 90.1428 67.2086 23.22
    endloop
  endfacet
  facet normal -0.754602 -0.485101 -0.441875
    outer loop
      vertex 90.0164 67.1274 23.525
      vertex 92.1948 64.0166 23.22
      vertex 92.0684 63.9354 23.525
    endloop
  endfacet
  facet normal -0.796657 -0.512137 -0.32102
    outer loop
      vertex 92.2866 64.0757 22.8979
      vertex 90.1428 67.2086 23.22
      vertex 90.2346 67.2677 22.8979
    endloop
  endfacet
  facet normal -0.796657 -0.512137 -0.32102
    outer loop
      vertex 90.1428 67.2086 23.22
      vertex 92.2866 64.0757 22.8979
      vertex 92.1948 64.0166 23.22
    endloop
  endfacet
  facet normal 0.632774 0.406783 0.658882
    outer loop
      vertex 86.5807 64.9187 20.3865
      vertex 88.4443 61.6056 20.6422
      vertex 88.6327 61.7267 20.3865
    endloop
  endfacet
  facet normal 0.632774 0.406783 0.658882
    outer loop
      vertex 88.4443 61.6056 20.6422
      vertex 86.5807 64.9187 20.3865
      vertex 86.3923 64.7976 20.6422
    endloop
  endfacet
  facet normal 0.699767 0.44985 0.554942
    outer loop
      vertex 86.2336 64.6956 20.925
      vertex 88.4443 61.6056 20.6422
      vertex 86.3923 64.7976 20.6422
    endloop
  endfacet
  facet normal 0.699767 0.44985 0.554942
    outer loop
      vertex 88.4443 61.6056 20.6422
      vertex 86.2336 64.6956 20.925
      vertex 88.2856 61.5036 20.925
    endloop
  endfacet
  facet normal 0.16445 0.105718 0.980704
    outer loop
      vertex 87.8399 65.7282 19.6472
      vertex 89.6117 62.3561 19.7136
      vertex 89.8919 62.5362 19.6472
    endloop
  endfacet
  facet normal 0.16445 0.105718 0.980704
    outer loop
      vertex 89.6117 62.3561 19.7136
      vertex 87.8399 65.7282 19.6472
      vertex 87.5597 65.5481 19.7136
    endloop
  endfacet
  facet normal 0.825074 0.530405 0.194738
    outer loop
      vertex 85.9597 64.5195 21.8856
      vertex 88.0674 61.3633 21.5521
      vertex 86.0154 64.5553 21.5521
    endloop
  endfacet
  facet normal 0.825074 0.530405 0.194738
    outer loop
      vertex 88.0674 61.3633 21.5521
      vertex 85.9597 64.5195 21.8856
      vertex 88.0117 61.3275 21.8856
    endloop
  endfacet
  facet normal -0.699767 -0.44985 0.554942
    outer loop
      vertex 89.8577 67.0254 20.6422
      vertex 92.0684 63.9354 20.925
      vertex 90.0164 67.1274 20.925
    endloop
  endfacet
  facet normal -0.699767 -0.44985 0.554942
    outer loop
      vertex 92.0684 63.9354 20.925
      vertex 89.8577 67.0254 20.6422
      vertex 91.9097 63.8334 20.6422
    endloop
  endfacet
  facet normal 0.839382 0.539603 -0.0653261
    outer loop
      vertex 88.0117 61.3275 22.5644
      vertex 85.941 64.5075 22.225
      vertex 85.9597 64.5195 22.5644
    endloop
  endfacet
  facet normal 0.839382 0.539603 -0.0653261
    outer loop
      vertex 85.941 64.5075 22.225
      vertex 88.0117 61.3275 22.5644
      vertex 87.993 61.3155 22.225
    endloop
  endfacet
  facet normal 0.839382 0.539603 0.0653261
    outer loop
      vertex 85.941 64.5075 22.225
      vertex 88.0117 61.3275 21.8856
      vertex 85.9597 64.5195 21.8856
    endloop
  endfacet
  facet normal 0.839382 0.539603 0.0653261
    outer loop
      vertex 88.0117 61.3275 21.8856
      vertex 85.941 64.5075 22.225
      vertex 87.993 61.3155 22.225
    endloop
  endfacet
  facet normal 0.55498 0.356773 -0.751472
    outer loop
      vertex 88.6327 61.7267 24.0635
      vertex 86.7955 65.0568 24.2877
      vertex 88.8475 61.8648 24.2877
    endloop
  endfacet
  facet normal 0.55498 0.356773 -0.751472
    outer loop
      vertex 86.7955 65.0568 24.2877
      vertex 88.6327 61.7267 24.0635
      vertex 86.5807 64.9187 24.0635
    endloop
  endfacet
  facet normal -0.16445 -0.105718 -0.980704
    outer loop
      vertex 90.4621 62.9028 24.8028
      vertex 88.6903 66.2749 24.7364
      vertex 90.7423 63.0829 24.7364
    endloop
  endfacet
  facet normal -0.16445 -0.105718 -0.980704
    outer loop
      vertex 88.6903 66.2749 24.7364
      vertex 90.4621 62.9028 24.8028
      vertex 88.4101 66.0948 24.8028
    endloop
  endfacet
  facet normal -0.467911 -0.3008 0.831011
    outer loop
      vertex 89.4545 66.7662 20.1623
      vertex 91.269 63.4215 19.9733
      vertex 91.5065 63.5742 20.1623
    endloop
  endfacet
  facet normal -0.467911 -0.3008 0.831011
    outer loop
      vertex 91.269 63.4215 19.9733
      vertex 89.4545 66.7662 20.1623
      vertex 89.217 66.6135 19.9733
    endloop
  endfacet
  facet normal -0.839382 -0.539603 -0.0653261
    outer loop
      vertex 92.361 64.1235 22.225
      vertex 90.2903 67.3035 22.5644
      vertex 90.309 67.3155 22.225
    endloop
  endfacet
  facet normal -0.839382 -0.539603 -0.0653261
    outer loop
      vertex 90.2903 67.3035 22.5644
      vertex 92.361 64.1235 22.225
      vertex 92.3423 64.1115 22.5644
    endloop
  endfacet
  facet normal -0.699767 -0.44985 -0.554942
    outer loop
      vertex 92.0684 63.9354 23.525
      vertex 89.8577 67.0254 23.8078
      vertex 90.0164 67.1274 23.525
    endloop
  endfacet
  facet normal -0.699767 -0.44985 -0.554942
    outer loop
      vertex 89.8577 67.0254 23.8078
      vertex 92.0684 63.9354 23.525
      vertex 91.9097 63.8334 23.8078
    endloop
  endfacet
  facet normal 0.372445 0.239429 0.896637
    outer loop
      vertex 87.2892 65.3742 19.8229
      vertex 89.085 62.0175 19.9733
      vertex 89.3412 62.1822 19.8229
    endloop
  endfacet
  facet normal 0.372445 0.239429 0.896637
    outer loop
      vertex 89.085 62.0175 19.9733
      vertex 87.2892 65.3742 19.8229
      vertex 87.033 65.2095 19.9733
    endloop
  endfacet
  facet normal 0.0549778 0.0353429 0.997862
    outer loop
      vertex 88.125 65.9115 19.625
      vertex 89.8919 62.5362 19.6472
      vertex 90.177 62.7195 19.625
    endloop
  endfacet
  facet normal 0.0549778 0.0353429 0.997862
    outer loop
      vertex 89.8919 62.5362 19.6472
      vertex 88.125 65.9115 19.625
      vertex 87.8399 65.7282 19.6472
    endloop
  endfacet
  facet normal 0.754602 0.485101 -0.441875
    outer loop
      vertex 88.2856 61.5036 23.525
      vertex 86.1072 64.6144 23.22
      vertex 86.2336 64.6956 23.525
    endloop
  endfacet
  facet normal 0.754602 0.485101 -0.441875
    outer loop
      vertex 86.1072 64.6144 23.22
      vertex 88.2856 61.5036 23.525
      vertex 88.1592 61.4224 23.22
    endloop
  endfacet
  facet normal -0.55498 -0.356773 0.751472
    outer loop
      vertex 89.6693 66.9043 20.3865
      vertex 91.5065 63.5742 20.1623
      vertex 91.7213 63.7123 20.3865
    endloop
  endfacet
  facet normal -0.55498 -0.356773 0.751472
    outer loop
      vertex 91.5065 63.5742 20.1623
      vertex 89.6693 66.9043 20.3865
      vertex 89.4545 66.7662 20.1623
    endloop
  endfacet
  facet normal 0.754602 0.485101 0.441875
    outer loop
      vertex 86.1072 64.6144 21.23
      vertex 88.2856 61.5036 20.925
      vertex 86.2336 64.6956 20.925
    endloop
  endfacet
  facet normal 0.754602 0.485101 0.441875
    outer loop
      vertex 88.2856 61.5036 20.925
      vertex 86.1072 64.6144 21.23
      vertex 88.1592 61.4224 21.23
    endloop
  endfacet
  facet normal -0.632774 -0.406783 -0.658882
    outer loop
      vertex 91.7213 63.7123 24.0635
      vertex 89.8577 67.0254 23.8078
      vertex 91.9097 63.8334 23.8078
    endloop
  endfacet
  facet normal -0.632774 -0.406783 -0.658882
    outer loop
      vertex 89.8577 67.0254 23.8078
      vertex 91.7213 63.7123 24.0635
      vertex 89.6693 66.9043 24.0635
    endloop
  endfacet
  facet normal -0.372445 -0.239429 -0.896637
    outer loop
      vertex 91.0128 63.2568 24.6271
      vertex 89.217 66.6135 24.4767
      vertex 91.269 63.4215 24.4767
    endloop
  endfacet
  facet normal -0.372445 -0.239429 -0.896637
    outer loop
      vertex 89.217 66.6135 24.4767
      vertex 91.0128 63.2568 24.6271
      vertex 88.9608 66.4488 24.6271
    endloop
  endfacet
  facet normal -0.754602 -0.485101 0.441875
    outer loop
      vertex 90.0164 67.1274 20.925
      vertex 92.1948 64.0166 21.23
      vertex 90.1428 67.2086 21.23
    endloop
  endfacet
  facet normal -0.754602 -0.485101 0.441875
    outer loop
      vertex 92.1948 64.0166 21.23
      vertex 90.0164 67.1274 20.925
      vertex 92.0684 63.9354 20.925
    endloop
  endfacet
  facet normal 0.270698 0.17402 -0.946805
    outer loop
      vertex 89.3412 62.1822 24.6271
      vertex 87.5597 65.5481 24.7364
      vertex 89.6117 62.3561 24.7364
    endloop
  endfacet
  facet normal 0.270698 0.17402 -0.946805
    outer loop
      vertex 87.5597 65.5481 24.7364
      vertex 89.3412 62.1822 24.6271
      vertex 87.2892 65.3742 24.6271
    endloop
  endfacet
  facet normal -0.16445 -0.105718 0.980704
    outer loop
      vertex 88.6903 66.2749 19.7136
      vertex 90.4621 62.9028 19.6472
      vertex 90.7423 63.0829 19.7136
    endloop
  endfacet
  facet normal -0.16445 -0.105718 0.980704
    outer loop
      vertex 90.4621 62.9028 19.6472
      vertex 88.6903 66.2749 19.7136
      vertex 88.4101 66.0948 19.6472
    endloop
  endfacet
  facet normal -0.796657 -0.512137 0.32102
    outer loop
      vertex 90.1428 67.2086 21.23
      vertex 92.2866 64.0757 21.5521
      vertex 90.2346 67.2677 21.5521
    endloop
  endfacet
  facet normal -0.796657 -0.512137 0.32102
    outer loop
      vertex 92.2866 64.0757 21.5521
      vertex 90.1428 67.2086 21.23
      vertex 92.1948 64.0166 21.23
    endloop
  endfacet
  facet normal 0.55498 0.356773 0.751472
    outer loop
      vertex 86.7955 65.0568 20.1623
      vertex 88.6327 61.7267 20.3865
      vertex 88.8475 61.8648 20.1623
    endloop
  endfacet
  facet normal 0.55498 0.356773 0.751472
    outer loop
      vertex 88.6327 61.7267 20.3865
      vertex 86.7955 65.0568 20.1623
      vertex 86.5807 64.9187 20.3865
    endloop
  endfacet
  facet normal 0.699767 0.44985 -0.554942
    outer loop
      vertex 88.4443 61.6056 23.8078
      vertex 86.2336 64.6956 23.525
      vertex 86.3923 64.7976 23.8078
    endloop
  endfacet
  facet normal 0.699767 0.44985 -0.554942
    outer loop
      vertex 86.2336 64.6956 23.525
      vertex 88.4443 61.6056 23.8078
      vertex 88.2856 61.5036 23.525
    endloop
  endfacet
  facet normal 0.16445 0.105718 -0.980704
    outer loop
      vertex 89.6117 62.3561 24.7364
      vertex 87.8399 65.7282 24.8028
      vertex 89.8919 62.5362 24.8028
    endloop
  endfacet
  facet normal 0.16445 0.105718 -0.980704
    outer loop
      vertex 87.8399 65.7282 24.8028
      vertex 89.6117 62.3561 24.7364
      vertex 87.5597 65.5481 24.7364
    endloop
  endfacet
  facet normal 0.825074 0.530405 -0.194738
    outer loop
      vertex 88.0674 61.3633 22.8979
      vertex 85.9597 64.5195 22.5644
      vertex 86.0154 64.5553 22.8979
    endloop
  endfacet
  facet normal 0.825074 0.530405 -0.194738
    outer loop
      vertex 85.9597 64.5195 22.5644
      vertex 88.0674 61.3633 22.8979
      vertex 88.0117 61.3275 22.5644
    endloop
  endfacet
  facet normal 0.0549778 0.0353429 -0.997862
    outer loop
      vertex 89.8919 62.5362 24.8028
      vertex 88.125 65.9115 24.825
      vertex 90.177 62.7195 24.825
    endloop
  endfacet
  facet normal 0.0549778 0.0353429 -0.997862
    outer loop
      vertex 88.125 65.9115 24.825
      vertex 89.8919 62.5362 24.8028
      vertex 87.8399 65.7282 24.8028
    endloop
  endfacet
  facet normal -0.55498 -0.356773 -0.751472
    outer loop
      vertex 91.5065 63.5742 24.2877
      vertex 89.6693 66.9043 24.0635
      vertex 91.7213 63.7123 24.0635
    endloop
  endfacet
  facet normal -0.55498 -0.356773 -0.751472
    outer loop
      vertex 89.6693 66.9043 24.0635
      vertex 91.5065 63.5742 24.2877
      vertex 89.4545 66.7662 24.2877
    endloop
  endfacet
  facet normal 0.372445 0.239429 -0.896637
    outer loop
      vertex 89.085 62.0175 24.4767
      vertex 87.2892 65.3742 24.6271
      vertex 89.3412 62.1822 24.6271
    endloop
  endfacet
  facet normal 0.372445 0.239429 -0.896637
    outer loop
      vertex 87.2892 65.3742 24.6271
      vertex 89.085 62.0175 24.4767
      vertex 87.033 65.2095 24.4767
    endloop
  endfacet
  facet normal 0.632774 0.406783 -0.658882
    outer loop
      vertex 88.4443 61.6056 23.8078
      vertex 86.5807 64.9187 24.0635
      vertex 88.6327 61.7267 24.0635
    endloop
  endfacet
  facet normal 0.632774 0.406783 -0.658882
    outer loop
      vertex 86.5807 64.9187 24.0635
      vertex 88.4443 61.6056 23.8078
      vertex 86.3923 64.7976 23.8078
    endloop
  endfacet
  facet normal 0.796657 0.512137 0.32102
    outer loop
      vertex 86.0154 64.5553 21.5521
      vertex 88.1592 61.4224 21.23
      vertex 86.1072 64.6144 21.23
    endloop
  endfacet
  facet normal 0.796657 0.512137 0.32102
    outer loop
      vertex 88.1592 61.4224 21.23
      vertex 86.0154 64.5553 21.5521
      vertex 88.0674 61.3633 21.5521
    endloop
  endfacet
  facet normal 0.467911 0.3008 -0.831011
    outer loop
      vertex 88.8475 61.8648 24.2877
      vertex 87.033 65.2095 24.4767
      vertex 89.085 62.0175 24.4767
    endloop
  endfacet
  facet normal 0.467911 0.3008 -0.831011
    outer loop
      vertex 87.033 65.2095 24.4767
      vertex 88.8475 61.8648 24.2877
      vertex 86.7955 65.0568 24.2877
    endloop
  endfacet
  facet normal -0.839382 -0.539603 0.0653261
    outer loop
      vertex 90.2903 67.3035 66.3356
      vertex 92.361 64.1235 66.675
      vertex 90.309 67.3155 66.675
    endloop
  endfacet
  facet normal -0.839382 -0.539603 0.0653261
    outer loop
      vertex 92.361 64.1235 66.675
      vertex 90.2903 67.3035 66.3356
      vertex 92.3423 64.1115 66.3356
    endloop
  endfacet
  facet normal -0.372445 -0.239429 -0.896637
    outer loop
      vertex 91.0128 63.2568 69.0771
      vertex 89.217 66.6135 68.9267
      vertex 91.269 63.4215 68.9267
    endloop
  endfacet
  facet normal -0.372445 -0.239429 -0.896637
    outer loop
      vertex 89.217 66.6135 68.9267
      vertex 91.0128 63.2568 69.0771
      vertex 88.9608 66.4488 69.0771
    endloop
  endfacet
  facet normal -0.796657 -0.512137 0.32102
    outer loop
      vertex 90.1428 67.2086 65.68
      vertex 92.2866 64.0757 66.0021
      vertex 90.2346 67.2677 66.0021
    endloop
  endfacet
  facet normal -0.796657 -0.512137 0.32102
    outer loop
      vertex 92.2866 64.0757 66.0021
      vertex 90.1428 67.2086 65.68
      vertex 92.1948 64.0166 65.68
    endloop
  endfacet
  facet normal 0.754602 0.485101 -0.441875
    outer loop
      vertex 88.2856 61.5036 67.975
      vertex 86.1072 64.6144 67.67
      vertex 86.2336 64.6956 67.975
    endloop
  endfacet
  facet normal 0.754602 0.485101 -0.441875
    outer loop
      vertex 86.1072 64.6144 67.67
      vertex 88.2856 61.5036 67.975
      vertex 88.1592 61.4224 67.67
    endloop
  endfacet
  facet normal -0.632774 -0.406783 -0.658882
    outer loop
      vertex 91.7213 63.7123 68.5135
      vertex 89.8577 67.0254 68.2578
      vertex 91.9097 63.8334 68.2578
    endloop
  endfacet
  facet normal -0.632774 -0.406783 -0.658882
    outer loop
      vertex 89.8577 67.0254 68.2578
      vertex 91.7213 63.7123 68.5135
      vertex 89.6693 66.9043 68.5135
    endloop
  endfacet
  facet normal 0.16445 0.105718 0.980704
    outer loop
      vertex 87.8399 65.7282 64.0972
      vertex 89.6117 62.3561 64.1636
      vertex 89.8919 62.5362 64.0972
    endloop
  endfacet
  facet normal 0.16445 0.105718 0.980704
    outer loop
      vertex 89.6117 62.3561 64.1636
      vertex 87.8399 65.7282 64.0972
      vertex 87.5597 65.5481 64.1636
    endloop
  endfacet
  facet normal -0.372445 -0.239429 0.896637
    outer loop
      vertex 89.217 66.6135 64.4233
      vertex 91.0128 63.2568 64.2729
      vertex 91.269 63.4215 64.4233
    endloop
  endfacet
  facet normal -0.372445 -0.239429 0.896637
    outer loop
      vertex 91.0128 63.2568 64.2729
      vertex 89.217 66.6135 64.4233
      vertex 88.9608 66.4488 64.2729
    endloop
  endfacet
  facet normal -0.754602 -0.485101 0.441875
    outer loop
      vertex 90.0164 67.1274 65.375
      vertex 92.1948 64.0166 65.68
      vertex 90.1428 67.2086 65.68
    endloop
  endfacet
  facet normal -0.754602 -0.485101 0.441875
    outer loop
      vertex 92.1948 64.0166 65.68
      vertex 90.0164 67.1274 65.375
      vertex 92.0684 63.9354 65.375
    endloop
  endfacet
  facet normal -0.270698 -0.17402 -0.946805
    outer loop
      vertex 90.7423 63.0829 69.1864
      vertex 88.9608 66.4488 69.0771
      vertex 91.0128 63.2568 69.0771
    endloop
  endfacet
  facet normal -0.270698 -0.17402 -0.946805
    outer loop
      vertex 88.9608 66.4488 69.0771
      vertex 90.7423 63.0829 69.1864
      vertex 88.6903 66.2749 69.1864
    endloop
  endfacet
  facet normal -0.796657 -0.512137 -0.32102
    outer loop
      vertex 92.2866 64.0757 67.3479
      vertex 90.1428 67.2086 67.67
      vertex 90.2346 67.2677 67.3479
    endloop
  endfacet
  facet normal -0.796657 -0.512137 -0.32102
    outer loop
      vertex 90.1428 67.2086 67.67
      vertex 92.2866 64.0757 67.3479
      vertex 92.1948 64.0166 67.67
    endloop
  endfacet
  facet normal -0.825074 -0.530405 0.194738
    outer loop
      vertex 90.2346 67.2677 66.0021
      vertex 92.3423 64.1115 66.3356
      vertex 90.2903 67.3035 66.3356
    endloop
  endfacet
  facet normal -0.825074 -0.530405 0.194738
    outer loop
      vertex 92.3423 64.1115 66.3356
      vertex 90.2346 67.2677 66.0021
      vertex 92.2866 64.0757 66.0021
    endloop
  endfacet
  facet normal 0.796657 0.512137 0.32102
    outer loop
      vertex 86.0154 64.5553 66.0021
      vertex 88.1592 61.4224 65.68
      vertex 86.1072 64.6144 65.68
    endloop
  endfacet
  facet normal 0.796657 0.512137 0.32102
    outer loop
      vertex 88.1592 61.4224 65.68
      vertex 86.0154 64.5553 66.0021
      vertex 88.0674 61.3633 66.0021
    endloop
  endfacet
  facet normal 0.372445 0.239429 0.896637
    outer loop
      vertex 87.2892 65.3742 64.2729
      vertex 89.085 62.0175 64.4233
      vertex 89.3412 62.1822 64.2729
    endloop
  endfacet
  facet normal 0.372445 0.239429 0.896637
    outer loop
      vertex 89.085 62.0175 64.4233
      vertex 87.2892 65.3742 64.2729
      vertex 87.033 65.2095 64.4233
    endloop
  endfacet
  facet normal -0.16445 -0.105718 -0.980704
    outer loop
      vertex 90.4621 62.9028 69.2528
      vertex 88.6903 66.2749 69.1864
      vertex 90.7423 63.0829 69.1864
    endloop
  endfacet
  facet normal -0.16445 -0.105718 -0.980704
    outer loop
      vertex 88.6903 66.2749 69.1864
      vertex 90.4621 62.9028 69.2528
      vertex 88.4101 66.0948 69.2528
    endloop
  endfacet
  facet normal 0.796657 0.512137 -0.32102
    outer loop
      vertex 88.1592 61.4224 67.67
      vertex 86.0154 64.5553 67.3479
      vertex 86.1072 64.6144 67.67
    endloop
  endfacet
  facet normal 0.796657 0.512137 -0.32102
    outer loop
      vertex 86.0154 64.5553 67.3479
      vertex 88.1592 61.4224 67.67
      vertex 88.0674 61.3633 67.3479
    endloop
  endfacet
  facet normal 0.825074 0.530405 -0.194738
    outer loop
      vertex 88.0674 61.3633 67.3479
      vertex 85.9597 64.5195 67.0144
      vertex 86.0154 64.5553 67.3479
    endloop
  endfacet
  facet normal 0.825074 0.530405 -0.194738
    outer loop
      vertex 85.9597 64.5195 67.0144
      vertex 88.0674 61.3633 67.3479
      vertex 88.0117 61.3275 67.0144
    endloop
  endfacet
  facet normal -0.16445 -0.105718 0.980704
    outer loop
      vertex 88.6903 66.2749 64.1636
      vertex 90.4621 62.9028 64.0972
      vertex 90.7423 63.0829 64.1636
    endloop
  endfacet
  facet normal -0.16445 -0.105718 0.980704
    outer loop
      vertex 90.4621 62.9028 64.0972
      vertex 88.6903 66.2749 64.1636
      vertex 88.4101 66.0948 64.0972
    endloop
  endfacet
  facet normal -0.839382 -0.539603 -0.0653261
    outer loop
      vertex 92.361 64.1235 66.675
      vertex 90.2903 67.3035 67.0144
      vertex 90.309 67.3155 66.675
    endloop
  endfacet
  facet normal -0.839382 -0.539603 -0.0653261
    outer loop
      vertex 90.2903 67.3035 67.0144
      vertex 92.361 64.1235 66.675
      vertex 92.3423 64.1115 67.0144
    endloop
  endfacet
  facet normal 0.839382 0.539603 0.0653261
    outer loop
      vertex 85.941 64.5075 66.675
      vertex 88.0117 61.3275 66.3356
      vertex 85.9597 64.5195 66.3356
    endloop
  endfacet
  facet normal 0.839382 0.539603 0.0653261
    outer loop
      vertex 88.0117 61.3275 66.3356
      vertex 85.941 64.5075 66.675
      vertex 87.993 61.3155 66.675
    endloop
  endfacet
  facet normal 0.0549778 0.0353429 -0.997862
    outer loop
      vertex 89.8919 62.5362 69.2528
      vertex 88.125 65.9115 69.275
      vertex 90.177 62.7195 69.275
    endloop
  endfacet
  facet normal 0.0549778 0.0353429 -0.997862
    outer loop
      vertex 88.125 65.9115 69.275
      vertex 89.8919 62.5362 69.2528
      vertex 87.8399 65.7282 69.2528
    endloop
  endfacet
  facet normal 0.55498 0.356773 -0.751472
    outer loop
      vertex 88.6327 61.7267 68.5135
      vertex 86.7955 65.0568 68.7377
      vertex 88.8475 61.8648 68.7377
    endloop
  endfacet
  facet normal 0.55498 0.356773 -0.751472
    outer loop
      vertex 86.7955 65.0568 68.7377
      vertex 88.6327 61.7267 68.5135
      vertex 86.5807 64.9187 68.5135
    endloop
  endfacet
  facet normal -0.699767 -0.44985 0.554942
    outer loop
      vertex 89.8577 67.0254 65.0922
      vertex 92.0684 63.9354 65.375
      vertex 90.0164 67.1274 65.375
    endloop
  endfacet
  facet normal -0.699767 -0.44985 0.554942
    outer loop
      vertex 92.0684 63.9354 65.375
      vertex 89.8577 67.0254 65.0922
      vertex 91.9097 63.8334 65.0922
    endloop
  endfacet
  facet normal -0.0549778 -0.0353429 0.997862
    outer loop
      vertex 88.4101 66.0948 64.0972
      vertex 90.177 62.7195 64.075
      vertex 90.4621 62.9028 64.0972
    endloop
  endfacet
  facet normal -0.0549778 -0.0353429 0.997862
    outer loop
      vertex 90.177 62.7195 64.075
      vertex 88.4101 66.0948 64.0972
      vertex 88.125 65.9115 64.075
    endloop
  endfacet
  facet normal -0.467911 -0.3008 0.831011
    outer loop
      vertex 89.4545 66.7662 64.6123
      vertex 91.269 63.4215 64.4233
      vertex 91.5065 63.5742 64.6123
    endloop
  endfacet
  facet normal -0.467911 -0.3008 0.831011
    outer loop
      vertex 91.269 63.4215 64.4233
      vertex 89.4545 66.7662 64.6123
      vertex 89.217 66.6135 64.4233
    endloop
  endfacet
  facet normal 0.16445 0.105718 -0.980704
    outer loop
      vertex 89.6117 62.3561 69.1864
      vertex 87.8399 65.7282 69.2528
      vertex 89.8919 62.5362 69.2528
    endloop
  endfacet
  facet normal 0.16445 0.105718 -0.980704
    outer loop
      vertex 87.8399 65.7282 69.2528
      vertex 89.6117 62.3561 69.1864
      vertex 87.5597 65.5481 69.1864
    endloop
  endfacet
  facet normal -0.0549778 -0.0353429 -0.997862
    outer loop
      vertex 90.177 62.7195 69.275
      vertex 88.4101 66.0948 69.2528
      vertex 90.4621 62.9028 69.2528
    endloop
  endfacet
  facet normal -0.0549778 -0.0353429 -0.997862
    outer loop
      vertex 88.4101 66.0948 69.2528
      vertex 90.177 62.7195 69.275
      vertex 88.125 65.9115 69.275
    endloop
  endfacet
  facet normal 0.467911 0.3008 0.831011
    outer loop
      vertex 87.033 65.2095 64.4233
      vertex 88.8475 61.8648 64.6123
      vertex 89.085 62.0175 64.4233
    endloop
  endfacet
  facet normal 0.467911 0.3008 0.831011
    outer loop
      vertex 88.8475 61.8648 64.6123
      vertex 87.033 65.2095 64.4233
      vertex 86.7955 65.0568 64.6123
    endloop
  endfacet
  facet normal -0.55498 -0.356773 -0.751472
    outer loop
      vertex 91.5065 63.5742 68.7377
      vertex 89.6693 66.9043 68.5135
      vertex 91.7213 63.7123 68.5135
    endloop
  endfacet
  facet normal -0.55498 -0.356773 -0.751472
    outer loop
      vertex 89.6693 66.9043 68.5135
      vertex 91.5065 63.5742 68.7377
      vertex 89.4545 66.7662 68.7377
    endloop
  endfacet
  facet normal -0.825074 -0.530405 -0.194738
    outer loop
      vertex 92.3423 64.1115 67.0144
      vertex 90.2346 67.2677 67.3479
      vertex 90.2903 67.3035 67.0144
    endloop
  endfacet
  facet normal -0.825074 -0.530405 -0.194738
    outer loop
      vertex 90.2346 67.2677 67.3479
      vertex 92.3423 64.1115 67.0144
      vertex 92.2866 64.0757 67.3479
    endloop
  endfacet
  facet normal 0.0549778 0.0353429 0.997862
    outer loop
      vertex 88.125 65.9115 64.075
      vertex 89.8919 62.5362 64.0972
      vertex 90.177 62.7195 64.075
    endloop
  endfacet
  facet normal 0.0549778 0.0353429 0.997862
    outer loop
      vertex 89.8919 62.5362 64.0972
      vertex 88.125 65.9115 64.075
      vertex 87.8399 65.7282 64.0972
    endloop
  endfacet
  facet normal -0.699767 -0.44985 -0.554942
    outer loop
      vertex 92.0684 63.9354 67.975
      vertex 89.8577 67.0254 68.2578
      vertex 90.0164 67.1274 67.975
    endloop
  endfacet
  facet normal -0.699767 -0.44985 -0.554942
    outer loop
      vertex 89.8577 67.0254 68.2578
      vertex 92.0684 63.9354 67.975
      vertex 91.9097 63.8334 68.2578
    endloop
  endfacet
  facet normal 0.270698 0.17402 0.946805
    outer loop
      vertex 87.5597 65.5481 64.1636
      vertex 89.3412 62.1822 64.2729
      vertex 89.6117 62.3561 64.1636
    endloop
  endfacet
  facet normal 0.270698 0.17402 0.946805
    outer loop
      vertex 89.3412 62.1822 64.2729
      vertex 87.5597 65.5481 64.1636
      vertex 87.2892 65.3742 64.2729
    endloop
  endfacet
  facet normal 0.699767 0.44985 0.554942
    outer loop
      vertex 86.2336 64.6956 65.375
      vertex 88.4443 61.6056 65.0922
      vertex 86.3923 64.7976 65.0922
    endloop
  endfacet
  facet normal 0.699767 0.44985 0.554942
    outer loop
      vertex 88.4443 61.6056 65.0922
      vertex 86.2336 64.6956 65.375
      vertex 88.2856 61.5036 65.375
    endloop
  endfacet
  facet normal 0.825074 0.530405 0.194738
    outer loop
      vertex 85.9597 64.5195 66.3356
      vertex 88.0674 61.3633 66.0021
      vertex 86.0154 64.5553 66.0021
    endloop
  endfacet
  facet normal 0.825074 0.530405 0.194738
    outer loop
      vertex 88.0674 61.3633 66.0021
      vertex 85.9597 64.5195 66.3356
      vertex 88.0117 61.3275 66.3356
    endloop
  endfacet
  facet normal 0.699767 0.44985 -0.554942
    outer loop
      vertex 88.4443 61.6056 68.2578
      vertex 86.2336 64.6956 67.975
      vertex 86.3923 64.7976 68.2578
    endloop
  endfacet
  facet normal 0.699767 0.44985 -0.554942
    outer loop
      vertex 86.2336 64.6956 67.975
      vertex 88.4443 61.6056 68.2578
      vertex 88.2856 61.5036 67.975
    endloop
  endfacet
  facet normal -0.55498 -0.356773 0.751472
    outer loop
      vertex 89.6693 66.9043 64.8365
      vertex 91.5065 63.5742 64.6123
      vertex 91.7213 63.7123 64.8365
    endloop
  endfacet
  facet normal -0.55498 -0.356773 0.751472
    outer loop
      vertex 91.5065 63.5742 64.6123
      vertex 89.6693 66.9043 64.8365
      vertex 89.4545 66.7662 64.6123
    endloop
  endfacet
  facet normal 0.632774 0.406783 0.658882
    outer loop
      vertex 86.5807 64.9187 64.8365
      vertex 88.4443 61.6056 65.0922
      vertex 88.6327 61.7267 64.8365
    endloop
  endfacet
  facet normal 0.632774 0.406783 0.658882
    outer loop
      vertex 88.4443 61.6056 65.0922
      vertex 86.5807 64.9187 64.8365
      vertex 86.3923 64.7976 65.0922
    endloop
  endfacet
  facet normal -0.270698 -0.17402 0.946805
    outer loop
      vertex 88.9608 66.4488 64.2729
      vertex 90.7423 63.0829 64.1636
      vertex 91.0128 63.2568 64.2729
    endloop
  endfacet
  facet normal -0.270698 -0.17402 0.946805
    outer loop
      vertex 90.7423 63.0829 64.1636
      vertex 88.9608 66.4488 64.2729
      vertex 88.6903 66.2749 64.1636
    endloop
  endfacet
  facet normal -0.467911 -0.3008 -0.831011
    outer loop
      vertex 91.269 63.4215 68.9267
      vertex 89.4545 66.7662 68.7377
      vertex 91.5065 63.5742 68.7377
    endloop
  endfacet
  facet normal -0.467911 -0.3008 -0.831011
    outer loop
      vertex 89.4545 66.7662 68.7377
      vertex 91.269 63.4215 68.9267
      vertex 89.217 66.6135 68.9267
    endloop
  endfacet
  facet normal 0.839382 0.539603 -0.0653261
    outer loop
      vertex 88.0117 61.3275 67.0144
      vertex 85.941 64.5075 66.675
      vertex 85.9597 64.5195 67.0144
    endloop
  endfacet
  facet normal 0.839382 0.539603 -0.0653261
    outer loop
      vertex 85.941 64.5075 66.675
      vertex 88.0117 61.3275 67.0144
      vertex 87.993 61.3155 66.675
    endloop
  endfacet
  facet normal 0.55498 0.356773 0.751472
    outer loop
      vertex 86.7955 65.0568 64.6123
      vertex 88.6327 61.7267 64.8365
      vertex 88.8475 61.8648 64.6123
    endloop
  endfacet
  facet normal 0.55498 0.356773 0.751472
    outer loop
      vertex 88.6327 61.7267 64.8365
      vertex 86.7955 65.0568 64.6123
      vertex 86.5807 64.9187 64.8365
    endloop
  endfacet
  facet normal 0.467911 0.3008 -0.831011
    outer loop
      vertex 88.8475 61.8648 68.7377
      vertex 87.033 65.2095 68.9267
      vertex 89.085 62.0175 68.9267
    endloop
  endfacet
  facet normal 0.467911 0.3008 -0.831011
    outer loop
      vertex 87.033 65.2095 68.9267
      vertex 88.8475 61.8648 68.7377
      vertex 86.7955 65.0568 68.7377
    endloop
  endfacet
  facet normal 0.372445 0.239429 -0.896637
    outer loop
      vertex 89.085 62.0175 68.9267
      vertex 87.2892 65.3742 69.0771
      vertex 89.3412 62.1822 69.0771
    endloop
  endfacet
  facet normal 0.372445 0.239429 -0.896637
    outer loop
      vertex 87.2892 65.3742 69.0771
      vertex 89.085 62.0175 68.9267
      vertex 87.033 65.2095 68.9267
    endloop
  endfacet
  facet normal 0.270698 0.17402 -0.946805
    outer loop
      vertex 89.3412 62.1822 69.0771
      vertex 87.5597 65.5481 69.1864
      vertex 89.6117 62.3561 69.1864
    endloop
  endfacet
  facet normal 0.270698 0.17402 -0.946805
    outer loop
      vertex 87.5597 65.5481 69.1864
      vertex 89.3412 62.1822 69.0771
      vertex 87.2892 65.3742 69.0771
    endloop
  endfacet
  facet normal -0.754602 -0.485101 -0.441875
    outer loop
      vertex 92.1948 64.0166 67.67
      vertex 90.0164 67.1274 67.975
      vertex 90.1428 67.2086 67.67
    endloop
  endfacet
  facet normal -0.754602 -0.485101 -0.441875
    outer loop
      vertex 90.0164 67.1274 67.975
      vertex 92.1948 64.0166 67.67
      vertex 92.0684 63.9354 67.975
    endloop
  endfacet
  facet normal -0.632774 -0.406783 0.658882
    outer loop
      vertex 89.8577 67.0254 65.0922
      vertex 91.7213 63.7123 64.8365
      vertex 91.9097 63.8334 65.0922
    endloop
  endfacet
  facet normal -0.632774 -0.406783 0.658882
    outer loop
      vertex 91.7213 63.7123 64.8365
      vertex 89.8577 67.0254 65.0922
      vertex 89.6693 66.9043 64.8365
    endloop
  endfacet
  facet normal 0.754602 0.485101 0.441875
    outer loop
      vertex 86.1072 64.6144 65.68
      vertex 88.2856 61.5036 65.375
      vertex 86.2336 64.6956 65.375
    endloop
  endfacet
  facet normal 0.754602 0.485101 0.441875
    outer loop
      vertex 88.2856 61.5036 65.375
      vertex 86.1072 64.6144 65.68
      vertex 88.1592 61.4224 65.68
    endloop
  endfacet
  facet normal 0.632774 0.406783 -0.658882
    outer loop
      vertex 88.4443 61.6056 68.2578
      vertex 86.5807 64.9187 68.5135
      vertex 88.6327 61.7267 68.5135
    endloop
  endfacet
  facet normal 0.632774 0.406783 -0.658882
    outer loop
      vertex 86.5807 64.9187 68.5135
      vertex 88.4443 61.6056 68.2578
      vertex 86.3923 64.7976 68.2578
    endloop
  endfacet
endsolid OpenSCAD_Model
